"group","location","site_id","x_centre_4326","y_centre_4326","xmin_4326","ymin_4326","xmax_4326","ymax_4326","xmin_3577","ymin_3577","xmax_3577","ymax_3577","image_id","image_date","image_count","QC_notes"
"NSW Hovells Creek","Stuarts",1,148.8766972,-34.06679722,148.870584,-34.071833,148.882811,-34.06176,1545067.292,-3820923.362,1546067.292,-3819923.362,"20210113",2021-01-13,2,NA
"NSW Hovells Creek","Stuarts",1,148.8766972,-34.06679722,148.870584,-34.071833,148.882811,-34.06176,1545067.292,-3820923.362,1546067.292,-3819923.362,"20200525",2020-05-25,1,NA
"NSW Hovells Creek","Stuarts",1,148.8766972,-34.06679722,148.870584,-34.071833,148.882811,-34.06176,1545067.292,-3820923.362,1546067.292,-3819923.362,"20180929",2018-09-29,1,NA
"NSW Hovells Creek","Stuarts",1,148.8766972,-34.06679722,148.870584,-34.071833,148.882811,-34.06176,1545067.292,-3820923.362,1546067.292,-3819923.362,"20170814",2017-08-14,1,NA
"NSW Hovells Creek","Stuarts",1,148.8766972,-34.06679722,148.870584,-34.071833,148.882811,-34.06176,1545067.292,-3820923.362,1546067.292,-3819923.362,"20161014",2016-10-14,1,NA
"NSW Hovells Creek","Stuarts",1,148.8766972,-34.06679722,148.870584,-34.071833,148.882811,-34.06176,1545067.292,-3820923.362,1546067.292,-3819923.362,"20131031",2013-10-31,1,NA
"NSW Hovells Creek","Stuarts",1,148.8766972,-34.06679722,148.870584,-34.071833,148.882811,-34.06176,1545067.292,-3820923.362,1546067.292,-3819923.362,"20200524",2020-05-24,1,NA
"NSW Hovells Creek","Stuarts",1,148.8766972,-34.06679722,148.870584,-34.071833,148.882811,-34.06176,1545067.292,-3820923.362,1546067.292,-3819923.362,"20131029",2013-10-29,1,NA
"NSW Hovells Creek","Stuarts",1,148.8766972,-34.06679722,148.870584,-34.071833,148.882811,-34.06176,1545067.292,-3820923.362,1546067.292,-3819923.362,"20130123",2013-01-23,1,NA
"NSW Hovells Creek","Keiths",2,148.9001806,-34.05026111,148.894068,-34.055298,148.906295,-34.045224,1547448.571,-3819380.21,1548448.571,-3818380.21,"20210113",2021-01-13,2,NA
"NSW Hovells Creek","Keiths",2,148.9001806,-34.05026111,148.894068,-34.055298,148.906295,-34.045224,1547448.571,-3819380.21,1548448.571,-3818380.21,"20200525",2020-05-25,1,NA
"NSW Hovells Creek","Keiths",2,148.9001806,-34.05026111,148.894068,-34.055298,148.906295,-34.045224,1547448.571,-3819380.21,1548448.571,-3818380.21,"20180929",2018-09-29,1,NA
"NSW Hovells Creek","Keiths",2,148.9001806,-34.05026111,148.894068,-34.055298,148.906295,-34.045224,1547448.571,-3819380.21,1548448.571,-3818380.21,"20170814",2017-08-14,1,NA
"NSW Hovells Creek","Keiths",2,148.9001806,-34.05026111,148.894068,-34.055298,148.906295,-34.045224,1547448.571,-3819380.21,1548448.571,-3818380.21,"20161014",2016-10-14,1,NA
"NSW Hovells Creek","Keiths",2,148.9001806,-34.05026111,148.894068,-34.055298,148.906295,-34.045224,1547448.571,-3819380.21,1548448.571,-3818380.21,"20131031",2013-10-31,1,NA
"NSW Hovells Creek","Keiths",2,148.9001806,-34.05026111,148.894068,-34.055298,148.906295,-34.045224,1547448.571,-3819380.21,1548448.571,-3818380.21,"20200524",2020-05-24,1,"some cloud"
"NSW Hovells Creek","Keiths",2,148.9001806,-34.05026111,148.894068,-34.055298,148.906295,-34.045224,1547448.571,-3819380.21,1548448.571,-3818380.21,"20131029",2013-10-29,1,NA
"NSW Hovells Creek","Bennett Springs Rd",3,148.8525917,-34.02543056,148.846482,-34.030466,148.858702,-34.020396,1543479.191,-3816060.1,1544479.191,-3815060.1,"20210113",2021-01-13,2,NA
"NSW Hovells Creek","Bennett Springs Rd",3,148.8525917,-34.02543056,148.846482,-34.030466,148.858702,-34.020396,1543479.191,-3816060.1,1544479.191,-3815060.1,"20200525",2020-05-25,1,NA
"NSW Hovells Creek","Bennett Springs Rd",3,148.8525917,-34.02543056,148.846482,-34.030466,148.858702,-34.020396,1543479.191,-3816060.1,1544479.191,-3815060.1,"20180929",2018-09-29,1,NA
"NSW Hovells Creek","Bennett Springs Rd",3,148.8525917,-34.02543056,148.846482,-34.030466,148.858702,-34.020396,1543479.191,-3816060.1,1544479.191,-3815060.1,"20170814",2017-08-14,1,NA
"NSW Hovells Creek","Bennett Springs Rd",3,148.8525917,-34.02543056,148.846482,-34.030466,148.858702,-34.020396,1543479.191,-3816060.1,1544479.191,-3815060.1,"20161014",2016-10-14,1,NA
"NSW Hovells Creek","Bennett Springs Rd",3,148.8525917,-34.02543056,148.846482,-34.030466,148.858702,-34.020396,1543479.191,-3816060.1,1544479.191,-3815060.1,"20151116",2015-11-16,1,NA
"NSW Hovells Creek","Bennett Springs Rd",3,148.8525917,-34.02543056,148.846482,-34.030466,148.858702,-34.020396,1543479.191,-3816060.1,1544479.191,-3815060.1,"20140211",2014-02-11,1,NA
"NSW Hovells Creek","Bennett Springs Rd",3,148.8525917,-34.02543056,148.846482,-34.030466,148.858702,-34.020396,1543479.191,-3816060.1,1544479.191,-3815060.1,"20131031",2013-10-31,1,NA
"NSW Hovells Creek","Bennett Springs Rd",3,148.8525917,-34.02543056,148.846482,-34.030466,148.858702,-34.020396,1543479.191,-3816060.1,1544479.191,-3815060.1,"20200524",2020-05-24,1,"cloud"
"NSW Hovells Creek","Bennett Springs Rd",3,148.8525917,-34.02543056,148.846482,-34.030466,148.858702,-34.020396,1543479.191,-3816060.1,1544479.191,-3815060.1,"20131029",2013-10-29,1,NA
"NSW Hovells Creek","Bennett Springs Rd",3,148.8525917,-34.02543056,148.846482,-34.030466,148.858702,-34.020396,1543479.191,-3816060.1,1544479.191,-3815060.1,"20130123",2013-01-23,1,NA
"NSW Hovells Creek","Back of Lyns land",4,148.866375,-34.07984167,148.860261,-34.084878,148.872489,-34.074806,1543936.062,-3822240.183,1544936.062,-3821240.183,"20210113",2021-01-13,2,NA
"NSW Hovells Creek","Back of Lyns land",4,148.866375,-34.07984167,148.860261,-34.084878,148.872489,-34.074806,1543936.062,-3822240.183,1544936.062,-3821240.183,"20200525",2020-05-25,1,NA
"NSW Hovells Creek","Back of Lyns land",4,148.866375,-34.07984167,148.860261,-34.084878,148.872489,-34.074806,1543936.062,-3822240.183,1544936.062,-3821240.183,"20180929",2018-09-29,1,NA
"NSW Hovells Creek","Back of Lyns land",4,148.866375,-34.07984167,148.860261,-34.084878,148.872489,-34.074806,1543936.062,-3822240.183,1544936.062,-3821240.183,"20170814",2017-08-14,1,NA
"NSW Hovells Creek","Back of Lyns land",4,148.866375,-34.07984167,148.860261,-34.084878,148.872489,-34.074806,1543936.062,-3822240.183,1544936.062,-3821240.183,"20161014",2016-10-14,1,NA
"NSW Hovells Creek","Back of Lyns land",4,148.866375,-34.07984167,148.860261,-34.084878,148.872489,-34.074806,1543936.062,-3822240.183,1544936.062,-3821240.183,"20131031",2013-10-31,1,NA
"NSW Hovells Creek","Back of Lyns land",4,148.866375,-34.07984167,148.860261,-34.084878,148.872489,-34.074806,1543936.062,-3822240.183,1544936.062,-3821240.183,"20200524",2020-05-24,1,"some cloud"
"NSW Hovells Creek","Back of Lyns land",4,148.866375,-34.07984167,148.860261,-34.084878,148.872489,-34.074806,1543936.062,-3822240.183,1544936.062,-3821240.183,"20131029",2013-10-29,1,"cloud"
"NSW Hovells Creek","Back of Lyns land",4,148.866375,-34.07984167,148.860261,-34.084878,148.872489,-34.074806,1543936.062,-3822240.183,1544936.062,-3821240.183,"20130123",2013-01-23,1,NA
"NSW Hovells Creek","South of Chudleigh",5,148.8693222,-34.18635833,148.863202,-34.191396,148.875442,-34.18132,1542641.098,-3834045.821,1543641.098,-3833045.821,"20210113",2021-01-13,2,NA
"NSW Hovells Creek","South of Chudleigh",5,148.8693222,-34.18635833,148.863202,-34.191396,148.875442,-34.18132,1542641.098,-3834045.821,1543641.098,-3833045.821,"20200525",2020-05-25,1,NA
"NSW Hovells Creek","South of Chudleigh",5,148.8693222,-34.18635833,148.863202,-34.191396,148.875442,-34.18132,1542641.098,-3834045.821,1543641.098,-3833045.821,"20180929",2018-09-29,1,NA
"NSW Hovells Creek","South of Chudleigh",5,148.8693222,-34.18635833,148.863202,-34.191396,148.875442,-34.18132,1542641.098,-3834045.821,1543641.098,-3833045.821,"20170814",2017-08-14,1,NA
"NSW Hovells Creek","South of Chudleigh",5,148.8693222,-34.18635833,148.863202,-34.191396,148.875442,-34.18132,1542641.098,-3834045.821,1543641.098,-3833045.821,"20161014",2016-10-14,1,NA
"NSW Hovells Creek","South of Chudleigh",5,148.8693222,-34.18635833,148.863202,-34.191396,148.875442,-34.18132,1542641.098,-3834045.821,1543641.098,-3833045.821,"20131031",2013-10-31,1,NA
"NSW Hovells Creek","South of Chudleigh",5,148.8693222,-34.18635833,148.863202,-34.191396,148.875442,-34.18132,1542641.098,-3834045.821,1543641.098,-3833045.821,"20200524",2020-05-24,1,NA
"NSW Hovells Creek","South of Chudleigh",5,148.8693222,-34.18635833,148.863202,-34.191396,148.875442,-34.18132,1542641.098,-3834045.821,1543641.098,-3833045.821,"20131029",2013-10-29,1,NA
"NSW Hovells Creek","South of Chudleigh",5,148.8693222,-34.18635833,148.863202,-34.191396,148.875442,-34.18132,1542641.098,-3834045.821,1543641.098,-3833045.821,"20130123",2013-01-23,1,NA
"NSW Hovells Creek","South of Chudleigh",5,148.8693222,-34.18635833,148.863202,-34.191396,148.875442,-34.18132,1542641.098,-3834045.821,1543641.098,-3833045.821,"20131010",2013-10-10,1,NA
"NSW Hovells Creek","South of Chudleigh",5,148.8693222,-34.18635833,148.863202,-34.191396,148.875442,-34.18132,1542641.098,-3834045.821,1543641.098,-3833045.821,"20130123",2013-01-23,1,NA
"NSW Boorowa to Yass","S of Boorowa per book",6,148.7243028,-34.50974167,148.71817,-34.514779,148.730437,-34.504705,1524748.208,-3868024.365,1525748.208,-3867024.365,"20230310",2023-03-10,1,NA
"NSW Boorowa to Yass","S of Boorowa per book",6,148.7243028,-34.50974167,148.71817,-34.514779,148.730437,-34.504705,1524748.208,-3868024.365,1525748.208,-3867024.365,"20210113",2021-01-13,1,NA
"NSW Boorowa to Yass","S of Boorowa per book",6,148.7243028,-34.50974167,148.71817,-34.514779,148.730437,-34.504705,1524748.208,-3868024.365,1525748.208,-3867024.365,"20201014",2020-10-14,1,NA
"NSW Boorowa to Yass","S of Boorowa per book",6,148.7243028,-34.50974167,148.71817,-34.514779,148.730437,-34.504705,1524748.208,-3868024.365,1525748.208,-3867024.365,"20181119",2018-11-19,1,NA
"NSW Boorowa to Yass","S of Boorowa per book",6,148.7243028,-34.50974167,148.71817,-34.514779,148.730437,-34.504705,1524748.208,-3868024.365,1525748.208,-3867024.365,"20171113",2017-11-13,1,NA
"NSW Boorowa to Yass","S of Boorowa per book",6,148.7243028,-34.50974167,148.71817,-34.514779,148.730437,-34.504705,1524748.208,-3868024.365,1525748.208,-3867024.365,"20161209",2016-12-09,1,NA
"NSW Boorowa to Yass","S of Boorowa per book",6,148.7243028,-34.50974167,148.71817,-34.514779,148.730437,-34.504705,1524748.208,-3868024.365,1525748.208,-3867024.365,"20131030",2013-10-30,1,NA
"NSW Boorowa to Yass","S of Boorowa per book",6,148.7243028,-34.50974167,148.71817,-34.514779,148.730437,-34.504705,1524748.208,-3868024.365,1525748.208,-3867024.365,"20230309",2023-03-09,1,NA
"NSW Boorowa to Yass","S of Boorowa per book",6,148.7243028,-34.50974167,148.71817,-34.514779,148.730437,-34.504705,1524748.208,-3868024.365,1525748.208,-3867024.365,"20201021",2020-10-21,1,NA
"NSW Boorowa to Yass","S of Boorowa per book",6,148.7243028,-34.50974167,148.71817,-34.514779,148.730437,-34.504705,1524748.208,-3868024.365,1525748.208,-3867024.365,"20200929",2020-09-29,1,NA
"NSW Boorowa to Yass","S of Boorowa per book",6,148.7243028,-34.50974167,148.71817,-34.514779,148.730437,-34.504705,1524748.208,-3868024.365,1525748.208,-3867024.365,"20181118",2018-11-18,1,NA
"NSW Boorowa to Yass","S of Boorowa per book",6,148.7243028,-34.50974167,148.71817,-34.514779,148.730437,-34.504705,1524748.208,-3868024.365,1525748.208,-3867024.365,"20171030",2017-10-30,1,NA
"NSW Boorowa to Yass","S of Boorowa per book",6,148.7243028,-34.50974167,148.71817,-34.514779,148.730437,-34.504705,1524748.208,-3868024.365,1525748.208,-3867024.365,"20161107",2016-11-07,1,NA
"NSW Boorowa to Yass","S of Boorowa per book",6,148.7243028,-34.50974167,148.71817,-34.514779,148.730437,-34.504705,1524748.208,-3868024.365,1525748.208,-3867024.365,"20131010",2013-10-10,1,"very dark"
"NSW Boorowa to Yass","S of Boorowa per book",6,148.7243028,-34.50974167,148.71817,-34.514779,148.730437,-34.504705,1524748.208,-3868024.365,1525748.208,-3867024.365,"20200923",2020-09-23,1,"cloud"
"NSW Boorowa to Yass","S of Boorowa per book",6,148.7243028,-34.50974167,148.71817,-34.514779,148.730437,-34.504705,1524748.208,-3868024.365,1525748.208,-3867024.365,"20181006",2018-10-06,1,NA
"NSW Boorowa to Yass","S of Boorowa per book",6,148.7243028,-34.50974167,148.71817,-34.514779,148.730437,-34.504705,1524748.208,-3868024.365,1525748.208,-3867024.365,"20161103",2016-11-03,1,NA
"NSW Boorowa to Yass","S of Boorowa per book",6,148.7243028,-34.50974167,148.71817,-34.514779,148.730437,-34.504705,1524748.208,-3868024.365,1525748.208,-3867024.365,"20200906",2020-09-06,1,NA
"NSW Boorowa to Yass","S of Boorowa per book",6,148.7243028,-34.50974167,148.71817,-34.514779,148.730437,-34.504705,1524748.208,-3868024.365,1525748.208,-3867024.365,"20161102",2016-11-02,1,NA
"NSW Boorowa to Yass","S of Boorowa per book",6,148.7243028,-34.50974167,148.71817,-34.514779,148.730437,-34.504705,1524748.208,-3868024.365,1525748.208,-3867024.365,"20200320",2020-03-20,1,NA
"NSW Boorowa to Yass","S of Boorowa per book",6,148.7243028,-34.50974167,148.71817,-34.514779,148.730437,-34.504705,1524748.208,-3868024.365,1525748.208,-3867024.365,"20161025",2016-10-25,1,NA
"NSW Boorowa to Yass","S of Boorowa per book",6,148.7243028,-34.50974167,148.71817,-34.514779,148.730437,-34.504705,1524748.208,-3868024.365,1525748.208,-3867024.365,"20161018",2016-10-18,1,NA
"NSW Boorowa to Yass","S of Boorowa per book",6,148.7243028,-34.50974167,148.71817,-34.514779,148.730437,-34.504705,1524748.208,-3868024.365,1525748.208,-3867024.365,"20161014",2016-10-14,1,NA
"NSW Boorowa to Yass","S of Boorowa per book",6,148.7243028,-34.50974167,148.71817,-34.514779,148.730437,-34.504705,1524748.208,-3868024.365,1525748.208,-3867024.365,"20161013",2016-10-13,1,NA
"NSW Boorowa to Yass","S of Boorowa per book",6,148.7243028,-34.50974167,148.71817,-34.514779,148.730437,-34.504705,1524748.208,-3868024.365,1525748.208,-3867024.365,"20161008",2016-10-08,1,NA
"NSW Boorowa to Yass","Near 2 cuttings",7,148.7300361,-34.56030278,148.723899,-34.56534,148.736173,-34.555265,1524532.759,-3873675.714,1525532.759,-3872675.714,"20230310",2023-03-10,1,NA
"NSW Boorowa to Yass","Near 2 cuttings",7,148.7300361,-34.56030278,148.723899,-34.56534,148.736173,-34.555265,1524532.759,-3873675.714,1525532.759,-3872675.714,"20210113",2021-01-13,1,NA
"NSW Boorowa to Yass","Near 2 cuttings",7,148.7300361,-34.56030278,148.723899,-34.56534,148.736173,-34.555265,1524532.759,-3873675.714,1525532.759,-3872675.714,"20200906",2020-09-06,1,NA
"NSW Boorowa to Yass","Near 2 cuttings",7,148.7300361,-34.56030278,148.723899,-34.56534,148.736173,-34.555265,1524532.759,-3873675.714,1525532.759,-3872675.714,"20181119",2018-11-19,1,NA
"NSW Boorowa to Yass","Near 2 cuttings",7,148.7300361,-34.56030278,148.723899,-34.56534,148.736173,-34.555265,1524532.759,-3873675.714,1525532.759,-3872675.714,"20171113",2017-11-13,1,NA
"NSW Boorowa to Yass","Near 2 cuttings",7,148.7300361,-34.56030278,148.723899,-34.56534,148.736173,-34.555265,1524532.759,-3873675.714,1525532.759,-3872675.714,"20161209",2016-12-09,1,"cloud"
"NSW Boorowa to Yass","Near 2 cuttings",7,148.7300361,-34.56030278,148.723899,-34.56534,148.736173,-34.555265,1524532.759,-3873675.714,1525532.759,-3872675.714,"20131030",2013-10-30,1,NA
"NSW Boorowa to Yass","Near 2 cuttings",7,148.7300361,-34.56030278,148.723899,-34.56534,148.736173,-34.555265,1524532.759,-3873675.714,1525532.759,-3872675.714,"20230309",2023-03-09,1,NA
"NSW Boorowa to Yass","Near 2 cuttings",7,148.7300361,-34.56030278,148.723899,-34.56534,148.736173,-34.555265,1524532.759,-3873675.714,1525532.759,-3872675.714,"20200320",2020-03-20,1,NA
"NSW Boorowa to Yass","Near 2 cuttings",7,148.7300361,-34.56030278,148.723899,-34.56534,148.736173,-34.555265,1524532.759,-3873675.714,1525532.759,-3872675.714,"20181118",2018-11-18,1,NA
"NSW Boorowa to Yass","Near 2 cuttings",7,148.7300361,-34.56030278,148.723899,-34.56534,148.736173,-34.555265,1524532.759,-3873675.714,1525532.759,-3872675.714,"20171030",2017-10-30,1,NA
"NSW Boorowa to Yass","Near 2 cuttings",7,148.7300361,-34.56030278,148.723899,-34.56534,148.736173,-34.555265,1524532.759,-3873675.714,1525532.759,-3872675.714,"20161107",2016-11-07,1,NA
"NSW Boorowa to Yass","Near 2 cuttings",7,148.7300361,-34.56030278,148.723899,-34.56534,148.736173,-34.555265,1524532.759,-3873675.714,1525532.759,-3872675.714,"20131010",2013-10-10,1,"very dark"
"NSW Boorowa to Yass","Near 2 cuttings",7,148.7300361,-34.56030278,148.723899,-34.56534,148.736173,-34.555265,1524532.759,-3873675.714,1525532.759,-3872675.714,"20181006",2018-10-06,1,NA
"NSW Boorowa to Yass","Near 2 cuttings",7,148.7300361,-34.56030278,148.723899,-34.56534,148.736173,-34.555265,1524532.759,-3873675.714,1525532.759,-3872675.714,"20161103",2016-11-03,1,NA
"NSW Boorowa to Yass","Near 2 cuttings",7,148.7300361,-34.56030278,148.723899,-34.56534,148.736173,-34.555265,1524532.759,-3873675.714,1525532.759,-3872675.714,"20161102",2016-11-02,1,"cloud"
"NSW Boorowa to Yass","Near 2 cuttings",7,148.7300361,-34.56030278,148.723899,-34.56534,148.736173,-34.555265,1524532.759,-3873675.714,1525532.759,-3872675.714,"20161025",2016-10-25,1,NA
"NSW Boorowa to Yass","Near 2 cuttings",7,148.7300361,-34.56030278,148.723899,-34.56534,148.736173,-34.555265,1524532.759,-3873675.714,1525532.759,-3872675.714,"20161018",2016-10-18,1,"some cloud"
"NSW Boorowa to Yass","Near 2 cuttings",7,148.7300361,-34.56030278,148.723899,-34.56534,148.736173,-34.555265,1524532.759,-3873675.714,1525532.759,-3872675.714,"20161014",2016-10-14,1,NA
"NSW Boorowa to Yass","Near 2 cuttings",7,148.7300361,-34.56030278,148.723899,-34.56534,148.736173,-34.555265,1524532.759,-3873675.714,1525532.759,-3872675.714,"20161013",2016-10-13,1,NA
"NSW Boorowa to Yass","Near 2 cuttings",7,148.7300361,-34.56030278,148.723899,-34.56534,148.736173,-34.555265,1524532.759,-3873675.714,1525532.759,-3872675.714,"20161008",2016-10-08,1,NA
"NSW Boorowa to Yass","E of Bowning",8,148.8405556,-34.72815556,148.834405,-34.733199,148.846707,-34.723113,1532092.535,-3893526.744,1533092.535,-3892526.744,"20230310",2023-03-10,1,NA
"NSW Boorowa to Yass","E of Bowning",8,148.8405556,-34.72815556,148.834405,-34.733199,148.846707,-34.723113,1532092.535,-3893526.744,1533092.535,-3892526.744,"20210401",2021-04-01,1,NA
"NSW Boorowa to Yass","E of Bowning",8,148.8405556,-34.72815556,148.834405,-34.733199,148.846707,-34.723113,1532092.535,-3893526.744,1533092.535,-3892526.744,"20200906",2020-09-06,2,"some cloud"
"NSW Boorowa to Yass","E of Bowning",8,148.8405556,-34.72815556,148.834405,-34.733199,148.846707,-34.723113,1532092.535,-3893526.744,1533092.535,-3892526.744,"20181119",2018-11-19,1,NA
"NSW Boorowa to Yass","E of Bowning",8,148.8405556,-34.72815556,148.834405,-34.733199,148.846707,-34.723113,1532092.535,-3893526.744,1533092.535,-3892526.744,"20171030",2017-10-30,1,NA
"NSW Boorowa to Yass","E of Bowning",8,148.8405556,-34.72815556,148.834405,-34.733199,148.846707,-34.723113,1532092.535,-3893526.744,1533092.535,-3892526.744,"20161008",2016-10-08,1,NA
"NSW Boorowa to Yass","E of Bowning",8,148.8405556,-34.72815556,148.834405,-34.733199,148.846707,-34.723113,1532092.535,-3893526.744,1533092.535,-3892526.744,"20140820",2014-08-20,1,NA
"NSW Boorowa to Yass","E of Bowning",8,148.8405556,-34.72815556,148.834405,-34.733199,148.846707,-34.723113,1532092.535,-3893526.744,1533092.535,-3892526.744,"20131030",2013-10-30,2,NA
"NSW Boorowa to Yass","E of Bowning",8,148.8405556,-34.72815556,148.834405,-34.733199,148.846707,-34.723113,1532092.535,-3893526.744,1533092.535,-3892526.744,"20230309",2023-03-09,1,NA
"NSW Boorowa to Yass","E of Bowning",8,148.8405556,-34.72815556,148.834405,-34.733199,148.846707,-34.723113,1532092.535,-3893526.744,1533092.535,-3892526.744,"20210306",2021-03-06,1,"cloud"
"NSW Boorowa to Yass","E of Bowning",8,148.8405556,-34.72815556,148.834405,-34.733199,148.846707,-34.723113,1532092.535,-3893526.744,1533092.535,-3892526.744,"20200810",2020-08-10,1,"cloud"
"NSW Boorowa to Yass","E of Bowning",8,148.8405556,-34.72815556,148.834405,-34.733199,148.846707,-34.723113,1532092.535,-3893526.744,1533092.535,-3892526.744,"20181118",2018-11-18,1,NA
"NSW Boorowa to Yass","E of Bowning",8,148.8405556,-34.72815556,148.834405,-34.733199,148.846707,-34.723113,1532092.535,-3893526.744,1533092.535,-3892526.744,"20161008",2016-10-08,1,NA
"NSW Boorowa to Yass","E of Bowning",8,148.8405556,-34.72815556,148.834405,-34.733199,148.846707,-34.723113,1532092.535,-3893526.744,1533092.535,-3892526.744,"20210208",2021-02-08,1,"some cloud"
"NSW Boorowa to Yass","E of Bowning",8,148.8405556,-34.72815556,148.834405,-34.733199,148.846707,-34.723113,1532092.535,-3893526.744,1533092.535,-3892526.744,"20180929",2018-09-29,1,NA
"NSW Boorowa to Yass","NE of Bowning",9,148.8555222,-34.762075,148.849369,-34.767119,148.861676,-34.757031,1532949.904,-3897449.366,1533949.904,-3896449.366,"20230310",2023-03-10,1,NA
"NSW Boorowa to Yass","NE of Bowning",9,148.8555222,-34.762075,148.849369,-34.767119,148.861676,-34.757031,1532949.904,-3897449.366,1533949.904,-3896449.366,"20210401",2021-04-01,1,NA
"NSW Boorowa to Yass","NE of Bowning",9,148.8555222,-34.762075,148.849369,-34.767119,148.861676,-34.757031,1532949.904,-3897449.366,1533949.904,-3896449.366,"20200906",2020-09-06,2,"some cloud"
"NSW Boorowa to Yass","NE of Bowning",9,148.8555222,-34.762075,148.849369,-34.767119,148.861676,-34.757031,1532949.904,-3897449.366,1533949.904,-3896449.366,"20181119",2018-11-19,1,NA
"NSW Boorowa to Yass","NE of Bowning",9,148.8555222,-34.762075,148.849369,-34.767119,148.861676,-34.757031,1532949.904,-3897449.366,1533949.904,-3896449.366,"20171030",2017-10-30,1,NA
"NSW Boorowa to Yass","NE of Bowning",9,148.8555222,-34.762075,148.849369,-34.767119,148.861676,-34.757031,1532949.904,-3897449.366,1533949.904,-3896449.366,"20161008",2016-10-08,2,NA
"NSW Boorowa to Yass","NE of Bowning",9,148.8555222,-34.762075,148.849369,-34.767119,148.861676,-34.757031,1532949.904,-3897449.366,1533949.904,-3896449.366,"20140820",2014-08-20,1,NA
"NSW Boorowa to Yass","NE of Bowning",9,148.8555222,-34.762075,148.849369,-34.767119,148.861676,-34.757031,1532949.904,-3897449.366,1533949.904,-3896449.366,"20131030",2013-10-30,1,NA
"NSW Boorowa to Yass","NE of Bowning",9,148.8555222,-34.762075,148.849369,-34.767119,148.861676,-34.757031,1532949.904,-3897449.366,1533949.904,-3896449.366,"20230309",2023-03-09,1,NA
"NSW Boorowa to Yass","NE of Bowning",9,148.8555222,-34.762075,148.849369,-34.767119,148.861676,-34.757031,1532949.904,-3897449.366,1533949.904,-3896449.366,"20210306",2021-03-06,1,"some cloud"
"NSW Boorowa to Yass","NE of Bowning",9,148.8555222,-34.762075,148.849369,-34.767119,148.861676,-34.757031,1532949.904,-3897449.366,1533949.904,-3896449.366,"20200810",2020-08-10,1,"some cloud"
"NSW Boorowa to Yass","NE of Bowning",9,148.8555222,-34.762075,148.849369,-34.767119,148.861676,-34.757031,1532949.904,-3897449.366,1533949.904,-3896449.366,"20181118",2018-11-18,1,NA
"NSW Boorowa to Yass","NE of Bowning",9,148.8555222,-34.762075,148.849369,-34.767119,148.861676,-34.757031,1532949.904,-3897449.366,1533949.904,-3896449.366,"20210208",2021-02-08,1,"some cloud"
"NSW Boorowa to Yass","NE of Bowning",9,148.8555222,-34.762075,148.849369,-34.767119,148.861676,-34.757031,1532949.904,-3897449.366,1533949.904,-3896449.366,"20180929",2018-09-29,1,NA
"NSW Boorowa to Yass","Boorowa Rd joins Hume",10,148.8532972,-34.78713889,148.847143,-34.792183,148.859452,-34.782095,1532381.686,-3900188.321,1533381.686,-3899188.321,"20230310",2023-03-10,1,NA
"NSW Boorowa to Yass","Boorowa Rd joins Hume",10,148.8532972,-34.78713889,148.847143,-34.792183,148.859452,-34.782095,1532381.686,-3900188.321,1533381.686,-3899188.321,"20210401",2021-04-01,1,NA
"NSW Boorowa to Yass","Boorowa Rd joins Hume",10,148.8532972,-34.78713889,148.847143,-34.792183,148.859452,-34.782095,1532381.686,-3900188.321,1533381.686,-3899188.321,"20201218",2020-12-18,1,"cloud"
"NSW Boorowa to Yass","Boorowa Rd joins Hume",10,148.8532972,-34.78713889,148.847143,-34.792183,148.859452,-34.782095,1532381.686,-3900188.321,1533381.686,-3899188.321,"20190129",2019-01-29,1,NA
"NSW Boorowa to Yass","Boorowa Rd joins Hume",10,148.8532972,-34.78713889,148.847143,-34.792183,148.859452,-34.782095,1532381.686,-3900188.321,1533381.686,-3899188.321,"20181201",2018-12-01,1,NA
"NSW Boorowa to Yass","Boorowa Rd joins Hume",10,148.8532972,-34.78713889,148.847143,-34.792183,148.859452,-34.782095,1532381.686,-3900188.321,1533381.686,-3899188.321,"20171030",2017-10-30,1,NA
"NSW Boorowa to Yass","Boorowa Rd joins Hume",10,148.8532972,-34.78713889,148.847143,-34.792183,148.859452,-34.782095,1532381.686,-3900188.321,1533381.686,-3899188.321,"20161008",2016-10-08,2,NA
"NSW Boorowa to Yass","Boorowa Rd joins Hume",10,148.8532972,-34.78713889,148.847143,-34.792183,148.859452,-34.782095,1532381.686,-3900188.321,1533381.686,-3899188.321,"20140820",2014-08-20,2,NA
"NSW Boorowa to Yass","Boorowa Rd joins Hume",10,148.8532972,-34.78713889,148.847143,-34.792183,148.859452,-34.782095,1532381.686,-3900188.321,1533381.686,-3899188.321,"20131030",2013-10-30,1,NA
"NSW Boorowa to Yass","Boorowa Rd joins Hume",10,148.8532972,-34.78713889,148.847143,-34.792183,148.859452,-34.782095,1532381.686,-3900188.321,1533381.686,-3899188.321,"20230309",2023-03-09,1,NA
"NSW Boorowa to Yass","Boorowa Rd joins Hume",10,148.8532972,-34.78713889,148.847143,-34.792183,148.859452,-34.782095,1532381.686,-3900188.321,1533381.686,-3899188.321,"20210306",2021-03-06,1,NA
"NSW Boorowa to Yass","Boorowa Rd joins Hume",10,148.8532972,-34.78713889,148.847143,-34.792183,148.859452,-34.782095,1532381.686,-3900188.321,1533381.686,-3899188.321,"20200906",2020-09-06,2,NA
"NSW Boorowa to Yass","Boorowa Rd joins Hume",10,148.8532972,-34.78713889,148.847143,-34.792183,148.859452,-34.782095,1532381.686,-3900188.321,1533381.686,-3899188.321,"20181119",2018-11-19,1,NA
"NSW Boorowa to Yass","Boorowa Rd joins Hume",10,148.8532972,-34.78713889,148.847143,-34.792183,148.859452,-34.782095,1532381.686,-3900188.321,1533381.686,-3899188.321,"20210208",2021-02-08,1,"some cloud"
"NSW Boorowa to Yass","Boorowa Rd joins Hume",10,148.8532972,-34.78713889,148.847143,-34.792183,148.859452,-34.782095,1532381.686,-3900188.321,1533381.686,-3899188.321,"20200810",2020-08-10,1,"some cloud"
"NSW Boorowa to Yass","Boorowa Rd joins Hume",10,148.8532972,-34.78713889,148.847143,-34.792183,148.859452,-34.782095,1532381.686,-3900188.321,1533381.686,-3899188.321,"20181118",2018-11-18,1,NA
"NSW Boorowa to Yass","Boorowa Rd joins Hume",10,148.8532972,-34.78713889,148.847143,-34.792183,148.859452,-34.782095,1532381.686,-3900188.321,1533381.686,-3899188.321,"20180929",2018-09-29,1,NA
"NSW Yass to ACT Border","N of Murrumbateman",11,148.99285,-34.93071389,148.986682,-34.935764,148.999019,-34.925664,1542881.005,-3917706.805,1543881.005,-3916706.805,"20251224",2025-12-24,1,NA
"NSW Yass to ACT Border","N of Murrumbateman",11,148.99285,-34.93071389,148.986682,-34.935764,148.999019,-34.925664,1542881.005,-3917706.805,1543881.005,-3916706.805,"20240906",2024-09-06,1,NA
"NSW Yass to ACT Border","N of Murrumbateman",11,148.99285,-34.93071389,148.986682,-34.935764,148.999019,-34.925664,1542881.005,-3917706.805,1543881.005,-3916706.805,"20231024",2023-10-24,1,NA
"NSW Yass to ACT Border","N of Murrumbateman",11,148.99285,-34.93071389,148.986682,-34.935764,148.999019,-34.925664,1542881.005,-3917706.805,1543881.005,-3916706.805,"20220521",2022-05-21,1,NA
"NSW Yass to ACT Border","N of Murrumbateman",11,148.99285,-34.93071389,148.986682,-34.935764,148.999019,-34.925664,1542881.005,-3917706.805,1543881.005,-3916706.805,"20210413",2021-04-13,1,NA
"NSW Yass to ACT Border","N of Murrumbateman",11,148.99285,-34.93071389,148.986682,-34.935764,148.999019,-34.925664,1542881.005,-3917706.805,1543881.005,-3916706.805,"20200830",2020-08-30,1,NA
"NSW Yass to ACT Border","N of Murrumbateman",11,148.99285,-34.93071389,148.986682,-34.935764,148.999019,-34.925664,1542881.005,-3917706.805,1543881.005,-3916706.805,"20181227",2018-12-27,1,NA
"NSW Yass to ACT Border","N of Murrumbateman",11,148.99285,-34.93071389,148.986682,-34.935764,148.999019,-34.925664,1542881.005,-3917706.805,1543881.005,-3916706.805,"20171030",2017-10-30,1,NA
"NSW Yass to ACT Border","N of Murrumbateman",11,148.99285,-34.93071389,148.986682,-34.935764,148.999019,-34.925664,1542881.005,-3917706.805,1543881.005,-3916706.805,"20161014",2016-10-14,1,NA
"NSW Yass to ACT Border","N of Murrumbateman",11,148.99285,-34.93071389,148.986682,-34.935764,148.999019,-34.925664,1542881.005,-3917706.805,1543881.005,-3916706.805,"20151020",2015-10-20,1,NA
"NSW Yass to ACT Border","N of Murrumbateman",11,148.99285,-34.93071389,148.986682,-34.935764,148.999019,-34.925664,1542881.005,-3917706.805,1543881.005,-3916706.805,"20141225",2014-12-25,1,"cloud"
"NSW Yass to ACT Border","N of Murrumbateman",11,148.99285,-34.93071389,148.986682,-34.935764,148.999019,-34.925664,1542881.005,-3917706.805,1543881.005,-3916706.805,"20131030",2013-10-30,2,NA
"NSW Yass to ACT Border","N of Murrumbateman",11,148.99285,-34.93071389,148.986682,-34.935764,148.999019,-34.925664,1542881.005,-3917706.805,1543881.005,-3916706.805,"20251123",2025-11-23,1,"cloud"
"NSW Yass to ACT Border","N of Murrumbateman",11,148.99285,-34.93071389,148.986682,-34.935764,148.999019,-34.925664,1542881.005,-3917706.805,1543881.005,-3916706.805,"20231028",2023-10-28,1,"cloud"
"NSW Yass to ACT Border","N of Murrumbateman",11,148.99285,-34.93071389,148.986682,-34.935764,148.999019,-34.925664,1542881.005,-3917706.805,1543881.005,-3916706.805,"20220509",2022-05-09,1,"cloud"
"NSW Yass to ACT Border","N of Murrumbateman",11,148.99285,-34.93071389,148.986682,-34.935764,148.999019,-34.925664,1542881.005,-3917706.805,1543881.005,-3916706.805,"20210407",2021-04-07,1,"cloud"
"NSW Yass to ACT Border","N of Murrumbateman",11,148.99285,-34.93071389,148.986682,-34.935764,148.999019,-34.925664,1542881.005,-3917706.805,1543881.005,-3916706.805,"20200417",2020-04-17,1,"cloud"
"NSW Yass to ACT Border","N of Murrumbateman",11,148.99285,-34.93071389,148.986682,-34.935764,148.999019,-34.925664,1542881.005,-3917706.805,1543881.005,-3916706.805,"20181201",2018-12-01,1,NA
"NSW Yass to ACT Border","N of Murrumbateman",11,148.99285,-34.93071389,148.986682,-34.935764,148.999019,-34.925664,1542881.005,-3917706.805,1543881.005,-3916706.805,"20161013",2016-10-13,1,"cloud"
"NSW Yass to ACT Border","N of Murrumbateman",11,148.99285,-34.93071389,148.986682,-34.935764,148.999019,-34.925664,1542881.005,-3917706.805,1543881.005,-3916706.805,"20150107",2015-01-07,1,NA
"NSW Yass to ACT Border","N of Murrumbateman",11,148.99285,-34.93071389,148.986682,-34.935764,148.999019,-34.925664,1542881.005,-3917706.805,1543881.005,-3916706.805,"20140820",2014-08-20,1,NA
"NSW Yass to ACT Border","N of Murrumbateman",11,148.99285,-34.93071389,148.986682,-34.935764,148.999019,-34.925664,1542881.005,-3917706.805,1543881.005,-3916706.805,"20130123",2013-01-23,1,NA
"NSW Yass to ACT Border","N of Murrumbateman",11,148.99285,-34.93071389,148.986682,-34.935764,148.999019,-34.925664,1542881.005,-3917706.805,1543881.005,-3916706.805,"20231017",2023-10-17,1,NA
"NSW Yass to ACT Border","N of Murrumbateman",11,148.99285,-34.93071389,148.986682,-34.935764,148.999019,-34.925664,1542881.005,-3917706.805,1543881.005,-3916706.805,"20220414",2022-04-14,1,"some cloud"
"NSW Yass to ACT Border","N of Murrumbateman",11,148.99285,-34.93071389,148.986682,-34.935764,148.999019,-34.925664,1542881.005,-3917706.805,1543881.005,-3916706.805,"20210222",2021-02-22,1,"cloud"
"NSW Yass to ACT Border","N of Murrumbateman",11,148.99285,-34.93071389,148.986682,-34.935764,148.999019,-34.925664,1542881.005,-3917706.805,1543881.005,-3916706.805,"20181119",2018-11-19,1,NA
"NSW Yass to ACT Border","N of Murrumbateman",11,148.99285,-34.93071389,148.986682,-34.935764,148.999019,-34.925664,1542881.005,-3917706.805,1543881.005,-3916706.805,"20161008",2016-10-08,1,NA
"NSW Yass to ACT Border","N of Murrumbateman",11,148.99285,-34.93071389,148.986682,-34.935764,148.999019,-34.925664,1542881.005,-3917706.805,1543881.005,-3916706.805,"20220413",2022-04-13,1,"cloud"
"NSW Yass to ACT Border","N of Murrumbateman",11,148.99285,-34.93071389,148.986682,-34.935764,148.999019,-34.925664,1542881.005,-3917706.805,1543881.005,-3916706.805,"20181118",2018-11-18,1,NA
"NSW Yass to ACT Border","N of Murrumbateman",11,148.99285,-34.93071389,148.986682,-34.935764,148.999019,-34.925664,1542881.005,-3917706.805,1543881.005,-3916706.805,"20220412",2022-04-12,1,"cloud"
"NSW Yass to ACT Border","N of Murrumbateman",11,148.99285,-34.93071389,148.986682,-34.935764,148.999019,-34.925664,1542881.005,-3917706.805,1543881.005,-3916706.805,"20180920",2018-09-20,1,NA
"NSW Yass to ACT Border","N of Murrumbateman",11,148.99285,-34.93071389,148.986682,-34.935764,148.999019,-34.925664,1542881.005,-3917706.805,1543881.005,-3916706.805,"20220401",2022-04-01,1,"cloud"
"NSW Yass to ACT Border","N of Murrumbateman",11,148.99285,-34.93071389,148.986682,-34.935764,148.999019,-34.925664,1542881.005,-3917706.805,1543881.005,-3916706.805,"20180909",2018-09-09,1,NA
"NSW Yass to ACT Border","N of Murrumbateman",11,148.99285,-34.93071389,148.986682,-34.935764,148.999019,-34.925664,1542881.005,-3917706.805,1543881.005,-3916706.805,"20220330",2022-03-30,1,"cloud"
"NSW Yass to ACT Border","N of Murrumbateman",11,148.99285,-34.93071389,148.986682,-34.935764,148.999019,-34.925664,1542881.005,-3917706.805,1543881.005,-3916706.805,"20220318",2022-03-18,1,NA
"NSW Yass to ACT Border","N of Murrumbateman",11,148.99285,-34.93071389,148.986682,-34.935764,148.999019,-34.925664,1542881.005,-3917706.805,1543881.005,-3916706.805,"20220317",2022-03-17,1,"cloud"
"NSW Yass to ACT Border","N of Murrumbateman",11,148.99285,-34.93071389,148.986682,-34.935764,148.999019,-34.925664,1542881.005,-3917706.805,1543881.005,-3916706.805,"20220313",2022-03-13,1,"cloud"
"NSW Yass to ACT Border","N of Murrumbateman",11,148.99285,-34.93071389,148.986682,-34.935764,148.999019,-34.925664,1542881.005,-3917706.805,1543881.005,-3916706.805,"20220312",2022-03-12,1,NA
"NSW Yass to ACT Border","N of Murrumbateman",11,148.99285,-34.93071389,148.986682,-34.935764,148.999019,-34.925664,1542881.005,-3917706.805,1543881.005,-3916706.805,"20220228",2022-02-28,1,"cloud"
"NSW Yass to ACT Border","N of Murrumbateman",11,148.99285,-34.93071389,148.986682,-34.935764,148.999019,-34.925664,1542881.005,-3917706.805,1543881.005,-3916706.805,"20220221",2022-02-21,1,"cloud"
"NSW Yass to ACT Border","N of Murrumbateman",11,148.99285,-34.93071389,148.986682,-34.935764,148.999019,-34.925664,1542881.005,-3917706.805,1543881.005,-3916706.805,"20220220",2022-02-20,1,NA
"NSW Yass to ACT Border","N of Murrumbateman",11,148.99285,-34.93071389,148.986682,-34.935764,148.999019,-34.925664,1542881.005,-3917706.805,1543881.005,-3916706.805,"20220213",2022-02-13,1,"cloud"
"NSW Yass to ACT Border","N of Murrumbateman",11,148.99285,-34.93071389,148.986682,-34.935764,148.999019,-34.925664,1542881.005,-3917706.805,1543881.005,-3916706.805,"20220208",2022-02-08,1,NA
"NSW Yass to ACT Border","N of Murrumbateman",11,148.99285,-34.93071389,148.986682,-34.935764,148.999019,-34.925664,1542881.005,-3917706.805,1543881.005,-3916706.805,"20220202",2022-02-02,1,"cloud"
"NSW Yass to ACT Border","N of Murrumbateman",11,148.99285,-34.93071389,148.986682,-34.935764,148.999019,-34.925664,1542881.005,-3917706.805,1543881.005,-3916706.805,"20220126",2022-01-26,1,"cloud"
"NSW Yass to ACT Border","S of Murrumbateman",12,149.0016833,-35.01530833,148.99551,-35.020359,149.007857,-35.010257,1542429.703,-3927142.111,1543429.703,-3926142.111,"20251224",2025-12-24,1,NA
"NSW Yass to ACT Border","S of Murrumbateman",12,149.0016833,-35.01530833,148.99551,-35.020359,149.007857,-35.010257,1542429.703,-3927142.111,1543429.703,-3926142.111,"20240906",2024-09-06,1,NA
"NSW Yass to ACT Border","S of Murrumbateman",12,149.0016833,-35.01530833,148.99551,-35.020359,149.007857,-35.010257,1542429.703,-3927142.111,1543429.703,-3926142.111,"20220521",2022-05-21,1,NA
"NSW Yass to ACT Border","S of Murrumbateman",12,149.0016833,-35.01530833,148.99551,-35.020359,149.007857,-35.010257,1542429.703,-3927142.111,1543429.703,-3926142.111,"20210413",2021-04-13,1,NA
"NSW Yass to ACT Border","S of Murrumbateman",12,149.0016833,-35.01530833,148.99551,-35.020359,149.007857,-35.010257,1542429.703,-3927142.111,1543429.703,-3926142.111,"20180920",2018-09-20,1,NA
"NSW Yass to ACT Border","S of Murrumbateman",12,149.0016833,-35.01530833,148.99551,-35.020359,149.007857,-35.010257,1542429.703,-3927142.111,1543429.703,-3926142.111,"20151020",2015-10-20,1,NA
"NSW Yass to ACT Border","S of Murrumbateman",12,149.0016833,-35.01530833,148.99551,-35.020359,149.007857,-35.010257,1542429.703,-3927142.111,1543429.703,-3926142.111,"20141225",2014-12-25,1,"cloud"
"NSW Yass to ACT Border","S of Murrumbateman",12,149.0016833,-35.01530833,148.99551,-35.020359,149.007857,-35.010257,1542429.703,-3927142.111,1543429.703,-3926142.111,"20130123",2013-01-23,1,"some cloud"
"NSW Yass to ACT Border","S of Murrumbateman",12,149.0016833,-35.01530833,148.99551,-35.020359,149.007857,-35.010257,1542429.703,-3927142.111,1543429.703,-3926142.111,"20251130",2025-11-30,1,NA
"NSW Yass to ACT Border","S of Murrumbateman",12,149.0016833,-35.01530833,148.99551,-35.020359,149.007857,-35.010257,1542429.703,-3927142.111,1543429.703,-3926142.111,"20220509",2022-05-09,1,NA
"NSW Yass to ACT Border","S of Murrumbateman",12,149.0016833,-35.01530833,148.99551,-35.020359,149.007857,-35.010257,1542429.703,-3927142.111,1543429.703,-3926142.111,"20210407",2021-04-07,1,"cloud"
"NSW Yass to ACT Border","S of Murrumbateman",12,149.0016833,-35.01530833,148.99551,-35.020359,149.007857,-35.010257,1542429.703,-3927142.111,1543429.703,-3926142.111,"20150107",2015-01-07,1,NA
"NSW Yass to ACT Border","S of Murrumbateman",12,149.0016833,-35.01530833,148.99551,-35.020359,149.007857,-35.010257,1542429.703,-3927142.111,1543429.703,-3926142.111,"20140820",2014-08-20,1,NA
"NSW Yass to ACT Border","S of Murrumbateman",12,149.0016833,-35.01530833,148.99551,-35.020359,149.007857,-35.010257,1542429.703,-3927142.111,1543429.703,-3926142.111,"20220401",2022-04-01,1,"cloud"
"NSW Yass to ACT Border","S of Murrumbateman",12,149.0016833,-35.01530833,148.99551,-35.020359,149.007857,-35.010257,1542429.703,-3927142.111,1543429.703,-3926142.111,"20220318",2022-03-18,1,"cloud"
"NSW Yass to ACT Border","S of Murrumbateman",12,149.0016833,-35.01530833,148.99551,-35.020359,149.007857,-35.010257,1542429.703,-3927142.111,1543429.703,-3926142.111,"20220221",2022-02-21,1,"cloud"
"NSW Yass to ACT Border","S of Murrumbateman",12,149.0016833,-35.01530833,148.99551,-35.020359,149.007857,-35.010257,1542429.703,-3927142.111,1543429.703,-3926142.111,"20220220",2022-02-20,1,"some cloud"
"NSW Yass to ACT Border","S of Murrumbateman",12,149.0016833,-35.01530833,148.99551,-35.020359,149.007857,-35.010257,1542429.703,-3927142.111,1543429.703,-3926142.111,"20220213",2022-02-13,1,"cloud"
"NSW Yass to ACT Border","S of Murrumbateman",12,149.0016833,-35.01530833,148.99551,-35.020359,149.007857,-35.010257,1542429.703,-3927142.111,1543429.703,-3926142.111,"20220202",2022-02-02,1,"some cloud"
"NSW Yass to ACT Border","S of Murrumbateman",12,149.0016833,-35.01530833,148.99551,-35.020359,149.007857,-35.010257,1542429.703,-3927142.111,1543429.703,-3926142.111,"20220126",2022-01-26,1,"cloud"
"NSW Yass to ACT Border","E of Jeir Park",13,149.0206917,-34.03586111,149.014575,-34.040902,149.026809,-34.03082,1558634.724,-3819254.305,1559634.724,-3818254.305,"20210203",2021-02-03,1,NA
"NSW Yass to ACT Border","E of Jeir Park",13,149.0206917,-34.03586111,149.014575,-34.040902,149.026809,-34.03082,1558634.724,-3819254.305,1559634.724,-3818254.305,"20201226",2020-12-26,1,"some cloud"
"NSW Yass to ACT Border","E of Jeir Park",13,149.0206917,-34.03586111,149.014575,-34.040902,149.026809,-34.03082,1558634.724,-3819254.305,1559634.724,-3818254.305,"20180913",2018-09-13,1,NA
"NSW Yass to ACT Border","E of Jeir Park",13,149.0206917,-34.03586111,149.014575,-34.040902,149.026809,-34.03082,1558634.724,-3819254.305,1559634.724,-3818254.305,"20171121",2017-11-21,1,NA
"NSW Yass to ACT Border","E of Jeir Park",13,149.0206917,-34.03586111,149.014575,-34.040902,149.026809,-34.03082,1558634.724,-3819254.305,1559634.724,-3818254.305,"20161014",2016-10-14,1,NA
"NSW Yass to ACT Border","E of Jeir Park",13,149.0206917,-34.03586111,149.014575,-34.040902,149.026809,-34.03082,1558634.724,-3819254.305,1559634.724,-3818254.305,"20151110",2015-11-10,1,NA
"NSW Yass to ACT Border","E of Jeir Park",13,149.0206917,-34.03586111,149.014575,-34.040902,149.026809,-34.03082,1558634.724,-3819254.305,1559634.724,-3818254.305,"20131031",2013-10-31,2,NA
"NSW Yass to ACT Border","E of Jeir Park",13,149.0206917,-34.03586111,149.014575,-34.040902,149.026809,-34.03082,1558634.724,-3819254.305,1559634.724,-3818254.305,"20210107",2021-01-07,1,"cloud"
"NSW Yass to ACT Border","E of Jeir Park",13,149.0206917,-34.03586111,149.014575,-34.040902,149.026809,-34.03082,1558634.724,-3819254.305,1559634.724,-3818254.305,"20201225",2020-12-25,1,"some cloud"
"NSW Yass to ACT Border","E of Jeir Park",13,149.0206917,-34.03586111,149.014575,-34.040902,149.026809,-34.03082,1558634.724,-3819254.305,1559634.724,-3818254.305,"20180903",2018-09-03,1,"cloud"
"NSW Yass to ACT Border","E of Jeir Park",13,149.0206917,-34.03586111,149.014575,-34.040902,149.026809,-34.03082,1558634.724,-3819254.305,1559634.724,-3818254.305,"20171113",2017-11-13,1,NA
"NSW Yass to ACT Border","E of Jeir Park",13,149.0206917,-34.03586111,149.014575,-34.040902,149.026809,-34.03082,1558634.724,-3819254.305,1559634.724,-3818254.305,"20150108",2015-01-08,1,NA
"NSW Yass to ACT Border","E of Jeir Park",13,149.0206917,-34.03586111,149.014575,-34.040902,149.026809,-34.03082,1558634.724,-3819254.305,1559634.724,-3818254.305,"20131029",2013-10-29,2,"cloud"
"NSW Yass to ACT Border","E of Jeir Park",13,149.0206917,-34.03586111,149.014575,-34.040902,149.026809,-34.03082,1558634.724,-3819254.305,1559634.724,-3818254.305,"20200715",2020-07-15,1,NA
"NSW Yass to ACT Border","E of Jeir Park",13,149.0206917,-34.03586111,149.014575,-34.040902,149.026809,-34.03082,1558634.724,-3819254.305,1559634.724,-3818254.305,"20150107",2015-01-07,1,NA
"NSW Yass to ACT Border","E of Jeir Park",13,149.0206917,-34.03586111,149.014575,-34.040902,149.026809,-34.03082,1558634.724,-3819254.305,1559634.724,-3818254.305,"20130213",2013-02-13,1,NA
"NSW Yass to ACT Border","E of Jeir Park",13,149.0206917,-34.03586111,149.014575,-34.040902,149.026809,-34.03082,1558634.724,-3819254.305,1559634.724,-3818254.305,"20130123",2013-01-23,1,NA
"NSW Yass to ACT Border","Hilly area behind horse stud",14,149.0472417,-35.05495,149.041065,-35.060003,149.05342,-35.049897,1545953.035,-3932063.704,1546953.035,-3931063.704,"20251224",2025-12-24,1,NA
"NSW Yass to ACT Border","Hilly area behind horse stud",14,149.0472417,-35.05495,149.041065,-35.060003,149.05342,-35.049897,1545953.035,-3932063.704,1546953.035,-3931063.704,"20240906",2024-09-06,1,NA
"NSW Yass to ACT Border","Hilly area behind horse stud",14,149.0472417,-35.05495,149.041065,-35.060003,149.05342,-35.049897,1545953.035,-3932063.704,1546953.035,-3931063.704,"20231119",2023-11-19,1,NA
"NSW Yass to ACT Border","Hilly area behind horse stud",14,149.0472417,-35.05495,149.041065,-35.060003,149.05342,-35.049897,1545953.035,-3932063.704,1546953.035,-3931063.704,"20220521",2022-05-21,1,NA
"NSW Yass to ACT Border","Hilly area behind horse stud",14,149.0472417,-35.05495,149.041065,-35.060003,149.05342,-35.049897,1545953.035,-3932063.704,1546953.035,-3931063.704,"20210413",2021-04-13,1,NA
"NSW Yass to ACT Border","Hilly area behind horse stud",14,149.0472417,-35.05495,149.041065,-35.060003,149.05342,-35.049897,1545953.035,-3932063.704,1546953.035,-3931063.704,"20200715",2020-07-15,1,"some cloud"
"NSW Yass to ACT Border","Hilly area behind horse stud",14,149.0472417,-35.05495,149.041065,-35.060003,149.05342,-35.049897,1545953.035,-3932063.704,1546953.035,-3931063.704,"20190410",2019-04-10,1,NA
"NSW Yass to ACT Border","Hilly area behind horse stud",14,149.0472417,-35.05495,149.041065,-35.060003,149.05342,-35.049897,1545953.035,-3932063.704,1546953.035,-3931063.704,"20180920",2018-09-20,1,NA
"NSW Yass to ACT Border","Hilly area behind horse stud",14,149.0472417,-35.05495,149.041065,-35.060003,149.05342,-35.049897,1545953.035,-3932063.704,1546953.035,-3931063.704,"20171120",2017-11-20,1,"cloud"
"NSW Yass to ACT Border","Hilly area behind horse stud",14,149.0472417,-35.05495,149.041065,-35.060003,149.05342,-35.049897,1545953.035,-3932063.704,1546953.035,-3931063.704,"20151020",2015-10-20,1,NA
"NSW Yass to ACT Border","Hilly area behind horse stud",14,149.0472417,-35.05495,149.041065,-35.060003,149.05342,-35.049897,1545953.035,-3932063.704,1546953.035,-3931063.704,"20131119",2013-11-19,1,NA
"NSW Yass to ACT Border","Hilly area behind horse stud",14,149.0472417,-35.05495,149.041065,-35.060003,149.05342,-35.049897,1545953.035,-3932063.704,1546953.035,-3931063.704,"20251130",2025-11-30,1,"cloud"
"NSW Yass to ACT Border","Hilly area behind horse stud",14,149.0472417,-35.05495,149.041065,-35.060003,149.05342,-35.049897,1545953.035,-3932063.704,1546953.035,-3931063.704,"20231106",2023-11-06,1,"cloud"
"NSW Yass to ACT Border","Hilly area behind horse stud",14,149.0472417,-35.05495,149.041065,-35.060003,149.05342,-35.049897,1545953.035,-3932063.704,1546953.035,-3931063.704,"20220509",2022-05-09,1,"cloud"
"NSW Yass to ACT Border","Hilly area behind horse stud",14,149.0472417,-35.05495,149.041065,-35.060003,149.05342,-35.049897,1545953.035,-3932063.704,1546953.035,-3931063.704,"20210407",2021-04-07,1,"cloud"
"NSW Yass to ACT Border","Hilly area behind horse stud",14,149.0472417,-35.05495,149.041065,-35.060003,149.05342,-35.049897,1545953.035,-3932063.704,1546953.035,-3931063.704,"20151020",2015-10-20,1,NA
"NSW Yass to ACT Border","Hilly area behind horse stud",14,149.0472417,-35.05495,149.041065,-35.060003,149.05342,-35.049897,1545953.035,-3932063.704,1546953.035,-3931063.704,"20130620",2013-06-20,1,NA
"NSW Yass to ACT Border","Hilly area behind horse stud",14,149.0472417,-35.05495,149.041065,-35.060003,149.05342,-35.049897,1545953.035,-3932063.704,1546953.035,-3931063.704,"20220401",2022-04-01,1,"cloud"
"NSW Yass to ACT Border","Hilly area behind horse stud",14,149.0472417,-35.05495,149.041065,-35.060003,149.05342,-35.049897,1545953.035,-3932063.704,1546953.035,-3931063.704,"20150302",2015-03-02,1,NA
"NSW Yass to ACT Border","Hilly area behind horse stud",14,149.0472417,-35.05495,149.041065,-35.060003,149.05342,-35.049897,1545953.035,-3932063.704,1546953.035,-3931063.704,"20130604",2013-06-04,1,NA
"NSW Yass to ACT Border","Hilly area behind horse stud",14,149.0472417,-35.05495,149.041065,-35.060003,149.05342,-35.049897,1545953.035,-3932063.704,1546953.035,-3931063.704,"20220318",2022-03-18,1,"some cloud"
"NSW Yass to ACT Border","Hilly area behind horse stud",14,149.0472417,-35.05495,149.041065,-35.060003,149.05342,-35.049897,1545953.035,-3932063.704,1546953.035,-3931063.704,"20150210",2015-02-10,1,"cloud"
"NSW Yass to ACT Border","Hilly area behind horse stud",14,149.0472417,-35.05495,149.041065,-35.060003,149.05342,-35.049897,1545953.035,-3932063.704,1546953.035,-3931063.704,"20130603",2013-06-03,1,NA
"NSW Yass to ACT Border","Hilly area behind horse stud",14,149.0472417,-35.05495,149.041065,-35.060003,149.05342,-35.049897,1545953.035,-3932063.704,1546953.035,-3931063.704,"20220221",2022-02-21,1,"cloud"
"NSW Yass to ACT Border","Hilly area behind horse stud",14,149.0472417,-35.05495,149.041065,-35.060003,149.05342,-35.049897,1545953.035,-3932063.704,1546953.035,-3931063.704,"20150209",2015-02-09,1,"cloud"
"NSW Yass to ACT Border","Hilly area behind horse stud",14,149.0472417,-35.05495,149.041065,-35.060003,149.05342,-35.049897,1545953.035,-3932063.704,1546953.035,-3931063.704,"20130526",2013-05-26,1,"cloud"
"NSW Yass to ACT Border","Hilly area behind horse stud",14,149.0472417,-35.05495,149.041065,-35.060003,149.05342,-35.049897,1545953.035,-3932063.704,1546953.035,-3931063.704,"20220220",2022-02-20,1,"some cloud"
"NSW Yass to ACT Border","Hilly area behind horse stud",14,149.0472417,-35.05495,149.041065,-35.060003,149.05342,-35.049897,1545953.035,-3932063.704,1546953.035,-3931063.704,"20150107",2015-01-07,1,NA
"NSW Yass to ACT Border","Hilly area behind horse stud",14,149.0472417,-35.05495,149.041065,-35.060003,149.05342,-35.049897,1545953.035,-3932063.704,1546953.035,-3931063.704,"20220213",2022-02-13,1,"cloud"
"NSW Yass to ACT Border","Hilly area behind horse stud",14,149.0472417,-35.05495,149.041065,-35.060003,149.05342,-35.049897,1545953.035,-3932063.704,1546953.035,-3931063.704,"20220202",2022-02-02,1,"cloud"
"NSW Yass to ACT Border","Hilly area behind horse stud",14,149.0472417,-35.05495,149.041065,-35.060003,149.05342,-35.049897,1545953.035,-3932063.704,1546953.035,-3931063.704,"20220126",2022-01-26,1,"cloud"
"NSW Yass to ACT Border","N of Gooromon Ponds",15,149.0314583,-35.11667222,149.025278,-35.121725,149.037639,-35.111619,1543617.166,-3938677.01,1544617.166,-3937677.01,"20260414",2026-04-14,1,NA
"NSW Yass to ACT Border","N of Gooromon Ponds",15,149.0314583,-35.11667222,149.025278,-35.121725,149.037639,-35.111619,1543617.166,-3938677.01,1544617.166,-3937677.01,"20251224",2025-12-24,1,NA
"NSW Yass to ACT Border","N of Gooromon Ponds",15,149.0314583,-35.11667222,149.025278,-35.121725,149.037639,-35.111619,1543617.166,-3938677.01,1544617.166,-3937677.01,"20240906",2024-09-06,1,NA
"NSW Yass to ACT Border","N of Gooromon Ponds",15,149.0314583,-35.11667222,149.025278,-35.121725,149.037639,-35.111619,1543617.166,-3938677.01,1544617.166,-3937677.01,"20231223",2023-12-23,1,NA
"NSW Yass to ACT Border","N of Gooromon Ponds",15,149.0314583,-35.11667222,149.025278,-35.121725,149.037639,-35.111619,1543617.166,-3938677.01,1544617.166,-3937677.01,"20221203",2022-12-03,1,NA
"NSW Yass to ACT Border","N of Gooromon Ponds",15,149.0314583,-35.11667222,149.025278,-35.121725,149.037639,-35.111619,1543617.166,-3938677.01,1544617.166,-3937677.01,"20210917",2021-09-17,1,NA
"NSW Yass to ACT Border","N of Gooromon Ponds",15,149.0314583,-35.11667222,149.025278,-35.121725,149.037639,-35.111619,1543617.166,-3938677.01,1544617.166,-3937677.01,"20201001",2020-10-01,1,NA
"NSW Yass to ACT Border","N of Gooromon Ponds",15,149.0314583,-35.11667222,149.025278,-35.121725,149.037639,-35.111619,1543617.166,-3938677.01,1544617.166,-3937677.01,"20191125",2019-11-25,1,NA
"NSW Yass to ACT Border","N of Gooromon Ponds",15,149.0314583,-35.11667222,149.025278,-35.121725,149.037639,-35.111619,1543617.166,-3938677.01,1544617.166,-3937677.01,"20180920",2018-09-20,1,NA
"NSW Yass to ACT Border","N of Gooromon Ponds",15,149.0314583,-35.11667222,149.025278,-35.121725,149.037639,-35.111619,1543617.166,-3938677.01,1544617.166,-3937677.01,"20171210",2017-12-10,1,NA
"NSW Yass to ACT Border","N of Gooromon Ponds",15,149.0314583,-35.11667222,149.025278,-35.121725,149.037639,-35.111619,1543617.166,-3938677.01,1544617.166,-3937677.01,"20161212",2016-12-12,1,"cloud"
"NSW Yass to ACT Border","N of Gooromon Ponds",15,149.0314583,-35.11667222,149.025278,-35.121725,149.037639,-35.111619,1543617.166,-3938677.01,1544617.166,-3937677.01,"20151020",2015-10-20,1,NA
"NSW Yass to ACT Border","N of Gooromon Ponds",15,149.0314583,-35.11667222,149.025278,-35.121725,149.037639,-35.111619,1543617.166,-3938677.01,1544617.166,-3937677.01,"20131119",2013-11-19,1,NA
"NSW Yass to ACT Border","N of Gooromon Ponds",15,149.0314583,-35.11667222,149.025278,-35.121725,149.037639,-35.111619,1543617.166,-3938677.01,1544617.166,-3937677.01,"20121228",2012-12-28,1,NA
"NSW Yass to ACT Border","N of Gooromon Ponds",15,149.0314583,-35.11667222,149.025278,-35.121725,149.037639,-35.111619,1543617.166,-3938677.01,1544617.166,-3937677.01,"20260409",2026-04-09,1,NA
"NSW Yass to ACT Border","N of Gooromon Ponds",15,149.0314583,-35.11667222,149.025278,-35.121725,149.037639,-35.111619,1543617.166,-3938677.01,1544617.166,-3937677.01,"20251207",2025-12-07,1,NA
"NSW Yass to ACT Border","N of Gooromon Ponds",15,149.0314583,-35.11667222,149.025278,-35.121725,149.037639,-35.111619,1543617.166,-3938677.01,1544617.166,-3937677.01,"20240906",2024-09-06,1,NA
"NSW Yass to ACT Border","N of Gooromon Ponds",15,149.0314583,-35.11667222,149.025278,-35.121725,149.037639,-35.111619,1543617.166,-3938677.01,1544617.166,-3937677.01,"20231202",2023-12-02,1,"cloud"
"NSW Yass to ACT Border","N of Gooromon Ponds",15,149.0314583,-35.11667222,149.025278,-35.121725,149.037639,-35.111619,1543617.166,-3938677.01,1544617.166,-3937677.01,"20221128",2022-11-28,1,"cloud"
"NSW Yass to ACT Border","N of Gooromon Ponds",15,149.0314583,-35.11667222,149.025278,-35.121725,149.037639,-35.111619,1543617.166,-3938677.01,1544617.166,-3937677.01,"20210413",2021-04-13,1,NA
"NSW Yass to ACT Border","N of Gooromon Ponds",15,149.0314583,-35.11667222,149.025278,-35.121725,149.037639,-35.111619,1543617.166,-3938677.01,1544617.166,-3937677.01,"20200830",2020-08-30,1,NA
"NSW Yass to ACT Border","N of Gooromon Ponds",15,149.0314583,-35.11667222,149.025278,-35.121725,149.037639,-35.111619,1543617.166,-3938677.01,1544617.166,-3937677.01,"20191117",2019-11-17,1,NA
"NSW Yass to ACT Border","N of Gooromon Ponds",15,149.0314583,-35.11667222,149.025278,-35.121725,149.037639,-35.111619,1543617.166,-3938677.01,1544617.166,-3937677.01,"20180914",2018-09-14,1,NA
"NSW Yass to ACT Border","N of Gooromon Ponds",15,149.0314583,-35.11667222,149.025278,-35.121725,149.037639,-35.111619,1543617.166,-3938677.01,1544617.166,-3937677.01,"20171209",2017-12-09,1,NA
"NSW Yass to ACT Border","N of Gooromon Ponds",15,149.0314583,-35.11667222,149.025278,-35.121725,149.037639,-35.111619,1543617.166,-3938677.01,1544617.166,-3937677.01,"20161211",2016-12-11,1,"some cloud"
"NSW Yass to ACT Border","N of Gooromon Ponds",15,149.0314583,-35.11667222,149.025278,-35.121725,149.037639,-35.111619,1543617.166,-3938677.01,1544617.166,-3937677.01,"20150107",2015-01-07,1,NA
"NSW Yass to ACT Border","N of Gooromon Ponds",15,149.0314583,-35.11667222,149.025278,-35.121725,149.037639,-35.111619,1543617.166,-3938677.01,1544617.166,-3937677.01,"20130907",2013-09-07,2,NA
"NSW Yass to ACT Border","N of Gooromon Ponds",15,149.0314583,-35.11667222,149.025278,-35.121725,149.037639,-35.111619,1543617.166,-3938677.01,1544617.166,-3937677.01,"20260408",2026-04-08,1,NA
"NSW Yass to ACT Border","N of Gooromon Ponds",15,149.0314583,-35.11667222,149.025278,-35.121725,149.037639,-35.111619,1543617.166,-3938677.01,1544617.166,-3937677.01,"20251130",2025-11-30,1,"cloud"
"NSW Yass to ACT Border","N of Gooromon Ponds",15,149.0314583,-35.11667222,149.025278,-35.121725,149.037639,-35.111619,1543617.166,-3938677.01,1544617.166,-3937677.01,"20240122",2024-01-22,1,NA
"NSW Yass to ACT Border","N of Gooromon Ponds",15,149.0314583,-35.11667222,149.025278,-35.121725,149.037639,-35.111619,1543617.166,-3938677.01,1544617.166,-3937677.01,"20231106",2023-11-06,1,"cloud"
"NSW Yass to ACT Border","N of Gooromon Ponds",15,149.0314583,-35.11667222,149.025278,-35.121725,149.037639,-35.111619,1543617.166,-3938677.01,1544617.166,-3937677.01,"20221127",2022-11-27,1,"cloud"
"NSW Yass to ACT Border","N of Gooromon Ponds",15,149.0314583,-35.11667222,149.025278,-35.121725,149.037639,-35.111619,1543617.166,-3938677.01,1544617.166,-3937677.01,"20210407",2021-04-07,1,"cloud"
"NSW Yass to ACT Border","N of Gooromon Ponds",15,149.0314583,-35.11667222,149.025278,-35.121725,149.037639,-35.111619,1543617.166,-3938677.01,1544617.166,-3937677.01,"20200715",2020-07-15,1,NA
"NSW Yass to ACT Border","N of Gooromon Ponds",15,149.0314583,-35.11667222,149.025278,-35.121725,149.037639,-35.111619,1543617.166,-3938677.01,1544617.166,-3937677.01,"20190410",2019-04-10,1,NA
"NSW Yass to ACT Border","N of Gooromon Ponds",15,149.0314583,-35.11667222,149.025278,-35.121725,149.037639,-35.111619,1543617.166,-3938677.01,1544617.166,-3937677.01,"20180903",2018-09-03,1,NA
"NSW Yass to ACT Border","N of Gooromon Ponds",15,149.0314583,-35.11667222,149.025278,-35.121725,149.037639,-35.111619,1543617.166,-3938677.01,1544617.166,-3937677.01,"20171120",2017-11-20,1,NA
"NSW Yass to ACT Border","N of Gooromon Ponds",15,149.0314583,-35.11667222,149.025278,-35.121725,149.037639,-35.111619,1543617.166,-3938677.01,1544617.166,-3937677.01,"20161121",2016-11-21,2,NA
"NSW Yass to ACT Border","N of Gooromon Ponds",15,149.0314583,-35.11667222,149.025278,-35.121725,149.037639,-35.111619,1543617.166,-3938677.01,1544617.166,-3937677.01,"20130620",2013-06-20,1,NA
"NSW Yass to ACT Border","N of Gooromon Ponds",15,149.0314583,-35.11667222,149.025278,-35.121725,149.037639,-35.111619,1543617.166,-3938677.01,1544617.166,-3937677.01,"20250905",2025-09-05,1,NA
"NSW Yass to ACT Border","N of Gooromon Ponds",15,149.0314583,-35.11667222,149.025278,-35.121725,149.037639,-35.111619,1543617.166,-3938677.01,1544617.166,-3937677.01,"20240111",2024-01-11,1,"cloud"
"NSW Yass to ACT Border","N of Gooromon Ponds",15,149.0314583,-35.11667222,149.025278,-35.121725,149.037639,-35.111619,1543617.166,-3938677.01,1544617.166,-3937677.01,"20231101",2023-11-01,1,NA
"NSW Yass to ACT Border","N of Gooromon Ponds",15,149.0314583,-35.11667222,149.025278,-35.121725,149.037639,-35.111619,1543617.166,-3938677.01,1544617.166,-3937677.01,"20221025",2022-10-25,1,"cloud"
"NSW Yass to ACT Border","N of Gooromon Ponds",15,149.0314583,-35.11667222,149.025278,-35.121725,149.037639,-35.111619,1543617.166,-3938677.01,1544617.166,-3937677.01,"20210215",2021-02-15,1,"cloud"
"NSW Yass to ACT Border","N of Gooromon Ponds",15,149.0314583,-35.11667222,149.025278,-35.121725,149.037639,-35.111619,1543617.166,-3938677.01,1544617.166,-3937677.01,"20180311",2018-03-11,1,NA
"NSW Yass to ACT Border","N of Gooromon Ponds",15,149.0314583,-35.11667222,149.025278,-35.121725,149.037639,-35.111619,1543617.166,-3938677.01,1544617.166,-3937677.01,"20170119",2017-01-19,1,"cloud"
"NSW Yass to ACT Border","N of Gooromon Ponds",15,149.0314583,-35.11667222,149.025278,-35.121725,149.037639,-35.111619,1543617.166,-3938677.01,1544617.166,-3937677.01,"20160815",2016-08-15,1,NA
"NSW Yass to ACT Border","N of Gooromon Ponds",15,149.0314583,-35.11667222,149.025278,-35.121725,149.037639,-35.111619,1543617.166,-3938677.01,1544617.166,-3937677.01,"20130604",2013-06-04,1,NA
"NSW Yass to ACT Border","N of Gooromon Ponds",15,149.0314583,-35.11667222,149.025278,-35.121725,149.037639,-35.111619,1543617.166,-3938677.01,1544617.166,-3937677.01,"20250811",2025-08-11,1,NA
"NSW Yass to ACT Border","N of Gooromon Ponds",15,149.0314583,-35.11667222,149.025278,-35.121725,149.037639,-35.111619,1543617.166,-3938677.01,1544617.166,-3937677.01,"20230921",2023-09-21,1,NA
"NSW Yass to ACT Border","N of Gooromon Ponds",15,149.0314583,-35.11667222,149.025278,-35.121725,149.037639,-35.111619,1543617.166,-3938677.01,1544617.166,-3937677.01,"20220521",2022-05-21,1,NA
"NSW Yass to ACT Border","N of Gooromon Ponds",15,149.0314583,-35.11667222,149.025278,-35.121725,149.037639,-35.111619,1543617.166,-3938677.01,1544617.166,-3937677.01,"20180310",2018-03-10,1,NA
"NSW Yass to ACT Border","N of Gooromon Ponds",15,149.0314583,-35.11667222,149.025278,-35.121725,149.037639,-35.111619,1543617.166,-3938677.01,1544617.166,-3937677.01,"20170118",2017-01-18,1,NA
"NSW Yass to ACT Border","N of Gooromon Ponds",15,149.0314583,-35.11667222,149.025278,-35.121725,149.037639,-35.111619,1543617.166,-3938677.01,1544617.166,-3937677.01,"20160625",2016-06-25,1,NA
"NSW Yass to ACT Border","N of Gooromon Ponds",15,149.0314583,-35.11667222,149.025278,-35.121725,149.037639,-35.111619,1543617.166,-3938677.01,1544617.166,-3937677.01,"20130603",2013-06-03,1,NA
"NSW Yass to ACT Border","N of Gooromon Ponds",15,149.0314583,-35.11667222,149.025278,-35.121725,149.037639,-35.111619,1543617.166,-3938677.01,1544617.166,-3937677.01,"20250810",2025-08-10,1,"cloud"
"NSW Yass to ACT Border","N of Gooromon Ponds",15,149.0314583,-35.11667222,149.025278,-35.121725,149.037639,-35.111619,1543617.166,-3938677.01,1544617.166,-3937677.01,"20230902",2023-09-02,1,NA
"NSW Yass to ACT Border","N of Gooromon Ponds",15,149.0314583,-35.11667222,149.025278,-35.121725,149.037639,-35.111619,1543617.166,-3938677.01,1544617.166,-3937677.01,"20220509",2022-05-09,1,"cloud"
"NSW Yass to ACT Border","N of Gooromon Ponds",15,149.0314583,-35.11667222,149.025278,-35.121725,149.037639,-35.111619,1543617.166,-3938677.01,1544617.166,-3937677.01,"20170112",2017-01-12,2,NA
"NSW Yass to ACT Border","N of Gooromon Ponds",15,149.0314583,-35.11667222,149.025278,-35.121725,149.037639,-35.111619,1543617.166,-3938677.01,1544617.166,-3937677.01,"20160516",2016-05-16,1,NA
"NSW Yass to ACT Border","N of Gooromon Ponds",15,149.0314583,-35.11667222,149.025278,-35.121725,149.037639,-35.111619,1543617.166,-3938677.01,1544617.166,-3937677.01,"20130526",2013-05-26,1,"cloud"
"NSW Yass to ACT Border","N of Gooromon Ponds",15,149.0314583,-35.11667222,149.025278,-35.121725,149.037639,-35.111619,1543617.166,-3938677.01,1544617.166,-3937677.01,"20230826",2023-08-26,1,NA
"NSW Yass to ACT Border","N of Gooromon Ponds",15,149.0314583,-35.11667222,149.025278,-35.121725,149.037639,-35.111619,1543617.166,-3938677.01,1544617.166,-3937677.01,"20220401",2022-04-01,1,"cloud"
"NSW Yass to ACT Border","N of Gooromon Ponds",15,149.0314583,-35.11667222,149.025278,-35.121725,149.037639,-35.111619,1543617.166,-3938677.01,1544617.166,-3937677.01,"20170111",2017-01-11,1,"some cloud"
"NSW Yass to ACT Border","N of Gooromon Ponds",15,149.0314583,-35.11667222,149.025278,-35.121725,149.037639,-35.111619,1543617.166,-3938677.01,1544617.166,-3937677.01,"20160414",2016-04-14,1,NA
"NSW Yass to ACT Border","N of Gooromon Ponds",15,149.0314583,-35.11667222,149.025278,-35.121725,149.037639,-35.111619,1543617.166,-3938677.01,1544617.166,-3937677.01,"20130123",2013-01-23,1,NA
"NSW Yass to ACT Border","N of Gooromon Ponds",15,149.0314583,-35.11667222,149.025278,-35.121725,149.037639,-35.111619,1543617.166,-3938677.01,1544617.166,-3937677.01,"20230405",2023-04-05,1,NA
"NSW Yass to ACT Border","N of Gooromon Ponds",15,149.0314583,-35.11667222,149.025278,-35.121725,149.037639,-35.111619,1543617.166,-3938677.01,1544617.166,-3937677.01,"20220318",2022-03-18,1,NA
"NSW Yass to ACT Border","N of Gooromon Ponds",15,149.0314583,-35.11667222,149.025278,-35.121725,149.037639,-35.111619,1543617.166,-3938677.01,1544617.166,-3937677.01,"20170106",2017-01-06,1,NA
"NSW Yass to ACT Border","N of Gooromon Ponds",15,149.0314583,-35.11667222,149.025278,-35.121725,149.037639,-35.111619,1543617.166,-3938677.01,1544617.166,-3937677.01,"20160412",2016-04-12,1,"cloud"
"NSW Yass to ACT Border","N of Gooromon Ponds",15,149.0314583,-35.11667222,149.025278,-35.121725,149.037639,-35.111619,1543617.166,-3938677.01,1544617.166,-3937677.01,"20130111",2013-01-11,1,NA
"NSW Yass to ACT Border","N of Gooromon Ponds",15,149.0314583,-35.11667222,149.025278,-35.121725,149.037639,-35.111619,1543617.166,-3938677.01,1544617.166,-3937677.01,"20220221",2022-02-21,1,"cloud"
"NSW Yass to ACT Border","N of Gooromon Ponds",15,149.0314583,-35.11667222,149.025278,-35.121725,149.037639,-35.111619,1543617.166,-3938677.01,1544617.166,-3937677.01,"20160319",2016-03-19,1,NA
"NSW Yass to ACT Border","N of Gooromon Ponds",15,149.0314583,-35.11667222,149.025278,-35.121725,149.037639,-35.111619,1543617.166,-3938677.01,1544617.166,-3937677.01,"20220220",2022-02-20,1,"cloud"
"NSW Yass to ACT Border","N of Gooromon Ponds",15,149.0314583,-35.11667222,149.025278,-35.121725,149.037639,-35.111619,1543617.166,-3938677.01,1544617.166,-3937677.01,"20160223",2016-02-23,1,NA
"NSW Yass to ACT Border","N of Gooromon Ponds",15,149.0314583,-35.11667222,149.025278,-35.121725,149.037639,-35.111619,1543617.166,-3938677.01,1544617.166,-3937677.01,"20220213",2022-02-13,1,"cloud"
"NSW Yass to ACT Border","N of Gooromon Ponds",15,149.0314583,-35.11667222,149.025278,-35.121725,149.037639,-35.111619,1543617.166,-3938677.01,1544617.166,-3937677.01,"20160222",2016-02-22,1,NA
"NSW Yass to ACT Border","N of Gooromon Ponds",15,149.0314583,-35.11667222,149.025278,-35.121725,149.037639,-35.111619,1543617.166,-3938677.01,1544617.166,-3937677.01,"20220126",2022-01-26,1,"cloud"
"ACT","From Holt",16,149.0155056,-35.254025,149.009318,-35.25908,149.021694,-35.24897,1540151.226,-3953622.696,1541151.226,-3952622.696,"20251224",2025-12-24,1,NA
"ACT","From Holt",16,149.0155056,-35.254025,149.009318,-35.25908,149.021694,-35.24897,1540151.226,-3953622.696,1541151.226,-3952622.696,"20240906",2024-09-06,1,NA
"ACT","From Holt",16,149.0155056,-35.254025,149.009318,-35.25908,149.021694,-35.24897,1540151.226,-3953622.696,1541151.226,-3952622.696,"20231024",2023-10-24,1,NA
"ACT","From Holt",16,149.0155056,-35.254025,149.009318,-35.25908,149.021694,-35.24897,1540151.226,-3953622.696,1541151.226,-3952622.696,"20220521",2022-05-21,1,NA
"ACT","From Holt",16,149.0155056,-35.254025,149.009318,-35.25908,149.021694,-35.24897,1540151.226,-3953622.696,1541151.226,-3952622.696,"20210413",2021-04-13,1,NA
"ACT","From Holt",16,149.0155056,-35.254025,149.009318,-35.25908,149.021694,-35.24897,1540151.226,-3953622.696,1541151.226,-3952622.696,"20200830",2020-08-30,1,NA
"ACT","From Holt",16,149.0155056,-35.254025,149.009318,-35.25908,149.021694,-35.24897,1540151.226,-3953622.696,1541151.226,-3952622.696,"20181227",2018-12-27,1,NA
"ACT","From Holt",16,149.0155056,-35.254025,149.009318,-35.25908,149.021694,-35.24897,1540151.226,-3953622.696,1541151.226,-3952622.696,"20171030",2017-10-30,1,"some cloud"
"ACT","From Holt",16,149.0155056,-35.254025,149.009318,-35.25908,149.021694,-35.24897,1540151.226,-3953622.696,1541151.226,-3952622.696,"20161014",2016-10-14,1,NA
"ACT","From Holt",16,149.0155056,-35.254025,149.009318,-35.25908,149.021694,-35.24897,1540151.226,-3953622.696,1541151.226,-3952622.696,"20151020",2015-10-20,1,"some cloud"
"ACT","From Holt",16,149.0155056,-35.254025,149.009318,-35.25908,149.021694,-35.24897,1540151.226,-3953622.696,1541151.226,-3952622.696,"20141225",2014-12-25,1,"cloud"
"ACT","From Holt",16,149.0155056,-35.254025,149.009318,-35.25908,149.021694,-35.24897,1540151.226,-3953622.696,1541151.226,-3952622.696,"20131030",2013-10-30,2,NA
"ACT","From Holt",16,149.0155056,-35.254025,149.009318,-35.25908,149.021694,-35.24897,1540151.226,-3953622.696,1541151.226,-3952622.696,"20251130",2025-11-30,1,"cloud"
"ACT","From Holt",16,149.0155056,-35.254025,149.009318,-35.25908,149.021694,-35.24897,1540151.226,-3953622.696,1541151.226,-3952622.696,"20231028",2023-10-28,1,"cloud"
"ACT","From Holt",16,149.0155056,-35.254025,149.009318,-35.25908,149.021694,-35.24897,1540151.226,-3953622.696,1541151.226,-3952622.696,"20220509",2022-05-09,1,"cloud"
"ACT","From Holt",16,149.0155056,-35.254025,149.009318,-35.25908,149.021694,-35.24897,1540151.226,-3953622.696,1541151.226,-3952622.696,"20210407",2021-04-07,1,"cloud"
"ACT","From Holt",16,149.0155056,-35.254025,149.009318,-35.25908,149.021694,-35.24897,1540151.226,-3953622.696,1541151.226,-3952622.696,"20200714",2020-07-14,1,"cloud"
"ACT","From Holt",16,149.0155056,-35.254025,149.009318,-35.25908,149.021694,-35.24897,1540151.226,-3953622.696,1541151.226,-3952622.696,"20181201",2018-12-01,1,NA
"ACT","From Holt",16,149.0155056,-35.254025,149.009318,-35.25908,149.021694,-35.24897,1540151.226,-3953622.696,1541151.226,-3952622.696,"20161013",2016-10-13,1,"some cloud"
"ACT","From Holt",16,149.0155056,-35.254025,149.009318,-35.25908,149.021694,-35.24897,1540151.226,-3953622.696,1541151.226,-3952622.696,"20150107",2015-01-07,1,NA
"ACT","From Holt",16,149.0155056,-35.254025,149.009318,-35.25908,149.021694,-35.24897,1540151.226,-3953622.696,1541151.226,-3952622.696,"20140820",2014-08-20,1,NA
"ACT","From Holt",16,149.0155056,-35.254025,149.009318,-35.25908,149.021694,-35.24897,1540151.226,-3953622.696,1541151.226,-3952622.696,"20130123",2013-01-23,1,NA
"ACT","From Holt",16,149.0155056,-35.254025,149.009318,-35.25908,149.021694,-35.24897,1540151.226,-3953622.696,1541151.226,-3952622.696,"20231017",2023-10-17,1,NA
"ACT","From Holt",16,149.0155056,-35.254025,149.009318,-35.25908,149.021694,-35.24897,1540151.226,-3953622.696,1541151.226,-3952622.696,"20220414",2022-04-14,1,"some cloud"
"ACT","From Holt",16,149.0155056,-35.254025,149.009318,-35.25908,149.021694,-35.24897,1540151.226,-3953622.696,1541151.226,-3952622.696,"20210222",2021-02-22,1,"some cloud"
"ACT","From Holt",16,149.0155056,-35.254025,149.009318,-35.25908,149.021694,-35.24897,1540151.226,-3953622.696,1541151.226,-3952622.696,"20181119",2018-11-19,1,NA
"ACT","From Holt",16,149.0155056,-35.254025,149.009318,-35.25908,149.021694,-35.24897,1540151.226,-3953622.696,1541151.226,-3952622.696,"20161008",2016-10-08,1,NA
"ACT","From Holt",16,149.0155056,-35.254025,149.009318,-35.25908,149.021694,-35.24897,1540151.226,-3953622.696,1541151.226,-3952622.696,"20220413",2022-04-13,1,"cloud"
"ACT","From Holt",16,149.0155056,-35.254025,149.009318,-35.25908,149.021694,-35.24897,1540151.226,-3953622.696,1541151.226,-3952622.696,"20210208",2021-02-08,1,"cloud"
"ACT","From Holt",16,149.0155056,-35.254025,149.009318,-35.25908,149.021694,-35.24897,1540151.226,-3953622.696,1541151.226,-3952622.696,"20181118",2018-11-18,1,NA
"ACT","From Holt",16,149.0155056,-35.254025,149.009318,-35.25908,149.021694,-35.24897,1540151.226,-3953622.696,1541151.226,-3952622.696,"20220412",2022-04-12,1,"cloud"
"ACT","From Holt",16,149.0155056,-35.254025,149.009318,-35.25908,149.021694,-35.24897,1540151.226,-3953622.696,1541151.226,-3952622.696,"20180920",2018-09-20,1,NA
"ACT","From Holt",16,149.0155056,-35.254025,149.009318,-35.25908,149.021694,-35.24897,1540151.226,-3953622.696,1541151.226,-3952622.696,"20220401",2022-04-01,1,"cloud"
"ACT","From Holt",16,149.0155056,-35.254025,149.009318,-35.25908,149.021694,-35.24897,1540151.226,-3953622.696,1541151.226,-3952622.696,"20180909",2018-09-09,1,NA
"ACT","From Holt",16,149.0155056,-35.254025,149.009318,-35.25908,149.021694,-35.24897,1540151.226,-3953622.696,1541151.226,-3952622.696,"20220330",2022-03-30,1,"cloud"
"ACT","From Holt",16,149.0155056,-35.254025,149.009318,-35.25908,149.021694,-35.24897,1540151.226,-3953622.696,1541151.226,-3952622.696,"20220318",2022-03-18,1,NA
"ACT","From Holt",16,149.0155056,-35.254025,149.009318,-35.25908,149.021694,-35.24897,1540151.226,-3953622.696,1541151.226,-3952622.696,"20220317",2022-03-17,1,"cloud"
"ACT","From Holt",16,149.0155056,-35.254025,149.009318,-35.25908,149.021694,-35.24897,1540151.226,-3953622.696,1541151.226,-3952622.696,"20220313",2022-03-13,1,"cloud"
"ACT","From Holt",16,149.0155056,-35.254025,149.009318,-35.25908,149.021694,-35.24897,1540151.226,-3953622.696,1541151.226,-3952622.696,"20220312",2022-03-12,1,NA
"ACT","From Holt",16,149.0155056,-35.254025,149.009318,-35.25908,149.021694,-35.24897,1540151.226,-3953622.696,1541151.226,-3952622.696,"20220228",2022-02-28,1,"cloud"
"ACT","From Holt",16,149.0155056,-35.254025,149.009318,-35.25908,149.021694,-35.24897,1540151.226,-3953622.696,1541151.226,-3952622.696,"20220221",2022-02-21,1,"cloud"
"ACT","From Holt",16,149.0155056,-35.254025,149.009318,-35.25908,149.021694,-35.24897,1540151.226,-3953622.696,1541151.226,-3952622.696,"20220220",2022-02-20,1,NA
"ACT","From Holt",16,149.0155056,-35.254025,149.009318,-35.25908,149.021694,-35.24897,1540151.226,-3953622.696,1541151.226,-3952622.696,"20220213",2022-02-13,1,"cloud"
"ACT","From Holt",16,149.0155056,-35.254025,149.009318,-35.25908,149.021694,-35.24897,1540151.226,-3953622.696,1541151.226,-3952622.696,"20220208",2022-02-08,1,"cloud shade"
"ACT","From Holt",16,149.0155056,-35.254025,149.009318,-35.25908,149.021694,-35.24897,1540151.226,-3953622.696,1541151.226,-3952622.696,"20220202",2022-02-02,1,"cloud"
"ACT","From Holt",16,149.0155056,-35.254025,149.009318,-35.25908,149.021694,-35.24897,1540151.226,-3953622.696,1541151.226,-3952622.696,"20220126",2022-01-26,1,"cloud"
"ACT","Spring Valley Farm, ANU",17,149.0056639,-35.28135556,148.999475,-35.286411,149.011854,-35.276301,1538862.089,-3956515.742,1539862.089,-3955515.742,"20260414",2026-04-14,1,"some cloud"
"ACT","Spring Valley Farm, ANU",17,149.0056639,-35.28135556,148.999475,-35.286411,149.011854,-35.276301,1538862.089,-3956515.742,1539862.089,-3955515.742,"20251207",2025-12-07,1,NA
"ACT","Spring Valley Farm, ANU",17,149.0056639,-35.28135556,148.999475,-35.286411,149.011854,-35.276301,1538862.089,-3956515.742,1539862.089,-3955515.742,"20240906",2024-09-06,2,NA
"ACT","Spring Valley Farm, ANU",17,149.0056639,-35.28135556,148.999475,-35.286411,149.011854,-35.276301,1538862.089,-3956515.742,1539862.089,-3955515.742,"20231223",2023-12-23,1,"cloud"
"ACT","Spring Valley Farm, ANU",17,149.0056639,-35.28135556,148.999475,-35.286411,149.011854,-35.276301,1538862.089,-3956515.742,1539862.089,-3955515.742,"20221203",2022-12-03,1,NA
"ACT","Spring Valley Farm, ANU",17,149.0056639,-35.28135556,148.999475,-35.286411,149.011854,-35.276301,1538862.089,-3956515.742,1539862.089,-3955515.742,"20210917",2021-09-17,1,NA
"ACT","Spring Valley Farm, ANU",17,149.0056639,-35.28135556,148.999475,-35.286411,149.011854,-35.276301,1538862.089,-3956515.742,1539862.089,-3955515.742,"20201001",2020-10-01,1,NA
"ACT","Spring Valley Farm, ANU",17,149.0056639,-35.28135556,148.999475,-35.286411,149.011854,-35.276301,1538862.089,-3956515.742,1539862.089,-3955515.742,"20191125",2019-11-25,1,NA
"ACT","Spring Valley Farm, ANU",17,149.0056639,-35.28135556,148.999475,-35.286411,149.011854,-35.276301,1538862.089,-3956515.742,1539862.089,-3955515.742,"20180914",2018-09-14,1,"cloud"
"ACT","Spring Valley Farm, ANU",17,149.0056639,-35.28135556,148.999475,-35.286411,149.011854,-35.276301,1538862.089,-3956515.742,1539862.089,-3955515.742,"20171210",2017-12-10,1,NA
"ACT","Spring Valley Farm, ANU",17,149.0056639,-35.28135556,148.999475,-35.286411,149.011854,-35.276301,1538862.089,-3956515.742,1539862.089,-3955515.742,"20161212",2016-12-12,1,NA
"ACT","Spring Valley Farm, ANU",17,149.0056639,-35.28135556,148.999475,-35.286411,149.011854,-35.276301,1538862.089,-3956515.742,1539862.089,-3955515.742,"20150429",2015-04-29,1,NA
"ACT","Spring Valley Farm, ANU",17,149.0056639,-35.28135556,148.999475,-35.286411,149.011854,-35.276301,1538862.089,-3956515.742,1539862.089,-3955515.742,"20140820",2014-08-20,1,NA
"ACT","Spring Valley Farm, ANU",17,149.0056639,-35.28135556,148.999475,-35.286411,149.011854,-35.276301,1538862.089,-3956515.742,1539862.089,-3955515.742,"20131119",2013-11-19,1,NA
"ACT","Spring Valley Farm, ANU",17,149.0056639,-35.28135556,148.999475,-35.286411,149.011854,-35.276301,1538862.089,-3956515.742,1539862.089,-3955515.742,"20121228",2012-12-28,1,NA
"ACT","Spring Valley Farm, ANU",17,149.0056639,-35.28135556,148.999475,-35.286411,149.011854,-35.276301,1538862.089,-3956515.742,1539862.089,-3955515.742,"20260414",2026-04-14,1,"cloud"
"ACT","Spring Valley Farm, ANU",17,149.0056639,-35.28135556,148.999475,-35.286411,149.011854,-35.276301,1538862.089,-3956515.742,1539862.089,-3955515.742,"20250905",2025-09-05,1,NA
"ACT","Spring Valley Farm, ANU",17,149.0056639,-35.28135556,148.999475,-35.286411,149.011854,-35.276301,1538862.089,-3956515.742,1539862.089,-3955515.742,"20240901",2024-09-01,1,"cloud"
"ACT","Spring Valley Farm, ANU",17,149.0056639,-35.28135556,148.999475,-35.286411,149.011854,-35.276301,1538862.089,-3956515.742,1539862.089,-3955515.742,"20231106",2023-11-06,1,NA
"ACT","Spring Valley Farm, ANU",17,149.0056639,-35.28135556,148.999475,-35.286411,149.011854,-35.276301,1538862.089,-3956515.742,1539862.089,-3955515.742,"20221128",2022-11-28,1,NA
"ACT","Spring Valley Farm, ANU",17,149.0056639,-35.28135556,148.999475,-35.286411,149.011854,-35.276301,1538862.089,-3956515.742,1539862.089,-3955515.742,"20210215",2021-02-15,2,NA
"ACT","Spring Valley Farm, ANU",17,149.0056639,-35.28135556,148.999475,-35.286411,149.011854,-35.276301,1538862.089,-3956515.742,1539862.089,-3955515.742,"20200830",2020-08-30,1,NA
"ACT","Spring Valley Farm, ANU",17,149.0056639,-35.28135556,148.999475,-35.286411,149.011854,-35.276301,1538862.089,-3956515.742,1539862.089,-3955515.742,"20191117",2019-11-17,1,NA
"ACT","Spring Valley Farm, ANU",17,149.0056639,-35.28135556,148.999475,-35.286411,149.011854,-35.276301,1538862.089,-3956515.742,1539862.089,-3955515.742,"20180903",2018-09-03,1,"cloud"
"ACT","Spring Valley Farm, ANU",17,149.0056639,-35.28135556,148.999475,-35.286411,149.011854,-35.276301,1538862.089,-3956515.742,1539862.089,-3955515.742,"20170828",2017-08-28,1,NA
"ACT","Spring Valley Farm, ANU",17,149.0056639,-35.28135556,148.999475,-35.286411,149.011854,-35.276301,1538862.089,-3956515.742,1539862.089,-3955515.742,"20161211",2016-12-11,1,NA
"ACT","Spring Valley Farm, ANU",17,149.0056639,-35.28135556,148.999475,-35.286411,149.011854,-35.276301,1538862.089,-3956515.742,1539862.089,-3955515.742,"20150428",2015-04-28,1,NA
"ACT","Spring Valley Farm, ANU",17,149.0056639,-35.28135556,148.999475,-35.286411,149.011854,-35.276301,1538862.089,-3956515.742,1539862.089,-3955515.742,"20140210",2014-02-10,1,NA
"ACT","Spring Valley Farm, ANU",17,149.0056639,-35.28135556,148.999475,-35.286411,149.011854,-35.276301,1538862.089,-3956515.742,1539862.089,-3955515.742,"20130907",2013-09-07,1,"cloud"
"ACT","Spring Valley Farm, ANU",17,149.0056639,-35.28135556,148.999475,-35.286411,149.011854,-35.276301,1538862.089,-3956515.742,1539862.089,-3955515.742,"20260409",2026-04-09,1,NA
"ACT","Spring Valley Farm, ANU",17,149.0056639,-35.28135556,148.999475,-35.286411,149.011854,-35.276301,1538862.089,-3956515.742,1539862.089,-3955515.742,"20250811",2025-08-11,1,NA
"ACT","Spring Valley Farm, ANU",17,149.0056639,-35.28135556,148.999475,-35.286411,149.011854,-35.276301,1538862.089,-3956515.742,1539862.089,-3955515.742,"20241218",2024-12-18,1,NA
"ACT","Spring Valley Farm, ANU",17,149.0056639,-35.28135556,148.999475,-35.286411,149.011854,-35.276301,1538862.089,-3956515.742,1539862.089,-3955515.742,"20231029",2023-10-29,1,NA
"ACT","Spring Valley Farm, ANU",17,149.0056639,-35.28135556,148.999475,-35.286411,149.011854,-35.276301,1538862.089,-3956515.742,1539862.089,-3955515.742,"20221127",2022-11-27,1,"cloud"
"ACT","Spring Valley Farm, ANU",17,149.0056639,-35.28135556,148.999475,-35.286411,149.011854,-35.276301,1538862.089,-3956515.742,1539862.089,-3955515.742,"20201206",2020-12-06,1,"some cloud"
"ACT","Spring Valley Farm, ANU",17,149.0056639,-35.28135556,148.999475,-35.286411,149.011854,-35.276301,1538862.089,-3956515.742,1539862.089,-3955515.742,"20200721",2020-07-21,2,NA
"ACT","Spring Valley Farm, ANU",17,149.0056639,-35.28135556,148.999475,-35.286411,149.011854,-35.276301,1538862.089,-3956515.742,1539862.089,-3955515.742,"20190410",2019-04-10,2,NA
"ACT","Spring Valley Farm, ANU",17,149.0056639,-35.28135556,148.999475,-35.286411,149.011854,-35.276301,1538862.089,-3956515.742,1539862.089,-3955515.742,"20180313",2018-03-13,1,"cloud"
"ACT","Spring Valley Farm, ANU",17,149.0056639,-35.28135556,148.999475,-35.286411,149.011854,-35.276301,1538862.089,-3956515.742,1539862.089,-3955515.742,"20170213",2017-02-13,1,NA
"ACT","Spring Valley Farm, ANU",17,149.0056639,-35.28135556,148.999475,-35.286411,149.011854,-35.276301,1538862.089,-3956515.742,1539862.089,-3955515.742,"20161210",2016-12-10,1,NA
"ACT","Spring Valley Farm, ANU",17,149.0056639,-35.28135556,148.999475,-35.286411,149.011854,-35.276301,1538862.089,-3956515.742,1539862.089,-3955515.742,"20150422",2015-04-22,1,"cloud"
"ACT","Spring Valley Farm, ANU",17,149.0056639,-35.28135556,148.999475,-35.286411,149.011854,-35.276301,1538862.089,-3956515.742,1539862.089,-3955515.742,"20130604",2013-06-04,1,NA
"ACT","Spring Valley Farm, ANU",17,149.0056639,-35.28135556,148.999475,-35.286411,149.011854,-35.276301,1538862.089,-3956515.742,1539862.089,-3955515.742,"20260408",2026-04-08,1,NA
"ACT","Spring Valley Farm, ANU",17,149.0056639,-35.28135556,148.999475,-35.286411,149.011854,-35.276301,1538862.089,-3956515.742,1539862.089,-3955515.742,"20250810",2025-08-10,1,"some cloud"
"ACT","Spring Valley Farm, ANU",17,149.0056639,-35.28135556,148.999475,-35.286411,149.011854,-35.276301,1538862.089,-3956515.742,1539862.089,-3955515.742,"20240111",2024-01-11,1,"cloud"
"ACT","Spring Valley Farm, ANU",17,149.0056639,-35.28135556,148.999475,-35.286411,149.011854,-35.276301,1538862.089,-3956515.742,1539862.089,-3955515.742,"20231027",2023-10-27,1,"cloud"
"ACT","Spring Valley Farm, ANU",17,149.0056639,-35.28135556,148.999475,-35.286411,149.011854,-35.276301,1538862.089,-3956515.742,1539862.089,-3955515.742,"20221025",2022-10-25,1,"cloud"
"ACT","Spring Valley Farm, ANU",17,149.0056639,-35.28135556,148.999475,-35.286411,149.011854,-35.276301,1538862.089,-3956515.742,1539862.089,-3955515.742,"20200709",2020-07-09,2,NA
"ACT","Spring Valley Farm, ANU",17,149.0056639,-35.28135556,148.999475,-35.286411,149.011854,-35.276301,1538862.089,-3956515.742,1539862.089,-3955515.742,"20190315",2019-03-15,1,"cloud"
"ACT","Spring Valley Farm, ANU",17,149.0056639,-35.28135556,148.999475,-35.286411,149.011854,-35.276301,1538862.089,-3956515.742,1539862.089,-3955515.742,"20180311",2018-03-11,1,NA
"ACT","Spring Valley Farm, ANU",17,149.0056639,-35.28135556,148.999475,-35.286411,149.011854,-35.276301,1538862.089,-3956515.742,1539862.089,-3955515.742,"20170112",2017-01-12,2,NA
"ACT","Spring Valley Farm, ANU",17,149.0056639,-35.28135556,148.999475,-35.286411,149.011854,-35.276301,1538862.089,-3956515.742,1539862.089,-3955515.742,"20161121",2016-11-21,2,NA
"ACT","Spring Valley Farm, ANU",17,149.0056639,-35.28135556,148.999475,-35.286411,149.011854,-35.276301,1538862.089,-3956515.742,1539862.089,-3955515.742,"20150315",2015-03-15,1,NA
"ACT","Spring Valley Farm, ANU",17,149.0056639,-35.28135556,148.999475,-35.286411,149.011854,-35.276301,1538862.089,-3956515.742,1539862.089,-3955515.742,"20130603",2013-06-03,1,NA
"ACT","Spring Valley Farm, ANU",17,149.0056639,-35.28135556,148.999475,-35.286411,149.011854,-35.276301,1538862.089,-3956515.742,1539862.089,-3955515.742,"20231011",2023-10-11,1,NA
"ACT","Spring Valley Farm, ANU",17,149.0056639,-35.28135556,148.999475,-35.286411,149.011854,-35.276301,1538862.089,-3956515.742,1539862.089,-3955515.742,"20220502",2022-05-02,1,NA
"ACT","Spring Valley Farm, ANU",17,149.0056639,-35.28135556,148.999475,-35.286411,149.011854,-35.276301,1538862.089,-3956515.742,1539862.089,-3955515.742,"20200619",2020-06-19,1,"some cloud another with cloud"
"ACT","Spring Valley Farm, ANU",17,149.0056639,-35.28135556,148.999475,-35.286411,149.011854,-35.276301,1538862.089,-3956515.742,1539862.089,-3955515.742,"20190310",2019-03-10,1,NA
"ACT","Spring Valley Farm, ANU",17,149.0056639,-35.28135556,148.999475,-35.286411,149.011854,-35.276301,1538862.089,-3956515.742,1539862.089,-3955515.742,"20180310",2018-03-10,1,NA
"ACT","Spring Valley Farm, ANU",17,149.0056639,-35.28135556,148.999475,-35.286411,149.011854,-35.276301,1538862.089,-3956515.742,1539862.089,-3955515.742,"20170111",2017-01-11,1,"cloud"
"ACT","Spring Valley Farm, ANU",17,149.0056639,-35.28135556,148.999475,-35.286411,149.011854,-35.276301,1538862.089,-3956515.742,1539862.089,-3955515.742,"20160815",2016-08-15,3,NA
"ACT","Spring Valley Farm, ANU",17,149.0056639,-35.28135556,148.999475,-35.286411,149.011854,-35.276301,1538862.089,-3956515.742,1539862.089,-3955515.742,"20150314",2015-03-14,1,NA
"ACT","Spring Valley Farm, ANU",17,149.0056639,-35.28135556,148.999475,-35.286411,149.011854,-35.276301,1538862.089,-3956515.742,1539862.089,-3955515.742,"20130526",2013-05-26,1,"cloud"
"ACT","Spring Valley Farm, ANU",17,149.0056639,-35.28135556,148.999475,-35.286411,149.011854,-35.276301,1538862.089,-3956515.742,1539862.089,-3955515.742,"20230905",2023-09-05,1,NA
"ACT","Spring Valley Farm, ANU",17,149.0056639,-35.28135556,148.999475,-35.286411,149.011854,-35.276301,1538862.089,-3956515.742,1539862.089,-3955515.742,"20220501",2022-05-01,1,NA
"ACT","Spring Valley Farm, ANU",17,149.0056639,-35.28135556,148.999475,-35.286411,149.011854,-35.276301,1538862.089,-3956515.742,1539862.089,-3955515.742,"20200301",2020-03-01,1,NA
"ACT","Spring Valley Farm, ANU",17,149.0056639,-35.28135556,148.999475,-35.286411,149.011854,-35.276301,1538862.089,-3956515.742,1539862.089,-3955515.742,"20190309",2019-03-09,1,"cloud"
"ACT","Spring Valley Farm, ANU",17,149.0056639,-35.28135556,148.999475,-35.286411,149.011854,-35.276301,1538862.089,-3956515.742,1539862.089,-3955515.742,"20170106",2017-01-06,1,NA
"ACT","Spring Valley Farm, ANU",17,149.0056639,-35.28135556,148.999475,-35.286411,149.011854,-35.276301,1538862.089,-3956515.742,1539862.089,-3955515.742,"20160803",2016-08-03,1,NA
"ACT","Spring Valley Farm, ANU",17,149.0056639,-35.28135556,148.999475,-35.286411,149.011854,-35.276301,1538862.089,-3956515.742,1539862.089,-3955515.742,"20150210",2015-02-10,1,"cloud"
"ACT","Spring Valley Farm, ANU",17,149.0056639,-35.28135556,148.999475,-35.286411,149.011854,-35.276301,1538862.089,-3956515.742,1539862.089,-3955515.742,"20130111",2013-01-11,1,NA
"ACT","Spring Valley Farm, ANU",17,149.0056639,-35.28135556,148.999475,-35.286411,149.011854,-35.276301,1538862.089,-3956515.742,1539862.089,-3955515.742,"20230904",2023-09-04,1,NA
"ACT","Spring Valley Farm, ANU",17,149.0056639,-35.28135556,148.999475,-35.286411,149.011854,-35.276301,1538862.089,-3956515.742,1539862.089,-3955515.742,"20220405",2022-04-05,1,NA
"ACT","Spring Valley Farm, ANU",17,149.0056639,-35.28135556,148.999475,-35.286411,149.011854,-35.276301,1538862.089,-3956515.742,1539862.089,-3955515.742,"20160714",2016-07-14,1,NA
"ACT","Spring Valley Farm, ANU",17,149.0056639,-35.28135556,148.999475,-35.286411,149.011854,-35.276301,1538862.089,-3956515.742,1539862.089,-3955515.742,"20150209",2015-02-09,1,"cloud"
"ACT","Spring Valley Farm, ANU",17,149.0056639,-35.28135556,148.999475,-35.286411,149.011854,-35.276301,1538862.089,-3956515.742,1539862.089,-3955515.742,"20230901",2023-09-01,1,NA
"ACT","Spring Valley Farm, ANU",17,149.0056639,-35.28135556,148.999475,-35.286411,149.011854,-35.276301,1538862.089,-3956515.742,1539862.089,-3955515.742,"20220401",2022-04-01,1,"cloud"
"ACT","Spring Valley Farm, ANU",17,149.0056639,-35.28135556,148.999475,-35.286411,149.011854,-35.276301,1538862.089,-3956515.742,1539862.089,-3955515.742,"20160625",2016-06-25,2,NA
"ACT","Spring Valley Farm, ANU",17,149.0056639,-35.28135556,148.999475,-35.286411,149.011854,-35.276301,1538862.089,-3956515.742,1539862.089,-3955515.742,"20150114",2015-01-14,1,"cloud"
"ACT","Spring Valley Farm, ANU",17,149.0056639,-35.28135556,148.999475,-35.286411,149.011854,-35.276301,1538862.089,-3956515.742,1539862.089,-3955515.742,"20230826",2023-08-26,1,NA
"ACT","Spring Valley Farm, ANU",17,149.0056639,-35.28135556,148.999475,-35.286411,149.011854,-35.276301,1538862.089,-3956515.742,1539862.089,-3955515.742,"20220511",2022-05-11,1,NA
"ACT","Spring Valley Farm, ANU",17,149.0056639,-35.28135556,148.999475,-35.286411,149.011854,-35.276301,1538862.089,-3956515.742,1539862.089,-3955515.742,"20160616",2016-06-16,1,NA
"ACT","Spring Valley Farm, ANU",17,149.0056639,-35.28135556,148.999475,-35.286411,149.011854,-35.276301,1538862.089,-3956515.742,1539862.089,-3955515.742,"20230405",2023-04-05,1,NA
"ACT","Spring Valley Farm, ANU",17,149.0056639,-35.28135556,148.999475,-35.286411,149.011854,-35.276301,1538862.089,-3956515.742,1539862.089,-3955515.742,"20220213",2022-02-13,1,"cloud"
"ACT","Spring Valley Farm, ANU",17,149.0056639,-35.28135556,148.999475,-35.286411,149.011854,-35.276301,1538862.089,-3956515.742,1539862.089,-3955515.742,"20160419",2016-04-19,1,NA
"ACT","Spring Valley Farm, ANU",17,149.0056639,-35.28135556,148.999475,-35.286411,149.011854,-35.276301,1538862.089,-3956515.742,1539862.089,-3955515.742,"20220212",2022-02-12,1,NA
"ACT","Spring Valley Farm, ANU",17,149.0056639,-35.28135556,148.999475,-35.286411,149.011854,-35.276301,1538862.089,-3956515.742,1539862.089,-3955515.742,"20160414",2016-04-14,1,NA
"ACT","Spring Valley Farm, ANU",17,149.0056639,-35.28135556,148.999475,-35.286411,149.011854,-35.276301,1538862.089,-3956515.742,1539862.089,-3955515.742,"20220208",2022-02-08,1,"cloud"
"ACT","Spring Valley Farm, ANU",17,149.0056639,-35.28135556,148.999475,-35.286411,149.011854,-35.276301,1538862.089,-3956515.742,1539862.089,-3955515.742,"20160413",2016-04-13,1,"cloud"
"ACT","Spring Valley Farm, ANU",17,149.0056639,-35.28135556,148.999475,-35.286411,149.011854,-35.276301,1538862.089,-3956515.742,1539862.089,-3955515.742,"20220208",2022-02-08,1,"some cloud"
"ACT","Spring Valley Farm, ANU",17,149.0056639,-35.28135556,148.999475,-35.286411,149.011854,-35.276301,1538862.089,-3956515.742,1539862.089,-3955515.742,"20160412",2016-04-12,2,"cloud"
"ACT","Spring Valley Farm, ANU",17,149.0056639,-35.28135556,148.999475,-35.286411,149.011854,-35.276301,1538862.089,-3956515.742,1539862.089,-3955515.742,"20220207",2022-02-07,1,"cloud"
"ACT","Spring Valley Farm, ANU",17,149.0056639,-35.28135556,148.999475,-35.286411,149.011854,-35.276301,1538862.089,-3956515.742,1539862.089,-3955515.742,"20160319",2016-03-19,2,NA
"ACT","Spring Valley Farm, ANU",17,149.0056639,-35.28135556,148.999475,-35.286411,149.011854,-35.276301,1538862.089,-3956515.742,1539862.089,-3955515.742,"20220126",2022-01-26,1,"cloud"
"ACT","Spring Valley Farm, ANU",17,149.0056639,-35.28135556,148.999475,-35.286411,149.011854,-35.276301,1538862.089,-3956515.742,1539862.089,-3955515.742,"20160223",2016-02-23,1,NA
"ACT","Spring Valley Farm, ANU",17,149.0056639,-35.28135556,148.999475,-35.286411,149.011854,-35.276301,1538862.089,-3956515.742,1539862.089,-3955515.742,"20220120",2022-01-20,1,"cloud"
"ACT","Spring Valley Farm, ANU",17,149.0056639,-35.28135556,148.999475,-35.286411,149.011854,-35.276301,1538862.089,-3956515.742,1539862.089,-3955515.742,"20160222",2016-02-22,2,NA
"ACT","On way to Uriarra",18,148.9642278,-35.26542222,148.958041,-35.270475,148.970415,-35.260369,1535367.912,-3954261.199,1536367.912,-3953261.199,"20260414",2026-04-14,1,NA
"ACT","On way to Uriarra",18,148.9642278,-35.26542222,148.958041,-35.270475,148.970415,-35.260369,1535367.912,-3954261.199,1536367.912,-3953261.199,"20251224",2025-12-24,1,"cloud"
"ACT","On way to Uriarra",18,148.9642278,-35.26542222,148.958041,-35.270475,148.970415,-35.260369,1535367.912,-3954261.199,1536367.912,-3953261.199,"20240906",2024-09-06,3,NA
"ACT","On way to Uriarra",18,148.9642278,-35.26542222,148.958041,-35.270475,148.970415,-35.260369,1535367.912,-3954261.199,1536367.912,-3953261.199,"20231228",2023-12-28,1,NA
"ACT","On way to Uriarra",18,148.9642278,-35.26542222,148.958041,-35.270475,148.970415,-35.260369,1535367.912,-3954261.199,1536367.912,-3953261.199,"20221203",2022-12-03,1,NA
"ACT","On way to Uriarra",18,148.9642278,-35.26542222,148.958041,-35.270475,148.970415,-35.260369,1535367.912,-3954261.199,1536367.912,-3953261.199,"20210917",2021-09-17,1,NA
"ACT","On way to Uriarra",18,148.9642278,-35.26542222,148.958041,-35.270475,148.970415,-35.260369,1535367.912,-3954261.199,1536367.912,-3953261.199,"20200830",2020-08-30,1,NA
"ACT","On way to Uriarra",18,148.9642278,-35.26542222,148.958041,-35.270475,148.970415,-35.260369,1535367.912,-3954261.199,1536367.912,-3953261.199,"20191125",2019-11-25,1,NA
"ACT","On way to Uriarra",18,148.9642278,-35.26542222,148.958041,-35.270475,148.970415,-35.260369,1535367.912,-3954261.199,1536367.912,-3953261.199,"20180914",2018-09-14,1,NA
"ACT","On way to Uriarra",18,148.9642278,-35.26542222,148.958041,-35.270475,148.970415,-35.260369,1535367.912,-3954261.199,1536367.912,-3953261.199,"20171210",2017-12-10,1,NA
"ACT","On way to Uriarra",18,148.9642278,-35.26542222,148.958041,-35.270475,148.970415,-35.260369,1535367.912,-3954261.199,1536367.912,-3953261.199,"20161223",2016-12-23,1,NA
"ACT","On way to Uriarra",18,148.9642278,-35.26542222,148.958041,-35.270475,148.970415,-35.260369,1535367.912,-3954261.199,1536367.912,-3953261.199,"20150429",2015-04-29,1,NA
"ACT","On way to Uriarra",18,148.9642278,-35.26542222,148.958041,-35.270475,148.970415,-35.260369,1535367.912,-3954261.199,1536367.912,-3953261.199,"20140210",2014-02-10,1,NA
"ACT","On way to Uriarra",18,148.9642278,-35.26542222,148.958041,-35.270475,148.970415,-35.260369,1535367.912,-3954261.199,1536367.912,-3953261.199,"20131119",2013-11-19,1,NA
"ACT","On way to Uriarra",18,148.9642278,-35.26542222,148.958041,-35.270475,148.970415,-35.260369,1535367.912,-3954261.199,1536367.912,-3953261.199,"20121228",2012-12-28,1,NA
"ACT","On way to Uriarra",18,148.9642278,-35.26542222,148.958041,-35.270475,148.970415,-35.260369,1535367.912,-3954261.199,1536367.912,-3953261.199,"20260409",2026-04-09,1,"cloud"
"ACT","On way to Uriarra",18,148.9642278,-35.26542222,148.958041,-35.270475,148.970415,-35.260369,1535367.912,-3954261.199,1536367.912,-3953261.199,"20251207",2025-12-07,1,NA
"ACT","On way to Uriarra",18,148.9642278,-35.26542222,148.958041,-35.270475,148.970415,-35.260369,1535367.912,-3954261.199,1536367.912,-3953261.199,"20240129",2024-01-29,1,NA
"ACT","On way to Uriarra",18,148.9642278,-35.26542222,148.958041,-35.270475,148.970415,-35.260369,1535367.912,-3954261.199,1536367.912,-3953261.199,"20231223",2023-12-23,2,"cloud"
"ACT","On way to Uriarra",18,148.9642278,-35.26542222,148.958041,-35.270475,148.970415,-35.260369,1535367.912,-3954261.199,1536367.912,-3953261.199,"20221128",2022-11-28,1,NA
"ACT","On way to Uriarra",18,148.9642278,-35.26542222,148.958041,-35.270475,148.970415,-35.260369,1535367.912,-3954261.199,1536367.912,-3953261.199,"20210401",2021-04-01,1,NA
"ACT","On way to Uriarra",18,148.9642278,-35.26542222,148.958041,-35.270475,148.970415,-35.260369,1535367.912,-3954261.199,1536367.912,-3953261.199,"20200830",2020-08-30,1,NA
"ACT","On way to Uriarra",18,148.9642278,-35.26542222,148.958041,-35.270475,148.970415,-35.260369,1535367.912,-3954261.199,1536367.912,-3953261.199,"20191117",2019-11-17,1,NA
"ACT","On way to Uriarra",18,148.9642278,-35.26542222,148.958041,-35.270475,148.970415,-35.260369,1535367.912,-3954261.199,1536367.912,-3953261.199,"20180914",2018-09-14,1,NA
"ACT","On way to Uriarra",18,148.9642278,-35.26542222,148.958041,-35.270475,148.970415,-35.260369,1535367.912,-3954261.199,1536367.912,-3953261.199,"20171209",2017-12-09,1,NA
"ACT","On way to Uriarra",18,148.9642278,-35.26542222,148.958041,-35.270475,148.970415,-35.260369,1535367.912,-3954261.199,1536367.912,-3953261.199,"20161212",2016-12-12,1,"some cloud"
"ACT","On way to Uriarra",18,148.9642278,-35.26542222,148.958041,-35.270475,148.970415,-35.260369,1535367.912,-3954261.199,1536367.912,-3953261.199,"20150428",2015-04-28,1,NA
"ACT","On way to Uriarra",18,148.9642278,-35.26542222,148.958041,-35.270475,148.970415,-35.260369,1535367.912,-3954261.199,1536367.912,-3953261.199,"20130907",2013-09-07,1,NA
"ACT","On way to Uriarra",18,148.9642278,-35.26542222,148.958041,-35.270475,148.970415,-35.260369,1535367.912,-3954261.199,1536367.912,-3953261.199,"20260408",2026-04-08,1,NA
"ACT","On way to Uriarra",18,148.9642278,-35.26542222,148.958041,-35.270475,148.970415,-35.260369,1535367.912,-3954261.199,1536367.912,-3953261.199,"20251116",2025-11-16,1,"some cloud"
"ACT","On way to Uriarra",18,148.9642278,-35.26542222,148.958041,-35.270475,148.970415,-35.260369,1535367.912,-3954261.199,1536367.912,-3953261.199,"20240122",2024-01-22,2,NA
"ACT","On way to Uriarra",18,148.9642278,-35.26542222,148.958041,-35.270475,148.970415,-35.260369,1535367.912,-3954261.199,1536367.912,-3953261.199,"20231215",2023-12-15,1,"some cloud and shade"
"ACT","On way to Uriarra",18,148.9642278,-35.26542222,148.958041,-35.270475,148.970415,-35.260369,1535367.912,-3954261.199,1536367.912,-3953261.199,"20221127",2022-11-27,1,"cloud"
"ACT","On way to Uriarra",18,148.9642278,-35.26542222,148.958041,-35.270475,148.970415,-35.260369,1535367.912,-3954261.199,1536367.912,-3953261.199,"20210215",2021-02-15,1,NA
"ACT","On way to Uriarra",18,148.9642278,-35.26542222,148.958041,-35.270475,148.970415,-35.260369,1535367.912,-3954261.199,1536367.912,-3953261.199,"20200810",2020-08-10,1,NA
"ACT","On way to Uriarra",18,148.9642278,-35.26542222,148.958041,-35.270475,148.970415,-35.260369,1535367.912,-3954261.199,1536367.912,-3953261.199,"20190410",2019-04-10,2,NA
"ACT","On way to Uriarra",18,148.9642278,-35.26542222,148.958041,-35.270475,148.970415,-35.260369,1535367.912,-3954261.199,1536367.912,-3953261.199,"20180903",2018-09-03,1,"cloud"
"ACT","On way to Uriarra",18,148.9642278,-35.26542222,148.958041,-35.270475,148.970415,-35.260369,1535367.912,-3954261.199,1536367.912,-3953261.199,"20171125",2017-11-25,1,NA
"ACT","On way to Uriarra",18,148.9642278,-35.26542222,148.958041,-35.270475,148.970415,-35.260369,1535367.912,-3954261.199,1536367.912,-3953261.199,"20160815",2016-08-15,1,NA
"ACT","On way to Uriarra",18,148.9642278,-35.26542222,148.958041,-35.270475,148.970415,-35.260369,1535367.912,-3954261.199,1536367.912,-3953261.199,"20150422",2015-04-22,1,"cloud/fog"
"ACT","On way to Uriarra",18,148.9642278,-35.26542222,148.958041,-35.270475,148.970415,-35.260369,1535367.912,-3954261.199,1536367.912,-3953261.199,"20130604",2013-06-04,1,NA
"ACT","On way to Uriarra",18,148.9642278,-35.26542222,148.958041,-35.270475,148.970415,-35.260369,1535367.912,-3954261.199,1536367.912,-3953261.199,"20250905",2025-09-05,1,NA
"ACT","On way to Uriarra",18,148.9642278,-35.26542222,148.958041,-35.270475,148.970415,-35.260369,1535367.912,-3954261.199,1536367.912,-3953261.199,"20240111",2024-01-11,2,"cloud"
"ACT","On way to Uriarra",18,148.9642278,-35.26542222,148.958041,-35.270475,148.970415,-35.260369,1535367.912,-3954261.199,1536367.912,-3953261.199,"20231202",2023-12-02,2,"cloud"
"ACT","On way to Uriarra",18,148.9642278,-35.26542222,148.958041,-35.270475,148.970415,-35.260369,1535367.912,-3954261.199,1536367.912,-3953261.199,"20221225",2022-12-25,1,"cloud"
"ACT","On way to Uriarra",18,148.9642278,-35.26542222,148.958041,-35.270475,148.970415,-35.260369,1535367.912,-3954261.199,1536367.912,-3953261.199,"20201001",2020-10-01,1,NA
"ACT","On way to Uriarra",18,148.9642278,-35.26542222,148.958041,-35.270475,148.970415,-35.260369,1535367.912,-3954261.199,1536367.912,-3953261.199,"20200721",2020-07-21,1,NA
"ACT","On way to Uriarra",18,148.9642278,-35.26542222,148.958041,-35.270475,148.970415,-35.260369,1535367.912,-3954261.199,1536367.912,-3953261.199,"20190315",2019-03-15,1,"cloud"
"ACT","On way to Uriarra",18,148.9642278,-35.26542222,148.958041,-35.270475,148.970415,-35.260369,1535367.912,-3954261.199,1536367.912,-3953261.199,"20180313",2018-03-13,1,"cloud"
"ACT","On way to Uriarra",18,148.9642278,-35.26542222,148.958041,-35.270475,148.970415,-35.260369,1535367.912,-3954261.199,1536367.912,-3953261.199,"20171031",2017-10-31,1,"some cloud and shade"
"ACT","On way to Uriarra",18,148.9642278,-35.26542222,148.958041,-35.270475,148.970415,-35.260369,1535367.912,-3954261.199,1536367.912,-3953261.199,"20160625",2016-06-25,1,NA
"ACT","On way to Uriarra",18,148.9642278,-35.26542222,148.958041,-35.270475,148.970415,-35.260369,1535367.912,-3954261.199,1536367.912,-3953261.199,"20150315",2015-03-15,1,NA
"ACT","On way to Uriarra",18,148.9642278,-35.26542222,148.958041,-35.270475,148.970415,-35.260369,1535367.912,-3954261.199,1536367.912,-3953261.199,"20130603",2013-06-03,1,NA
"ACT","On way to Uriarra",18,148.9642278,-35.26542222,148.958041,-35.270475,148.970415,-35.260369,1535367.912,-3954261.199,1536367.912,-3953261.199,"20250811",2025-08-11,1,NA
"ACT","On way to Uriarra",18,148.9642278,-35.26542222,148.958041,-35.270475,148.970415,-35.260369,1535367.912,-3954261.199,1536367.912,-3953261.199,"20231106",2023-11-06,2,NA
"ACT","On way to Uriarra",18,148.9642278,-35.26542222,148.958041,-35.270475,148.970415,-35.260369,1535367.912,-3954261.199,1536367.912,-3953261.199,"20220509",2022-05-09,1,NA
"ACT","On way to Uriarra",18,148.9642278,-35.26542222,148.958041,-35.270475,148.970415,-35.260369,1535367.912,-3954261.199,1536367.912,-3953261.199,"20200721",2020-07-21,1,NA
"ACT","On way to Uriarra",18,148.9642278,-35.26542222,148.958041,-35.270475,148.970415,-35.260369,1535367.912,-3954261.199,1536367.912,-3953261.199,"20190309",2019-03-09,1,NA
"ACT","On way to Uriarra",18,148.9642278,-35.26542222,148.958041,-35.270475,148.970415,-35.260369,1535367.912,-3954261.199,1536367.912,-3953261.199,"20180311",2018-03-11,2,NA
"ACT","On way to Uriarra",18,148.9642278,-35.26542222,148.958041,-35.270475,148.970415,-35.260369,1535367.912,-3954261.199,1536367.912,-3953261.199,"20170213",2017-02-13,1,NA
"ACT","On way to Uriarra",18,148.9642278,-35.26542222,148.958041,-35.270475,148.970415,-35.260369,1535367.912,-3954261.199,1536367.912,-3953261.199,"20160516",2016-05-16,1,NA
"ACT","On way to Uriarra",18,148.9642278,-35.26542222,148.958041,-35.270475,148.970415,-35.260369,1535367.912,-3954261.199,1536367.912,-3953261.199,"20150314",2015-03-14,1,NA
"ACT","On way to Uriarra",18,148.9642278,-35.26542222,148.958041,-35.270475,148.970415,-35.260369,1535367.912,-3954261.199,1536367.912,-3953261.199,"20130526",2013-05-26,1,"cloud"
"ACT","On way to Uriarra",18,148.9642278,-35.26542222,148.958041,-35.270475,148.970415,-35.260369,1535367.912,-3954261.199,1536367.912,-3953261.199,"20250810",2025-08-10,1,"cloud and shade"
"ACT","On way to Uriarra",18,148.9642278,-35.26542222,148.958041,-35.270475,148.970415,-35.260369,1535367.912,-3954261.199,1536367.912,-3953261.199,"20231101",2023-11-01,1,"cloud"
"ACT","On way to Uriarra",18,148.9642278,-35.26542222,148.958041,-35.270475,148.970415,-35.260369,1535367.912,-3954261.199,1536367.912,-3953261.199,"20220414",2022-04-14,1,NA
"ACT","On way to Uriarra",18,148.9642278,-35.26542222,148.958041,-35.270475,148.970415,-35.260369,1535367.912,-3954261.199,1536367.912,-3953261.199,"20200619",2020-06-19,2,NA
"ACT","On way to Uriarra",18,148.9642278,-35.26542222,148.958041,-35.270475,148.970415,-35.260369,1535367.912,-3954261.199,1536367.912,-3953261.199,"20190115",2019-01-15,1,NA
"ACT","On way to Uriarra",18,148.9642278,-35.26542222,148.958041,-35.270475,148.970415,-35.260369,1535367.912,-3954261.199,1536367.912,-3953261.199,"20180310",2018-03-10,2,NA
"ACT","On way to Uriarra",18,148.9642278,-35.26542222,148.958041,-35.270475,148.970415,-35.260369,1535367.912,-3954261.199,1536367.912,-3953261.199,"20170112",2017-01-12,2,NA
"ACT","On way to Uriarra",18,148.9642278,-35.26542222,148.958041,-35.270475,148.970415,-35.260369,1535367.912,-3954261.199,1536367.912,-3953261.199,"20160419",2016-04-19,1,NA
"ACT","On way to Uriarra",18,148.9642278,-35.26542222,148.958041,-35.270475,148.970415,-35.260369,1535367.912,-3954261.199,1536367.912,-3953261.199,"20150210",2015-02-10,1,"cloud"
"ACT","On way to Uriarra",18,148.9642278,-35.26542222,148.958041,-35.270475,148.970415,-35.260369,1535367.912,-3954261.199,1536367.912,-3953261.199,"20130111",2013-01-11,1,NA
"ACT","On way to Uriarra",18,148.9642278,-35.26542222,148.958041,-35.270475,148.970415,-35.260369,1535367.912,-3954261.199,1536367.912,-3953261.199,"20231027",2023-10-27,1,"shade"
"ACT","On way to Uriarra",18,148.9642278,-35.26542222,148.958041,-35.270475,148.970415,-35.260369,1535367.912,-3954261.199,1536367.912,-3953261.199,"20220413",2022-04-13,1,"cloud"
"ACT","On way to Uriarra",18,148.9642278,-35.26542222,148.958041,-35.270475,148.970415,-35.260369,1535367.912,-3954261.199,1536367.912,-3953261.199,"20200301",2020-03-01,1,NA
"ACT","On way to Uriarra",18,148.9642278,-35.26542222,148.958041,-35.270475,148.970415,-35.260369,1535367.912,-3954261.199,1536367.912,-3953261.199,"20170111",2017-01-11,1,NA
"ACT","On way to Uriarra",18,148.9642278,-35.26542222,148.958041,-35.270475,148.970415,-35.260369,1535367.912,-3954261.199,1536367.912,-3953261.199,"20160413",2016-04-13,1,"cloud"
"ACT","On way to Uriarra",18,148.9642278,-35.26542222,148.958041,-35.270475,148.970415,-35.260369,1535367.912,-3954261.199,1536367.912,-3953261.199,"20150209",2015-02-09,1,"cloud"
"ACT","On way to Uriarra",18,148.9642278,-35.26542222,148.958041,-35.270475,148.970415,-35.260369,1535367.912,-3954261.199,1536367.912,-3953261.199,"20231024",2023-10-24,1,NA
"ACT","On way to Uriarra",18,148.9642278,-35.26542222,148.958041,-35.270475,148.970415,-35.260369,1535367.912,-3954261.199,1536367.912,-3953261.199,"20220401",2022-04-01,1,"cloud shade"
"ACT","On way to Uriarra",18,148.9642278,-35.26542222,148.958041,-35.270475,148.970415,-35.260369,1535367.912,-3954261.199,1536367.912,-3953261.199,"20170106",2017-01-06,1,NA
"ACT","On way to Uriarra",18,148.9642278,-35.26542222,148.958041,-35.270475,148.970415,-35.260369,1535367.912,-3954261.199,1536367.912,-3953261.199,"20160412",2016-04-12,2,"cloud"
"ACT","On way to Uriarra",18,148.9642278,-35.26542222,148.958041,-35.270475,148.970415,-35.260369,1535367.912,-3954261.199,1536367.912,-3953261.199,"20150114",2015-01-14,1,"cloud"
"ACT","On way to Uriarra",18,148.9642278,-35.26542222,148.958041,-35.270475,148.970415,-35.260369,1535367.912,-3954261.199,1536367.912,-3953261.199,"20230921",2023-09-21,1,"cloud"
"ACT","On way to Uriarra",18,148.9642278,-35.26542222,148.958041,-35.270475,148.970415,-35.260369,1535367.912,-3954261.199,1536367.912,-3953261.199,"20220318",2022-03-18,1,NA
"ACT","On way to Uriarra",18,148.9642278,-35.26542222,148.958041,-35.270475,148.970415,-35.260369,1535367.912,-3954261.199,1536367.912,-3953261.199,"20160319",2016-03-19,1,NA
"ACT","On way to Uriarra",18,148.9642278,-35.26542222,148.958041,-35.270475,148.970415,-35.260369,1535367.912,-3954261.199,1536367.912,-3953261.199,"20230905",2023-09-05,1,NA
"ACT","On way to Uriarra",18,148.9642278,-35.26542222,148.958041,-35.270475,148.970415,-35.260369,1535367.912,-3954261.199,1536367.912,-3953261.199,"20220220",2022-02-20,1,"cloud"
"ACT","On way to Uriarra",18,148.9642278,-35.26542222,148.958041,-35.270475,148.970415,-35.260369,1535367.912,-3954261.199,1536367.912,-3953261.199,"20160223",2016-02-23,1,NA
"ACT","On way to Uriarra",18,148.9642278,-35.26542222,148.958041,-35.270475,148.970415,-35.260369,1535367.912,-3954261.199,1536367.912,-3953261.199,"20230902",2023-09-02,1,NA
"ACT","On way to Uriarra",18,148.9642278,-35.26542222,148.958041,-35.270475,148.970415,-35.260369,1535367.912,-3954261.199,1536367.912,-3953261.199,"20220213",2022-02-13,1,"cloud"
"ACT","On way to Uriarra",18,148.9642278,-35.26542222,148.958041,-35.270475,148.970415,-35.260369,1535367.912,-3954261.199,1536367.912,-3953261.199,"20160222",2016-02-22,1,NA
"ACT","On way to Uriarra",18,148.9642278,-35.26542222,148.958041,-35.270475,148.970415,-35.260369,1535367.912,-3954261.199,1536367.912,-3953261.199,"20230826",2023-08-26,1,NA
"ACT","On way to Uriarra",18,148.9642278,-35.26542222,148.958041,-35.270475,148.970415,-35.260369,1535367.912,-3954261.199,1536367.912,-3953261.199,"20220202",2022-02-02,1,"cloud"
"ACT","On way to Uriarra",18,148.9642278,-35.26542222,148.958041,-35.270475,148.970415,-35.260369,1535367.912,-3954261.199,1536367.912,-3953261.199,"20230405",2023-04-05,1,"some cloud"
"ACT","Junction N of Uriarra village",19,148.9206472,-35.27976389,148.914461,-35.284816,148.926833,-35.274712,1531234.838,-3955318.459,1532234.838,-3954318.459,"20251224",2025-12-24,1,NA
"ACT","Junction N of Uriarra village",19,148.9206472,-35.27976389,148.914461,-35.284816,148.926833,-35.274712,1531234.838,-3955318.459,1532234.838,-3954318.459,"20240906",2024-09-06,1,NA
"ACT","Junction N of Uriarra village",19,148.9206472,-35.27976389,148.914461,-35.284816,148.926833,-35.274712,1531234.838,-3955318.459,1532234.838,-3954318.459,"20231228",2023-12-28,1,"cloud"
"ACT","Junction N of Uriarra village",19,148.9206472,-35.27976389,148.914461,-35.284816,148.926833,-35.274712,1531234.838,-3955318.459,1532234.838,-3954318.459,"20220509",2022-05-09,1,NA
"ACT","Junction N of Uriarra village",19,148.9206472,-35.27976389,148.914461,-35.284816,148.926833,-35.274712,1531234.838,-3955318.459,1532234.838,-3954318.459,"20210401",2021-04-01,1,NA
"ACT","Junction N of Uriarra village",19,148.9206472,-35.27976389,148.914461,-35.284816,148.926833,-35.274712,1531234.838,-3955318.459,1532234.838,-3954318.459,"20200830",2020-08-30,1,NA
"ACT","Junction N of Uriarra village",19,148.9206472,-35.27976389,148.914461,-35.284816,148.926833,-35.274712,1531234.838,-3955318.459,1532234.838,-3954318.459,"20190115",2019-01-15,1,NA
"ACT","Junction N of Uriarra village",19,148.9206472,-35.27976389,148.914461,-35.284816,148.926833,-35.274712,1531234.838,-3955318.459,1532234.838,-3954318.459,"20180914",2018-09-14,1,NA
"ACT","Junction N of Uriarra village",19,148.9206472,-35.27976389,148.914461,-35.284816,148.926833,-35.274712,1531234.838,-3955318.459,1532234.838,-3954318.459,"20171125",2017-11-25,1,NA
"ACT","Junction N of Uriarra village",19,148.9206472,-35.27976389,148.914461,-35.284816,148.926833,-35.274712,1531234.838,-3955318.459,1532234.838,-3954318.459,"20161223",2016-12-23,1,NA
"ACT","Junction N of Uriarra village",19,148.9206472,-35.27976389,148.914461,-35.284816,148.926833,-35.274712,1531234.838,-3955318.459,1532234.838,-3954318.459,"20150315",2015-03-15,1,NA
"ACT","Junction N of Uriarra village",19,148.9206472,-35.27976389,148.914461,-35.284816,148.926833,-35.274712,1531234.838,-3955318.459,1532234.838,-3954318.459,"20140210",2014-02-10,1,NA
"ACT","Junction N of Uriarra village",19,148.9206472,-35.27976389,148.914461,-35.284816,148.926833,-35.274712,1531234.838,-3955318.459,1532234.838,-3954318.459,"20131119",2013-11-19,1,NA
"ACT","Junction N of Uriarra village",19,148.9206472,-35.27976389,148.914461,-35.284816,148.926833,-35.274712,1531234.838,-3955318.459,1532234.838,-3954318.459,"20121228",2012-12-28,1,NA
"ACT","Junction N of Uriarra village",19,148.9206472,-35.27976389,148.914461,-35.284816,148.926833,-35.274712,1531234.838,-3955318.459,1532234.838,-3954318.459,"20251116",2025-11-16,1,"cloud"
"ACT","Junction N of Uriarra village",19,148.9206472,-35.27976389,148.914461,-35.284816,148.926833,-35.274712,1531234.838,-3955318.459,1532234.838,-3954318.459,"20240129",2024-01-29,1,NA
"ACT","Junction N of Uriarra village",19,148.9206472,-35.27976389,148.914461,-35.284816,148.926833,-35.274712,1531234.838,-3955318.459,1532234.838,-3954318.459,"20231202",2023-12-02,1,"cloud"
"ACT","Junction N of Uriarra village",19,148.9206472,-35.27976389,148.914461,-35.284816,148.926833,-35.274712,1531234.838,-3955318.459,1532234.838,-3954318.459,"20220414",2022-04-14,1,NA
"ACT","Junction N of Uriarra village",19,148.9206472,-35.27976389,148.914461,-35.284816,148.926833,-35.274712,1531234.838,-3955318.459,1532234.838,-3954318.459,"20200810",2020-08-10,1,NA
"ACT","Junction N of Uriarra village",19,148.9206472,-35.27976389,148.914461,-35.284816,148.926833,-35.274712,1531234.838,-3955318.459,1532234.838,-3954318.459,"20180313",2018-03-13,1,NA
"ACT","Junction N of Uriarra village",19,148.9206472,-35.27976389,148.914461,-35.284816,148.926833,-35.274712,1531234.838,-3955318.459,1532234.838,-3954318.459,"20171031",2017-10-31,1,NA
"ACT","Junction N of Uriarra village",19,148.9206472,-35.27976389,148.914461,-35.284816,148.926833,-35.274712,1531234.838,-3955318.459,1532234.838,-3954318.459,"20161210",2016-12-10,1,NA
"ACT","Junction N of Uriarra village",19,148.9206472,-35.27976389,148.914461,-35.284816,148.926833,-35.274712,1531234.838,-3955318.459,1532234.838,-3954318.459,"20150314",2015-03-14,1,NA
"ACT","Junction N of Uriarra village",19,148.9206472,-35.27976389,148.914461,-35.284816,148.926833,-35.274712,1531234.838,-3955318.459,1532234.838,-3954318.459,"20130907",2013-09-07,1,NA
"ACT","Junction N of Uriarra village",19,148.9206472,-35.27976389,148.914461,-35.284816,148.926833,-35.274712,1531234.838,-3955318.459,1532234.838,-3954318.459,"20240111",2024-01-11,1,"some cloud"
"ACT","Junction N of Uriarra village",19,148.9206472,-35.27976389,148.914461,-35.284816,148.926833,-35.274712,1531234.838,-3955318.459,1532234.838,-3954318.459,"20231106",2023-11-06,1,NA
"ACT","Junction N of Uriarra village",19,148.9206472,-35.27976389,148.914461,-35.284816,148.926833,-35.274712,1531234.838,-3955318.459,1532234.838,-3954318.459,"20220413",2022-04-13,1,"some cloud and shade"
"ACT","Junction N of Uriarra village",19,148.9206472,-35.27976389,148.914461,-35.284816,148.926833,-35.274712,1531234.838,-3955318.459,1532234.838,-3954318.459,"20180311",2018-03-11,1,NA
"ACT","Junction N of Uriarra village",19,148.9206472,-35.27976389,148.914461,-35.284816,148.926833,-35.274712,1531234.838,-3955318.459,1532234.838,-3954318.459,"20170112",2017-01-12,1,NA
"ACT","Junction N of Uriarra village",19,148.9206472,-35.27976389,148.914461,-35.284816,148.926833,-35.274712,1531234.838,-3955318.459,1532234.838,-3954318.459,"20161121",2016-11-21,2,NA
"ACT","Junction N of Uriarra village",19,148.9206472,-35.27976389,148.914461,-35.284816,148.926833,-35.274712,1531234.838,-3955318.459,1532234.838,-3954318.459,"20150210",2015-02-10,1,"cloud"
"ACT","Junction N of Uriarra village",19,148.9206472,-35.27976389,148.914461,-35.284816,148.926833,-35.274712,1531234.838,-3955318.459,1532234.838,-3954318.459,"20130604",2013-06-04,2,NA
"ACT","Junction N of Uriarra village",19,148.9206472,-35.27976389,148.914461,-35.284816,148.926833,-35.274712,1531234.838,-3955318.459,1532234.838,-3954318.459,"20231027",2023-10-27,1,"cloud"
"ACT","Junction N of Uriarra village",19,148.9206472,-35.27976389,148.914461,-35.284816,148.926833,-35.274712,1531234.838,-3955318.459,1532234.838,-3954318.459,"20220401",2022-04-01,1,"some cloud"
"ACT","Junction N of Uriarra village",19,148.9206472,-35.27976389,148.914461,-35.284816,148.926833,-35.274712,1531234.838,-3955318.459,1532234.838,-3954318.459,"20180310",2018-03-10,1,NA
"ACT","Junction N of Uriarra village",19,148.9206472,-35.27976389,148.914461,-35.284816,148.926833,-35.274712,1531234.838,-3955318.459,1532234.838,-3954318.459,"20161115",2016-11-15,1,NA
"ACT","Junction N of Uriarra village",19,148.9206472,-35.27976389,148.914461,-35.284816,148.926833,-35.274712,1531234.838,-3955318.459,1532234.838,-3954318.459,"20150909",2015-09-09,1,"cloud"
"ACT","Junction N of Uriarra village",19,148.9206472,-35.27976389,148.914461,-35.284816,148.926833,-35.274712,1531234.838,-3955318.459,1532234.838,-3954318.459,"20130603",2013-06-03,2,"one with cloud, one ok"
"ACT","Junction N of Uriarra village",19,148.9206472,-35.27976389,148.914461,-35.284816,148.926833,-35.274712,1531234.838,-3955318.459,1532234.838,-3954318.459,"20231024",2023-10-24,1,"fog"
"ACT","Junction N of Uriarra village",19,148.9206472,-35.27976389,148.914461,-35.284816,148.926833,-35.274712,1531234.838,-3955318.459,1532234.838,-3954318.459,"20220220",2022-02-20,1,"cloud"
"ACT","Junction N of Uriarra village",19,148.9206472,-35.27976389,148.914461,-35.284816,148.926833,-35.274712,1531234.838,-3955318.459,1532234.838,-3954318.459,"20160625",2016-06-25,1,NA
"ACT","Junction N of Uriarra village",19,148.9206472,-35.27976389,148.914461,-35.284816,148.926833,-35.274712,1531234.838,-3955318.459,1532234.838,-3954318.459,"20150114",2015-01-14,1,"cloud"
"ACT","Junction N of Uriarra village",19,148.9206472,-35.27976389,148.914461,-35.284816,148.926833,-35.274712,1531234.838,-3955318.459,1532234.838,-3954318.459,"20130526",2013-05-26,2,"cloud"
"ACT","Junction N of Uriarra village",19,148.9206472,-35.27976389,148.914461,-35.284816,148.926833,-35.274712,1531234.838,-3955318.459,1532234.838,-3954318.459,"20230905",2023-09-05,1,NA
"ACT","Junction N of Uriarra village",19,148.9206472,-35.27976389,148.914461,-35.284816,148.926833,-35.274712,1531234.838,-3955318.459,1532234.838,-3954318.459,"20220215",2022-02-15,1,NA
"ACT","Junction N of Uriarra village",19,148.9206472,-35.27976389,148.914461,-35.284816,148.926833,-35.274712,1531234.838,-3955318.459,1532234.838,-3954318.459,"20160516",2016-05-16,1,NA
"ACT","Junction N of Uriarra village",19,148.9206472,-35.27976389,148.914461,-35.284816,148.926833,-35.274712,1531234.838,-3955318.459,1532234.838,-3954318.459,"20130111",2013-01-11,1,NA
"ACT","Junction N of Uriarra village",19,148.9206472,-35.27976389,148.914461,-35.284816,148.926833,-35.274712,1531234.838,-3955318.459,1532234.838,-3954318.459,"20220213",2022-02-13,1,"cloud"
"ACT","Junction N of Uriarra village",19,148.9206472,-35.27976389,148.914461,-35.284816,148.926833,-35.274712,1531234.838,-3955318.459,1532234.838,-3954318.459,"20160419",2016-04-19,1,NA
"ACT","Junction N of Uriarra village",19,148.9206472,-35.27976389,148.914461,-35.284816,148.926833,-35.274712,1531234.838,-3955318.459,1532234.838,-3954318.459,"20220202",2022-02-02,1,"cloud"
"ACT","Junction N of Uriarra village",19,148.9206472,-35.27976389,148.914461,-35.284816,148.926833,-35.274712,1531234.838,-3955318.459,1532234.838,-3954318.459,"20160412",2016-04-12,1,"cloud"
"ACT","Junction N of Uriarra village",19,148.9206472,-35.27976389,148.914461,-35.284816,148.926833,-35.274712,1531234.838,-3955318.459,1532234.838,-3954318.459,"20160319",2016-03-19,1,NA
"ACT","Junction N of Uriarra village",19,148.9206472,-35.27976389,148.914461,-35.284816,148.926833,-35.274712,1531234.838,-3955318.459,1532234.838,-3954318.459,"20160223",2016-02-23,1,NA
"ACT","Junction N of Uriarra village",19,148.9206472,-35.27976389,148.914461,-35.284816,148.926833,-35.274712,1531234.838,-3955318.459,1532234.838,-3954318.459,"20160222",2016-02-22,1,NA
"ACT","W of Uriarra",20,148.9128028,-35.28957778,148.906617,-35.29463,148.91899,-35.284526,1530384.902,-3956305.932,1531384.902,-3955305.932,"20251224",2025-12-24,1,"site 20 some overlapping with 19"
"ACT","W of Uriarra",20,148.9128028,-35.28957778,148.906617,-35.29463,148.91899,-35.284526,1530384.902,-3956305.932,1531384.902,-3955305.932,"20240906",2024-09-06,1,"shade"
"ACT","W of Uriarra",20,148.9128028,-35.28957778,148.906617,-35.29463,148.91899,-35.284526,1530384.902,-3956305.932,1531384.902,-3955305.932,"20231106",2023-11-06,1,"shade"
"ACT","W of Uriarra",20,148.9128028,-35.28957778,148.906617,-35.29463,148.91899,-35.284526,1530384.902,-3956305.932,1531384.902,-3955305.932,"20220215",2022-02-15,1,NA
"ACT","W of Uriarra",20,148.9128028,-35.28957778,148.906617,-35.29463,148.91899,-35.284526,1530384.902,-3956305.932,1531384.902,-3955305.932,"20210401",2021-04-01,1,NA
"ACT","W of Uriarra",20,148.9128028,-35.28957778,148.906617,-35.29463,148.91899,-35.284526,1530384.902,-3956305.932,1531384.902,-3955305.932,"20190115",2019-01-15,1,NA
"ACT","W of Uriarra",20,148.9128028,-35.28957778,148.906617,-35.29463,148.91899,-35.284526,1530384.902,-3956305.932,1531384.902,-3955305.932,"20180914",2018-09-14,1,NA
"ACT","W of Uriarra",20,148.9128028,-35.28957778,148.906617,-35.29463,148.91899,-35.284526,1530384.902,-3956305.932,1531384.902,-3955305.932,"20171125",2017-11-25,1,NA
"ACT","W of Uriarra",20,148.9128028,-35.28957778,148.906617,-35.29463,148.91899,-35.284526,1530384.902,-3956305.932,1531384.902,-3955305.932,"20161223",2016-12-23,1,NA
"ACT","W of Uriarra",20,148.9128028,-35.28957778,148.906617,-35.29463,148.91899,-35.284526,1530384.902,-3956305.932,1531384.902,-3955305.932,"20150315",2015-03-15,1,NA
"ACT","W of Uriarra",20,148.9128028,-35.28957778,148.906617,-35.29463,148.91899,-35.284526,1530384.902,-3956305.932,1531384.902,-3955305.932,"20131119",2013-11-19,1,NA
"ACT","W of Uriarra",20,148.9128028,-35.28957778,148.906617,-35.29463,148.91899,-35.284526,1530384.902,-3956305.932,1531384.902,-3955305.932,"20121228",2012-12-28,1,NA
"ACT","W of Uriarra",20,148.9128028,-35.28957778,148.906617,-35.29463,148.91899,-35.284526,1530384.902,-3956305.932,1531384.902,-3955305.932,"20251116",2025-11-16,1,"shade"
"ACT","W of Uriarra",20,148.9128028,-35.28957778,148.906617,-35.29463,148.91899,-35.284526,1530384.902,-3956305.932,1531384.902,-3955305.932,"20231027",2023-10-27,1,"shade very dark"
"ACT","W of Uriarra",20,148.9128028,-35.28957778,148.906617,-35.29463,148.91899,-35.284526,1530384.902,-3956305.932,1531384.902,-3955305.932,"20220213",2022-02-13,1,"cloud"
"ACT","W of Uriarra",20,148.9128028,-35.28957778,148.906617,-35.29463,148.91899,-35.284526,1530384.902,-3956305.932,1531384.902,-3955305.932,"20200830",2020-08-30,1,NA
"ACT","W of Uriarra",20,148.9128028,-35.28957778,148.906617,-35.29463,148.91899,-35.284526,1530384.902,-3956305.932,1531384.902,-3955305.932,"20180313",2018-03-13,1,"cloud"
"ACT","W of Uriarra",20,148.9128028,-35.28957778,148.906617,-35.29463,148.91899,-35.284526,1530384.902,-3956305.932,1531384.902,-3955305.932,"20171031",2017-10-31,1,NA
"ACT","W of Uriarra",20,148.9128028,-35.28957778,148.906617,-35.29463,148.91899,-35.284526,1530384.902,-3956305.932,1531384.902,-3955305.932,"20161210",2016-12-10,1,NA
"ACT","W of Uriarra",20,148.9128028,-35.28957778,148.906617,-35.29463,148.91899,-35.284526,1530384.902,-3956305.932,1531384.902,-3955305.932,"20150114",2015-01-14,1,"cloud"
"ACT","W of Uriarra",20,148.9128028,-35.28957778,148.906617,-35.29463,148.91899,-35.284526,1530384.902,-3956305.932,1531384.902,-3955305.932,"20130907",2013-09-07,1,NA
"ACT","W of Uriarra",20,148.9128028,-35.28957778,148.906617,-35.29463,148.91899,-35.284526,1530384.902,-3956305.932,1531384.902,-3955305.932,"20121221",2012-12-21,1,NA
"ACT","W of Uriarra",20,148.9128028,-35.28957778,148.906617,-35.29463,148.91899,-35.284526,1530384.902,-3956305.932,1531384.902,-3955305.932,"20231024",2023-10-24,1,"shade very bright"
"ACT","W of Uriarra",20,148.9128028,-35.28957778,148.906617,-35.29463,148.91899,-35.284526,1530384.902,-3956305.932,1531384.902,-3955305.932,"20220202",2022-02-02,1,"cloud"
"ACT","W of Uriarra",20,148.9128028,-35.28957778,148.906617,-35.29463,148.91899,-35.284526,1530384.902,-3956305.932,1531384.902,-3955305.932,"20180311",2018-03-11,1,NA
"ACT","W of Uriarra",20,148.9128028,-35.28957778,148.906617,-35.29463,148.91899,-35.284526,1530384.902,-3956305.932,1531384.902,-3955305.932,"20170112",2017-01-12,1,NA
"ACT","W of Uriarra",20,148.9128028,-35.28957778,148.906617,-35.29463,148.91899,-35.284526,1530384.902,-3956305.932,1531384.902,-3955305.932,"20161121",2016-11-21,2,NA
"ACT","W of Uriarra",20,148.9128028,-35.28957778,148.906617,-35.29463,148.91899,-35.284526,1530384.902,-3956305.932,1531384.902,-3955305.932,"20130604",2013-06-04,2,NA
"ACT","W of Uriarra",20,148.9128028,-35.28957778,148.906617,-35.29463,148.91899,-35.284526,1530384.902,-3956305.932,1531384.902,-3955305.932,"20180310",2018-03-10,1,NA
"ACT","W of Uriarra",20,148.9128028,-35.28957778,148.906617,-35.29463,148.91899,-35.284526,1530384.902,-3956305.932,1531384.902,-3955305.932,"20160815",2016-08-15,1,NA
"ACT","W of Uriarra",20,148.9128028,-35.28957778,148.906617,-35.29463,148.91899,-35.284526,1530384.902,-3956305.932,1531384.902,-3955305.932,"20130603",2013-06-03,1,NA
"ACT","W of Uriarra",20,148.9128028,-35.28957778,148.906617,-35.29463,148.91899,-35.284526,1530384.902,-3956305.932,1531384.902,-3955305.932,"20160625",2016-06-25,1,NA
"ACT","W of Uriarra",20,148.9128028,-35.28957778,148.906617,-35.29463,148.91899,-35.284526,1530384.902,-3956305.932,1531384.902,-3955305.932,"20130603",2013-06-03,1,"fog, cloud"
"ACT","W of Uriarra",20,148.9128028,-35.28957778,148.906617,-35.29463,148.91899,-35.284526,1530384.902,-3956305.932,1531384.902,-3955305.932,"20160516",2016-05-16,1,NA
"ACT","W of Uriarra",20,148.9128028,-35.28957778,148.906617,-35.29463,148.91899,-35.284526,1530384.902,-3956305.932,1531384.902,-3955305.932,"20130526",2013-05-26,2,"cloud"
"ACT","W of Uriarra",20,148.9128028,-35.28957778,148.906617,-35.29463,148.91899,-35.284526,1530384.902,-3956305.932,1531384.902,-3955305.932,"20160419",2016-04-19,1,NA
"ACT","W of Uriarra",20,148.9128028,-35.28957778,148.906617,-35.29463,148.91899,-35.284526,1530384.902,-3956305.932,1531384.902,-3955305.932,"20130111",2013-01-11,1,NA
"ACT","W of Uriarra",20,148.9128028,-35.28957778,148.906617,-35.29463,148.91899,-35.284526,1530384.902,-3956305.932,1531384.902,-3955305.932,"20160412",2016-04-12,1,"cloud"
"ACT","W of Uriarra",20,148.9128028,-35.28957778,148.906617,-35.29463,148.91899,-35.284526,1530384.902,-3956305.932,1531384.902,-3955305.932,"20160319",2016-03-19,1,NA
"ACT","W of Uriarra",20,148.9128028,-35.28957778,148.906617,-35.29463,148.91899,-35.284526,1530384.902,-3956305.932,1531384.902,-3955305.932,"20160223",2016-02-23,1,NA
"ACT","W of Uriarra",20,148.9128028,-35.28957778,148.906617,-35.29463,148.91899,-35.284526,1530384.902,-3956305.932,1531384.902,-3955305.932,"20160222",2016-02-22,1,NA
"ACT","S of National Equestrian Centre",21,148.9995,-35.35339167,148.993307,-35.358447,149.005694,-35.348337,1537245.031,-3964378.433,1538245.031,-3963378.433,"20260414",2026-04-14,1,NA
"ACT","S of National Equestrian Centre",21,148.9995,-35.35339167,148.993307,-35.358447,149.005694,-35.348337,1537245.031,-3964378.433,1538245.031,-3963378.433,"20251207",2025-12-07,1,NA
"ACT","S of National Equestrian Centre",21,148.9995,-35.35339167,148.993307,-35.358447,149.005694,-35.348337,1537245.031,-3964378.433,1538245.031,-3963378.433,"20240901",2024-09-01,1,NA
"ACT","S of National Equestrian Centre",21,148.9995,-35.35339167,148.993307,-35.358447,149.005694,-35.348337,1537245.031,-3964378.433,1538245.031,-3963378.433,"20231011",2023-10-11,1,NA
"ACT","S of National Equestrian Centre",21,148.9995,-35.35339167,148.993307,-35.358447,149.005694,-35.348337,1537245.031,-3964378.433,1538245.031,-3963378.433,"20221203",2022-12-03,1,NA
"ACT","S of National Equestrian Centre",21,148.9995,-35.35339167,148.993307,-35.358447,149.005694,-35.348337,1537245.031,-3964378.433,1538245.031,-3963378.433,"20210917",2021-09-17,1,NA
"ACT","S of National Equestrian Centre",21,148.9995,-35.35339167,148.993307,-35.358447,149.005694,-35.348337,1537245.031,-3964378.433,1538245.031,-3963378.433,"20201001",2020-10-01,1,NA
"ACT","S of National Equestrian Centre",21,148.9995,-35.35339167,148.993307,-35.358447,149.005694,-35.348337,1537245.031,-3964378.433,1538245.031,-3963378.433,"20191125",2019-11-25,1,NA
"ACT","S of National Equestrian Centre",21,148.9995,-35.35339167,148.993307,-35.358447,149.005694,-35.348337,1537245.031,-3964378.433,1538245.031,-3963378.433,"20181107",2018-11-07,1,"weird image red"
"ACT","S of National Equestrian Centre",21,148.9995,-35.35339167,148.993307,-35.358447,149.005694,-35.348337,1537245.031,-3964378.433,1538245.031,-3963378.433,"20170828",2017-08-28,1,NA
"ACT","S of National Equestrian Centre",21,148.9995,-35.35339167,148.993307,-35.358447,149.005694,-35.348337,1537245.031,-3964378.433,1538245.031,-3963378.433,"20161212",2016-12-12,1,NA
"ACT","S of National Equestrian Centre",21,148.9995,-35.35339167,148.993307,-35.358447,149.005694,-35.348337,1537245.031,-3964378.433,1538245.031,-3963378.433,"20150429",2015-04-29,1,NA
"ACT","S of National Equestrian Centre",21,148.9995,-35.35339167,148.993307,-35.358447,149.005694,-35.348337,1537245.031,-3964378.433,1538245.031,-3963378.433,"20140820",2014-08-20,1,NA
"ACT","S of National Equestrian Centre",21,148.9995,-35.35339167,148.993307,-35.358447,149.005694,-35.348337,1537245.031,-3964378.433,1538245.031,-3963378.433,"20130907",2013-09-07,1,NA
"ACT","S of National Equestrian Centre",21,148.9995,-35.35339167,148.993307,-35.358447,149.005694,-35.348337,1537245.031,-3964378.433,1538245.031,-3963378.433,"20121228",2012-12-28,1,NA
"ACT","S of National Equestrian Centre",21,148.9995,-35.35339167,148.993307,-35.358447,149.005694,-35.348337,1537245.031,-3964378.433,1538245.031,-3963378.433,"20260409",2026-04-09,1,"cloud"
"ACT","S of National Equestrian Centre",21,148.9995,-35.35339167,148.993307,-35.358447,149.005694,-35.348337,1537245.031,-3964378.433,1538245.031,-3963378.433,"20250905",2025-09-05,1,NA
"ACT","S of National Equestrian Centre",21,148.9995,-35.35339167,148.993307,-35.358447,149.005694,-35.348337,1537245.031,-3964378.433,1538245.031,-3963378.433,"20240218",2024-02-18,1,NA
"ACT","S of National Equestrian Centre",21,148.9995,-35.35339167,148.993307,-35.358447,149.005694,-35.348337,1537245.031,-3964378.433,1538245.031,-3963378.433,"20230826",2023-08-26,1,NA
"ACT","S of National Equestrian Centre",21,148.9995,-35.35339167,148.993307,-35.358447,149.005694,-35.348337,1537245.031,-3964378.433,1538245.031,-3963378.433,"20221128",2022-11-28,1,"cloud"
"ACT","S of National Equestrian Centre",21,148.9995,-35.35339167,148.993307,-35.358447,149.005694,-35.348337,1537245.031,-3964378.433,1538245.031,-3963378.433,"20210215",2021-02-15,2,NA
"ACT","S of National Equestrian Centre",21,148.9995,-35.35339167,148.993307,-35.358447,149.005694,-35.348337,1537245.031,-3964378.433,1538245.031,-3963378.433,"20200830",2020-08-30,1,NA
"ACT","S of National Equestrian Centre",21,148.9995,-35.35339167,148.993307,-35.358447,149.005694,-35.348337,1537245.031,-3964378.433,1538245.031,-3963378.433,"20191117",2019-11-17,1,NA
"ACT","S of National Equestrian Centre",21,148.9995,-35.35339167,148.993307,-35.358447,149.005694,-35.348337,1537245.031,-3964378.433,1538245.031,-3963378.433,"20181106",2018-11-06,1,"cloud"
"ACT","S of National Equestrian Centre",21,148.9995,-35.35339167,148.993307,-35.358447,149.005694,-35.348337,1537245.031,-3964378.433,1538245.031,-3963378.433,"20170213",2017-02-13,1,NA
"ACT","S of National Equestrian Centre",21,148.9995,-35.35339167,148.993307,-35.358447,149.005694,-35.348337,1537245.031,-3964378.433,1538245.031,-3963378.433,"20161211",2016-12-11,1,"some cloud"
"ACT","S of National Equestrian Centre",21,148.9995,-35.35339167,148.993307,-35.358447,149.005694,-35.348337,1537245.031,-3964378.433,1538245.031,-3963378.433,"20150428",2015-04-28,1,NA
"ACT","S of National Equestrian Centre",21,148.9995,-35.35339167,148.993307,-35.358447,149.005694,-35.348337,1537245.031,-3964378.433,1538245.031,-3963378.433,"20140210",2014-02-10,1,NA
"ACT","S of National Equestrian Centre",21,148.9995,-35.35339167,148.993307,-35.358447,149.005694,-35.348337,1537245.031,-3964378.433,1538245.031,-3963378.433,"20130604",2013-06-04,1,NA
"ACT","S of National Equestrian Centre",21,148.9995,-35.35339167,148.993307,-35.358447,149.005694,-35.348337,1537245.031,-3964378.433,1538245.031,-3963378.433,"20121221",2012-12-21,1,NA
"ACT","S of National Equestrian Centre",21,148.9995,-35.35339167,148.993307,-35.358447,149.005694,-35.348337,1537245.031,-3964378.433,1538245.031,-3963378.433,"20260408",2026-04-08,1,NA
"ACT","S of National Equestrian Centre",21,148.9995,-35.35339167,148.993307,-35.358447,149.005694,-35.348337,1537245.031,-3964378.433,1538245.031,-3963378.433,"20250811",2025-08-11,1,NA
"ACT","S of National Equestrian Centre",21,148.9995,-35.35339167,148.993307,-35.358447,149.005694,-35.348337,1537245.031,-3964378.433,1538245.031,-3963378.433,"20230405",2023-04-05,1,"cloud"
"ACT","S of National Equestrian Centre",21,148.9995,-35.35339167,148.993307,-35.358447,149.005694,-35.348337,1537245.031,-3964378.433,1538245.031,-3963378.433,"20221127",2022-11-27,1,"cloud"
"ACT","S of National Equestrian Centre",21,148.9995,-35.35339167,148.993307,-35.358447,149.005694,-35.348337,1537245.031,-3964378.433,1538245.031,-3963378.433,"20200709",2020-07-09,2,NA
"ACT","S of National Equestrian Centre",21,148.9995,-35.35339167,148.993307,-35.358447,149.005694,-35.348337,1537245.031,-3964378.433,1538245.031,-3963378.433,"20190410",2019-04-10,1,NA
"ACT","S of National Equestrian Centre",21,148.9995,-35.35339167,148.993307,-35.358447,149.005694,-35.348337,1537245.031,-3964378.433,1538245.031,-3963378.433,"20181105",2018-11-05,1,"cloud"
"ACT","S of National Equestrian Centre",21,148.9995,-35.35339167,148.993307,-35.358447,149.005694,-35.348337,1537245.031,-3964378.433,1538245.031,-3963378.433,"20170112",2017-01-12,3,NA
"ACT","S of National Equestrian Centre",21,148.9995,-35.35339167,148.993307,-35.358447,149.005694,-35.348337,1537245.031,-3964378.433,1538245.031,-3963378.433,"20161210",2016-12-10,1,NA
"ACT","S of National Equestrian Centre",21,148.9995,-35.35339167,148.993307,-35.358447,149.005694,-35.348337,1537245.031,-3964378.433,1538245.031,-3963378.433,"20150422",2015-04-22,1,NA
"ACT","S of National Equestrian Centre",21,148.9995,-35.35339167,148.993307,-35.358447,149.005694,-35.348337,1537245.031,-3964378.433,1538245.031,-3963378.433,"20140130",2014-01-30,1,NA
"ACT","S of National Equestrian Centre",21,148.9995,-35.35339167,148.993307,-35.358447,149.005694,-35.348337,1537245.031,-3964378.433,1538245.031,-3963378.433,"20130603",2013-06-03,1,NA
"ACT","S of National Equestrian Centre",21,148.9995,-35.35339167,148.993307,-35.358447,149.005694,-35.348337,1537245.031,-3964378.433,1538245.031,-3963378.433,"20250810",2025-08-10,1,"fog, very dark"
"ACT","S of National Equestrian Centre",21,148.9995,-35.35339167,148.993307,-35.358447,149.005694,-35.348337,1537245.031,-3964378.433,1538245.031,-3963378.433,"20221025",2022-10-25,1,"cloud shade"
"ACT","S of National Equestrian Centre",21,148.9995,-35.35339167,148.993307,-35.358447,149.005694,-35.348337,1537245.031,-3964378.433,1538245.031,-3963378.433,"20200619",2020-06-19,2,NA
"ACT","S of National Equestrian Centre",21,148.9995,-35.35339167,148.993307,-35.358447,149.005694,-35.348337,1537245.031,-3964378.433,1538245.031,-3963378.433,"20190315",2019-03-15,1,"cloud"
"ACT","S of National Equestrian Centre",21,148.9995,-35.35339167,148.993307,-35.358447,149.005694,-35.348337,1537245.031,-3964378.433,1538245.031,-3963378.433,"20181104",2018-11-04,1,"fog"
"ACT","S of National Equestrian Centre",21,148.9995,-35.35339167,148.993307,-35.358447,149.005694,-35.348337,1537245.031,-3964378.433,1538245.031,-3963378.433,"20170111",2017-01-11,1,"darker"
"ACT","S of National Equestrian Centre",21,148.9995,-35.35339167,148.993307,-35.358447,149.005694,-35.348337,1537245.031,-3964378.433,1538245.031,-3963378.433,"20161121",2016-11-21,2,NA
"ACT","S of National Equestrian Centre",21,148.9995,-35.35339167,148.993307,-35.358447,149.005694,-35.348337,1537245.031,-3964378.433,1538245.031,-3963378.433,"20150315",2015-03-15,1,NA
"ACT","S of National Equestrian Centre",21,148.9995,-35.35339167,148.993307,-35.358447,149.005694,-35.348337,1537245.031,-3964378.433,1538245.031,-3963378.433,"20140129",2014-01-29,1,NA
"ACT","S of National Equestrian Centre",21,148.9995,-35.35339167,148.993307,-35.358447,149.005694,-35.348337,1537245.031,-3964378.433,1538245.031,-3963378.433,"20130526",2013-05-26,1,"cloud"
"ACT","S of National Equestrian Centre",21,148.9995,-35.35339167,148.993307,-35.358447,149.005694,-35.348337,1537245.031,-3964378.433,1538245.031,-3963378.433,"20220126",2022-01-26,1,"cloud"
"ACT","S of National Equestrian Centre",21,148.9995,-35.35339167,148.993307,-35.358447,149.005694,-35.348337,1537245.031,-3964378.433,1538245.031,-3963378.433,"20200301",2020-03-01,1,"cloud"
"ACT","S of National Equestrian Centre",21,148.9995,-35.35339167,148.993307,-35.358447,149.005694,-35.348337,1537245.031,-3964378.433,1538245.031,-3963378.433,"20190310",2019-03-10,1,NA
"ACT","S of National Equestrian Centre",21,148.9995,-35.35339167,148.993307,-35.358447,149.005694,-35.348337,1537245.031,-3964378.433,1538245.031,-3963378.433,"20180914",2018-09-14,1,NA
"ACT","S of National Equestrian Centre",21,148.9995,-35.35339167,148.993307,-35.358447,149.005694,-35.348337,1537245.031,-3964378.433,1538245.031,-3963378.433,"20170106",2017-01-06,1,"some cloud"
"ACT","S of National Equestrian Centre",21,148.9995,-35.35339167,148.993307,-35.358447,149.005694,-35.348337,1537245.031,-3964378.433,1538245.031,-3963378.433,"20160815",2016-08-15,3,NA
"ACT","S of National Equestrian Centre",21,148.9995,-35.35339167,148.993307,-35.358447,149.005694,-35.348337,1537245.031,-3964378.433,1538245.031,-3963378.433,"20150314",2015-03-14,1,NA
"ACT","S of National Equestrian Centre",21,148.9995,-35.35339167,148.993307,-35.358447,149.005694,-35.348337,1537245.031,-3964378.433,1538245.031,-3963378.433,"20130111",2013-01-11,1,NA
"ACT","S of National Equestrian Centre",21,148.9995,-35.35339167,148.993307,-35.358447,149.005694,-35.348337,1537245.031,-3964378.433,1538245.031,-3963378.433,"20220120",2022-01-20,1,"cloud"
"ACT","S of National Equestrian Centre",21,148.9995,-35.35339167,148.993307,-35.358447,149.005694,-35.348337,1537245.031,-3964378.433,1538245.031,-3963378.433,"20190309",2019-03-09,1,NA
"ACT","S of National Equestrian Centre",21,148.9995,-35.35339167,148.993307,-35.358447,149.005694,-35.348337,1537245.031,-3964378.433,1538245.031,-3963378.433,"20180903",2018-09-03,1,"cloud"
"ACT","S of National Equestrian Centre",21,148.9995,-35.35339167,148.993307,-35.358447,149.005694,-35.348337,1537245.031,-3964378.433,1538245.031,-3963378.433,"20160803",2016-08-03,1,NA
"ACT","S of National Equestrian Centre",21,148.9995,-35.35339167,148.993307,-35.358447,149.005694,-35.348337,1537245.031,-3964378.433,1538245.031,-3963378.433,"20150210",2015-02-10,1,"cloud, very dark"
"ACT","S of National Equestrian Centre",21,148.9995,-35.35339167,148.993307,-35.358447,149.005694,-35.348337,1537245.031,-3964378.433,1538245.031,-3963378.433,"20180313",2018-03-13,1,"cloud"
"ACT","S of National Equestrian Centre",21,148.9995,-35.35339167,148.993307,-35.358447,149.005694,-35.348337,1537245.031,-3964378.433,1538245.031,-3963378.433,"20160714",2016-07-14,1,NA
"ACT","S of National Equestrian Centre",21,148.9995,-35.35339167,148.993307,-35.358447,149.005694,-35.348337,1537245.031,-3964378.433,1538245.031,-3963378.433,"20150209",2015-02-09,1,NA
"ACT","S of National Equestrian Centre",21,148.9995,-35.35339167,148.993307,-35.358447,149.005694,-35.348337,1537245.031,-3964378.433,1538245.031,-3963378.433,"20180311",2018-03-11,1,NA
"ACT","S of National Equestrian Centre",21,148.9995,-35.35339167,148.993307,-35.358447,149.005694,-35.348337,1537245.031,-3964378.433,1538245.031,-3963378.433,"20160625",2016-06-25,2,NA
"ACT","S of National Equestrian Centre",21,148.9995,-35.35339167,148.993307,-35.358447,149.005694,-35.348337,1537245.031,-3964378.433,1538245.031,-3963378.433,"20150114",2015-01-14,1,NA
"ACT","S of National Equestrian Centre",21,148.9995,-35.35339167,148.993307,-35.358447,149.005694,-35.348337,1537245.031,-3964378.433,1538245.031,-3963378.433,"20180310",2018-03-10,1,NA
"ACT","S of National Equestrian Centre",21,148.9995,-35.35339167,148.993307,-35.358447,149.005694,-35.348337,1537245.031,-3964378.433,1538245.031,-3963378.433,"20160516",2016-05-16,1,NA
"ACT","S of National Equestrian Centre",21,148.9995,-35.35339167,148.993307,-35.358447,149.005694,-35.348337,1537245.031,-3964378.433,1538245.031,-3963378.433,"20160419",2016-04-19,1,NA
"ACT","S of National Equestrian Centre",21,148.9995,-35.35339167,148.993307,-35.358447,149.005694,-35.348337,1537245.031,-3964378.433,1538245.031,-3963378.433,"20160414",2016-04-14,1,NA
"ACT","S of National Equestrian Centre",21,148.9995,-35.35339167,148.993307,-35.358447,149.005694,-35.348337,1537245.031,-3964378.433,1538245.031,-3963378.433,"20160413",2016-04-13,1,"cloud"
"ACT","S of National Equestrian Centre",21,148.9995,-35.35339167,148.993307,-35.358447,149.005694,-35.348337,1537245.031,-3964378.433,1538245.031,-3963378.433,"20160412",2016-04-12,2,"cloud"
"ACT","S of National Equestrian Centre",21,148.9995,-35.35339167,148.993307,-35.358447,149.005694,-35.348337,1537245.031,-3964378.433,1538245.031,-3963378.433,"20160319",2016-03-19,2,NA
"ACT","S of National Equestrian Centre",21,148.9995,-35.35339167,148.993307,-35.358447,149.005694,-35.348337,1537245.031,-3964378.433,1538245.031,-3963378.433,"20160323",2016-03-23,2,NA
"ACT","S of National Equestrian Centre",21,148.9995,-35.35339167,148.993307,-35.358447,149.005694,-35.348337,1537245.031,-3964378.433,1538245.031,-3963378.433,"20160222",2016-02-22,1,NA
"ACT","Lambrigg Lookout",22,149.0468056,-35.47409722,149.040604,-35.479155,149.053009,-35.469039,1539714.223,-3978243.976,1540714.223,-3977243.976,"20260414",2026-04-14,1,NA
"ACT","Lambrigg Lookout",22,149.0468056,-35.47409722,149.040604,-35.479155,149.053009,-35.469039,1539714.223,-3978243.976,1540714.223,-3977243.976,"20251219",2025-12-19,1,NA
"ACT","Lambrigg Lookout",22,149.0468056,-35.47409722,149.040604,-35.479155,149.053009,-35.469039,1539714.223,-3978243.976,1540714.223,-3977243.976,"20240901",2024-09-01,1,NA
"ACT","Lambrigg Lookout",22,149.0468056,-35.47409722,149.040604,-35.479155,149.053009,-35.469039,1539714.223,-3978243.976,1540714.223,-3977243.976,"20231011",2023-10-11,1,NA
"ACT","Lambrigg Lookout",22,149.0468056,-35.47409722,149.040604,-35.479155,149.053009,-35.469039,1539714.223,-3978243.976,1540714.223,-3977243.976,"20221211",2022-12-11,1,NA
"ACT","Lambrigg Lookout",22,149.0468056,-35.47409722,149.040604,-35.479155,149.053009,-35.469039,1539714.223,-3978243.976,1540714.223,-3977243.976,"20210917",2021-09-17,1,NA
"ACT","Lambrigg Lookout",22,149.0468056,-35.47409722,149.040604,-35.479155,149.053009,-35.469039,1539714.223,-3978243.976,1540714.223,-3977243.976,"20201015",2020-10-15,1,NA
"ACT","Lambrigg Lookout",22,149.0468056,-35.47409722,149.040604,-35.479155,149.053009,-35.469039,1539714.223,-3978243.976,1540714.223,-3977243.976,"20191125",2019-11-25,1,NA
"ACT","Lambrigg Lookout",22,149.0468056,-35.47409722,149.040604,-35.479155,149.053009,-35.469039,1539714.223,-3978243.976,1540714.223,-3977243.976,"20180914",2018-09-14,1,NA
"ACT","Lambrigg Lookout",22,149.0468056,-35.47409722,149.040604,-35.479155,149.053009,-35.469039,1539714.223,-3978243.976,1540714.223,-3977243.976,"20171120",2017-11-20,1,NA
"ACT","Lambrigg Lookout",22,149.0468056,-35.47409722,149.040604,-35.479155,149.053009,-35.469039,1539714.223,-3978243.976,1540714.223,-3977243.976,"20161212",2016-12-12,1,"some cloud"
"ACT","Lambrigg Lookout",22,149.0468056,-35.47409722,149.040604,-35.479155,149.053009,-35.469039,1539714.223,-3978243.976,1540714.223,-3977243.976,"20150429",2015-04-29,1,NA
"ACT","Lambrigg Lookout",22,149.0468056,-35.47409722,149.040604,-35.479155,149.053009,-35.469039,1539714.223,-3978243.976,1540714.223,-3977243.976,"20240820",2024-08-20,1,NA
"ACT","Lambrigg Lookout",22,149.0468056,-35.47409722,149.040604,-35.479155,149.053009,-35.469039,1539714.223,-3978243.976,1540714.223,-3977243.976,"20130907",2013-09-07,2,NA
"ACT","Lambrigg Lookout",22,149.0468056,-35.47409722,149.040604,-35.479155,149.053009,-35.469039,1539714.223,-3978243.976,1540714.223,-3977243.976,"20121228",2012-12-28,1,NA
"ACT","Lambrigg Lookout",22,149.0468056,-35.47409722,149.040604,-35.479155,149.053009,-35.469039,1539714.223,-3978243.976,1540714.223,-3977243.976,"20260409",2026-04-09,1,NA
"ACT","Lambrigg Lookout",22,149.0468056,-35.47409722,149.040604,-35.479155,149.053009,-35.469039,1539714.223,-3978243.976,1540714.223,-3977243.976,"20251207",2025-12-07,1,NA
"ACT","Lambrigg Lookout",22,149.0468056,-35.47409722,149.040604,-35.479155,149.053009,-35.469039,1539714.223,-3978243.976,1540714.223,-3977243.976,"20240226",2024-02-26,1,"cloud"
"ACT","Lambrigg Lookout",22,149.0468056,-35.47409722,149.040604,-35.479155,149.053009,-35.469039,1539714.223,-3978243.976,1540714.223,-3977243.976,"20230826",2023-08-26,1,NA
"ACT","Lambrigg Lookout",22,149.0468056,-35.47409722,149.040604,-35.479155,149.053009,-35.469039,1539714.223,-3978243.976,1540714.223,-3977243.976,"20221210",2022-12-10,1,"some cloud and shade"
"ACT","Lambrigg Lookout",22,149.0468056,-35.47409722,149.040604,-35.479155,149.053009,-35.469039,1539714.223,-3978243.976,1540714.223,-3977243.976,"20210215",2021-02-15,1,NA
"ACT","Lambrigg Lookout",22,149.0468056,-35.47409722,149.040604,-35.479155,149.053009,-35.469039,1539714.223,-3978243.976,1540714.223,-3977243.976,"20201008",2020-10-08,1,"some cloud and shade"
"ACT","Lambrigg Lookout",22,149.0468056,-35.47409722,149.040604,-35.479155,149.053009,-35.469039,1539714.223,-3978243.976,1540714.223,-3977243.976,"20191124",2019-11-24,1,"cloud"
"ACT","Lambrigg Lookout",22,149.0468056,-35.47409722,149.040604,-35.479155,149.053009,-35.469039,1539714.223,-3978243.976,1540714.223,-3977243.976,"20180903",2018-09-03,1,"cloud"
"ACT","Lambrigg Lookout",22,149.0468056,-35.47409722,149.040604,-35.479155,149.053009,-35.469039,1539714.223,-3978243.976,1540714.223,-3977243.976,"20170516",2017-05-16,1,NA
"ACT","Lambrigg Lookout",22,149.0468056,-35.47409722,149.040604,-35.479155,149.053009,-35.469039,1539714.223,-3978243.976,1540714.223,-3977243.976,"20161211",2016-12-11,1,"some cloud"
"ACT","Lambrigg Lookout",22,149.0468056,-35.47409722,149.040604,-35.479155,149.053009,-35.469039,1539714.223,-3978243.976,1540714.223,-3977243.976,"20150428",2015-04-28,1,NA
"ACT","Lambrigg Lookout",22,149.0468056,-35.47409722,149.040604,-35.479155,149.053009,-35.469039,1539714.223,-3978243.976,1540714.223,-3977243.976,"20140210",2014-02-10,1,NA
"ACT","Lambrigg Lookout",22,149.0468056,-35.47409722,149.040604,-35.479155,149.053009,-35.469039,1539714.223,-3978243.976,1540714.223,-3977243.976,"20130604",2013-06-04,1,NA
"ACT","Lambrigg Lookout",22,149.0468056,-35.47409722,149.040604,-35.479155,149.053009,-35.469039,1539714.223,-3978243.976,1540714.223,-3977243.976,"20250905",2025-09-05,1,NA
"ACT","Lambrigg Lookout",22,149.0468056,-35.47409722,149.040604,-35.479155,149.053009,-35.469039,1539714.223,-3978243.976,1540714.223,-3977243.976,"20240225",2024-02-25,2,"one with cloud"
"ACT","Lambrigg Lookout",22,149.0468056,-35.47409722,149.040604,-35.479155,149.053009,-35.469039,1539714.223,-3978243.976,1540714.223,-3977243.976,"20230405",2023-04-05,1,NA
"ACT","Lambrigg Lookout",22,149.0468056,-35.47409722,149.040604,-35.479155,149.053009,-35.469039,1539714.223,-3978243.976,1540714.223,-3977243.976,"20221209",2022-12-09,1,NA
"ACT","Lambrigg Lookout",22,149.0468056,-35.47409722,149.040604,-35.479155,149.053009,-35.469039,1539714.223,-3978243.976,1540714.223,-3977243.976,"20200830",2020-08-30,1,NA
"ACT","Lambrigg Lookout",22,149.0468056,-35.47409722,149.040604,-35.479155,149.053009,-35.469039,1539714.223,-3978243.976,1540714.223,-3977243.976,"20191117",2019-11-17,2,NA
"ACT","Lambrigg Lookout",22,149.0468056,-35.47409722,149.040604,-35.479155,149.053009,-35.469039,1539714.223,-3978243.976,1540714.223,-3977243.976,"20180311",2018-03-11,1,NA
"ACT","Lambrigg Lookout",22,149.0468056,-35.47409722,149.040604,-35.479155,149.053009,-35.469039,1539714.223,-3978243.976,1540714.223,-3977243.976,"20170213",2017-02-13,1,NA
"ACT","Lambrigg Lookout",22,149.0468056,-35.47409722,149.040604,-35.479155,149.053009,-35.469039,1539714.223,-3978243.976,1540714.223,-3977243.976,"20161121",2016-11-21,1,NA
"ACT","Lambrigg Lookout",22,149.0468056,-35.47409722,149.040604,-35.479155,149.053009,-35.469039,1539714.223,-3978243.976,1540714.223,-3977243.976,"20150422",2015-04-22,1,"a lot of dark shade"
"ACT","Lambrigg Lookout",22,149.0468056,-35.47409722,149.040604,-35.479155,149.053009,-35.469039,1539714.223,-3978243.976,1540714.223,-3977243.976,"20130603",2013-06-03,1,"some cloud"
"ACT","Lambrigg Lookout",22,149.0468056,-35.47409722,149.040604,-35.479155,149.053009,-35.469039,1539714.223,-3978243.976,1540714.223,-3977243.976,"20250811",2025-08-11,1,NA
"ACT","Lambrigg Lookout",22,149.0468056,-35.47409722,149.040604,-35.479155,149.053009,-35.469039,1539714.223,-3978243.976,1540714.223,-3977243.976,"20240219",2024-02-19,1,"cloud"
"ACT","Lambrigg Lookout",22,149.0468056,-35.47409722,149.040604,-35.479155,149.053009,-35.469039,1539714.223,-3978243.976,1540714.223,-3977243.976,"20221203",2022-12-03,1,NA
"ACT","Lambrigg Lookout",22,149.0468056,-35.47409722,149.040604,-35.479155,149.053009,-35.469039,1539714.223,-3978243.976,1540714.223,-3977243.976,"20200301",2020-03-01,1,"cloud"
"ACT","Lambrigg Lookout",22,149.0468056,-35.47409722,149.040604,-35.479155,149.053009,-35.469039,1539714.223,-3978243.976,1540714.223,-3977243.976,"20190417",2019-04-17,1,NA
"ACT","Lambrigg Lookout",22,149.0468056,-35.47409722,149.040604,-35.479155,149.053009,-35.469039,1539714.223,-3978243.976,1540714.223,-3977243.976,"20180310",2018-03-10,1,NA
"ACT","Lambrigg Lookout",22,149.0468056,-35.47409722,149.040604,-35.479155,149.053009,-35.469039,1539714.223,-3978243.976,1540714.223,-3977243.976,"20170112",2017-01-12,2,NA
"ACT","Lambrigg Lookout",22,149.0468056,-35.47409722,149.040604,-35.479155,149.053009,-35.469039,1539714.223,-3978243.976,1540714.223,-3977243.976,"20160815",2016-08-15,2,NA
"ACT","Lambrigg Lookout",22,149.0468056,-35.47409722,149.040604,-35.479155,149.053009,-35.469039,1539714.223,-3978243.976,1540714.223,-3977243.976,"20150223",2015-02-23,1,NA
"ACT","Lambrigg Lookout",22,149.0468056,-35.47409722,149.040604,-35.479155,149.053009,-35.469039,1539714.223,-3978243.976,1540714.223,-3977243.976,"20130526",2013-05-26,1,"cloud"
"ACT","Lambrigg Lookout",22,149.0468056,-35.47409722,149.040604,-35.479155,149.053009,-35.469039,1539714.223,-3978243.976,1540714.223,-3977243.976,"20250810",2025-08-10,1,NA
"ACT","Lambrigg Lookout",22,149.0468056,-35.47409722,149.040604,-35.479155,149.053009,-35.469039,1539714.223,-3978243.976,1540714.223,-3977243.976,"20240218",2024-02-18,1,NA
"ACT","Lambrigg Lookout",22,149.0468056,-35.47409722,149.040604,-35.479155,149.053009,-35.469039,1539714.223,-3978243.976,1540714.223,-3977243.976,"20221128",2022-11-28,1,"cloud"
"ACT","Lambrigg Lookout",22,149.0468056,-35.47409722,149.040604,-35.479155,149.053009,-35.469039,1539714.223,-3978243.976,1540714.223,-3977243.976,"20200224",2020-02-24,1,NA
"ACT","Lambrigg Lookout",22,149.0468056,-35.47409722,149.040604,-35.479155,149.053009,-35.469039,1539714.223,-3978243.976,1540714.223,-3977243.976,"20190410",2019-04-10,1,NA
"ACT","Lambrigg Lookout",22,149.0468056,-35.47409722,149.040604,-35.479155,149.053009,-35.469039,1539714.223,-3978243.976,1540714.223,-3977243.976,"20170111",2017-01-11,1,NA
"ACT","Lambrigg Lookout",22,149.0468056,-35.47409722,149.040604,-35.479155,149.053009,-35.469039,1539714.223,-3978243.976,1540714.223,-3977243.976,"20160629",2016-06-29,1,NA
"ACT","Lambrigg Lookout",22,149.0468056,-35.47409722,149.040604,-35.479155,149.053009,-35.469039,1539714.223,-3978243.976,1540714.223,-3977243.976,"20150222",2015-02-22,1,"cloud"
"ACT","Lambrigg Lookout",22,149.0468056,-35.47409722,149.040604,-35.479155,149.053009,-35.469039,1539714.223,-3978243.976,1540714.223,-3977243.976,"20130111",2013-01-11,1,NA
"ACT","Lambrigg Lookout",22,149.0468056,-35.47409722,149.040604,-35.479155,149.053009,-35.469039,1539714.223,-3978243.976,1540714.223,-3977243.976,"20250804",2025-08-04,1,"cloud"
"ACT","Lambrigg Lookout",22,149.0468056,-35.47409722,149.040604,-35.479155,149.053009,-35.469039,1539714.223,-3978243.976,1540714.223,-3977243.976,"20221127",2022-11-27,1,"cloud"
"ACT","Lambrigg Lookout",22,149.0468056,-35.47409722,149.040604,-35.479155,149.053009,-35.469039,1539714.223,-3978243.976,1540714.223,-3977243.976,"20200223",2020-02-23,1,"cloud"
"ACT","Lambrigg Lookout",22,149.0468056,-35.47409722,149.040604,-35.479155,149.053009,-35.469039,1539714.223,-3978243.976,1540714.223,-3977243.976,"20190315",2019-03-15,1,"cloud"
"ACT","Lambrigg Lookout",22,149.0468056,-35.47409722,149.040604,-35.479155,149.053009,-35.469039,1539714.223,-3978243.976,1540714.223,-3977243.976,"20170106",2017-01-06,1,"some cloud and shade"
"ACT","Lambrigg Lookout",22,149.0468056,-35.47409722,149.040604,-35.479155,149.053009,-35.469039,1539714.223,-3978243.976,1540714.223,-3977243.976,"20160516",2016-05-16,1,NA
"ACT","Lambrigg Lookout",22,149.0468056,-35.47409722,149.040604,-35.479155,149.053009,-35.469039,1539714.223,-3978243.976,1540714.223,-3977243.976,"20150210",2015-02-10,1,"cloud"
"ACT","Lambrigg Lookout",22,149.0468056,-35.47409722,149.040604,-35.479155,149.053009,-35.469039,1539714.223,-3978243.976,1540714.223,-3977243.976,"20130104",2013-01-04,1,NA
"ACT","Lambrigg Lookout",22,149.0468056,-35.47409722,149.040604,-35.479155,149.053009,-35.469039,1539714.223,-3978243.976,1540714.223,-3977243.976,"20221115",2022-11-15,1,"cloud"
"ACT","Lambrigg Lookout",22,149.0468056,-35.47409722,149.040604,-35.479155,149.053009,-35.469039,1539714.223,-3978243.976,1540714.223,-3977243.976,"20190310",2019-03-10,1,NA
"ACT","Lambrigg Lookout",22,149.0468056,-35.47409722,149.040604,-35.479155,149.053009,-35.469039,1539714.223,-3978243.976,1540714.223,-3977243.976,"20160426",2016-04-26,1,NA
"ACT","Lambrigg Lookout",22,149.0468056,-35.47409722,149.040604,-35.479155,149.053009,-35.469039,1539714.223,-3978243.976,1540714.223,-3977243.976,"20150209",2015-02-09,1,"cloud"
"ACT","Lambrigg Lookout",22,149.0468056,-35.47409722,149.040604,-35.479155,149.053009,-35.469039,1539714.223,-3978243.976,1540714.223,-3977243.976,"20190309",2019-03-09,1,NA
"ACT","Lambrigg Lookout",22,149.0468056,-35.47409722,149.040604,-35.479155,149.053009,-35.469039,1539714.223,-3978243.976,1540714.223,-3977243.976,"20160425",2016-04-25,1,NA
"ACT","Lambrigg Lookout",22,149.0468056,-35.47409722,149.040604,-35.479155,149.053009,-35.469039,1539714.223,-3978243.976,1540714.223,-3977243.976,"20150115",2015-01-15,1,NA
"ACT","Lambrigg Lookout",22,149.0468056,-35.47409722,149.040604,-35.479155,149.053009,-35.469039,1539714.223,-3978243.976,1540714.223,-3977243.976,"20190130",2019-01-30,1,NA
"ACT","Lambrigg Lookout",22,149.0468056,-35.47409722,149.040604,-35.479155,149.053009,-35.469039,1539714.223,-3978243.976,1540714.223,-3977243.976,"20160413",2016-04-13,1,"cloud"
"ACT","Lambrigg Lookout",22,149.0468056,-35.47409722,149.040604,-35.479155,149.053009,-35.469039,1539714.223,-3978243.976,1540714.223,-3977243.976,"20150114",2015-01-14,1,"cloud"
"ACT","Lambrigg Lookout",22,149.0468056,-35.47409722,149.040604,-35.479155,149.053009,-35.469039,1539714.223,-3978243.976,1540714.223,-3977243.976,"20160319",2016-03-19,1,NA
"ACT","Lambrigg Lookout",22,149.0468056,-35.47409722,149.040604,-35.479155,149.053009,-35.469039,1539714.223,-3978243.976,1540714.223,-3977243.976,"20160223",2016-02-23,1,NA
"ACT","Lambrigg Lookout",22,149.0468056,-35.47409722,149.040604,-35.479155,149.053009,-35.469039,1539714.223,-3978243.976,1540714.223,-3977243.976,"20160222",2016-02-22,1,NA
"ACT","Lambrigg Lookout",22,149.0468056,-35.47409722,149.040604,-35.479155,149.053009,-35.469039,1539714.223,-3978243.976,1540714.223,-3977243.976,"20160221",2016-02-21,1,"cloud"
"ACT","Lambrigg Lookout",22,149.0468056,-35.47409722,149.040604,-35.479155,149.053009,-35.469039,1539714.223,-3978243.976,1540714.223,-3977243.976,"20160220",2016-02-20,1,"cloud"
"ACT","Road S of Lambrigg",23,149.0490361,-35.49891667,149.042832,-35.503976,149.05524,-35.493858,1539547.566,-3981004.198,1540547.566,-3980004.198,"20260414",2026-04-14,1,NA
"ACT","Road S of Lambrigg",23,149.0490361,-35.49891667,149.042832,-35.503976,149.05524,-35.493858,1539547.566,-3981004.198,1540547.566,-3980004.198,"20251219",2025-12-19,1,NA
"ACT","Road S of Lambrigg",23,149.0490361,-35.49891667,149.042832,-35.503976,149.05524,-35.493858,1539547.566,-3981004.198,1540547.566,-3980004.198,"20240901",2024-09-01,1,NA
"ACT","Road S of Lambrigg",23,149.0490361,-35.49891667,149.042832,-35.503976,149.05524,-35.493858,1539547.566,-3981004.198,1540547.566,-3980004.198,"20231011",2023-10-11,1,NA
"ACT","Road S of Lambrigg",23,149.0490361,-35.49891667,149.042832,-35.503976,149.05524,-35.493858,1539547.566,-3981004.198,1540547.566,-3980004.198,"20221211",2022-12-11,1,NA
"ACT","Road S of Lambrigg",23,149.0490361,-35.49891667,149.042832,-35.503976,149.05524,-35.493858,1539547.566,-3981004.198,1540547.566,-3980004.198,"20210917",2021-09-17,1,NA
"ACT","Road S of Lambrigg",23,149.0490361,-35.49891667,149.042832,-35.503976,149.05524,-35.493858,1539547.566,-3981004.198,1540547.566,-3980004.198,"20200224",2020-02-24,1,NA
"ACT","Road S of Lambrigg",23,149.0490361,-35.49891667,149.042832,-35.503976,149.05524,-35.493858,1539547.566,-3981004.198,1540547.566,-3980004.198,"20191125",2019-11-25,1,NA
"ACT","Road S of Lambrigg",23,149.0490361,-35.49891667,149.042832,-35.503976,149.05524,-35.493858,1539547.566,-3981004.198,1540547.566,-3980004.198,"20180311",2018-03-11,1,NA
"ACT","Road S of Lambrigg",23,149.0490361,-35.49891667,149.042832,-35.503976,149.05524,-35.493858,1539547.566,-3981004.198,1540547.566,-3980004.198,"20171120",2017-11-20,1,NA
"ACT","Road S of Lambrigg",23,149.0490361,-35.49891667,149.042832,-35.503976,149.05524,-35.493858,1539547.566,-3981004.198,1540547.566,-3980004.198,"20161212",2016-12-12,1,"some cloud"
"ACT","Road S of Lambrigg",23,149.0490361,-35.49891667,149.042832,-35.503976,149.05524,-35.493858,1539547.566,-3981004.198,1540547.566,-3980004.198,"20150429",2015-04-29,1,NA
"ACT","Road S of Lambrigg",23,149.0490361,-35.49891667,149.042832,-35.503976,149.05524,-35.493858,1539547.566,-3981004.198,1540547.566,-3980004.198,"20140211",2014-02-11,1,NA
"ACT","Road S of Lambrigg",23,149.0490361,-35.49891667,149.042832,-35.503976,149.05524,-35.493858,1539547.566,-3981004.198,1540547.566,-3980004.198,"20130907",2013-09-07,1,NA
"ACT","Road S of Lambrigg",23,149.0490361,-35.49891667,149.042832,-35.503976,149.05524,-35.493858,1539547.566,-3981004.198,1540547.566,-3980004.198,"20121228",2012-12-28,1,NA
"ACT","Road S of Lambrigg",23,149.0490361,-35.49891667,149.042832,-35.503976,149.05524,-35.493858,1539547.566,-3981004.198,1540547.566,-3980004.198,"20260409",2026-04-09,1,NA
"ACT","Road S of Lambrigg",23,149.0490361,-35.49891667,149.042832,-35.503976,149.05524,-35.493858,1539547.566,-3981004.198,1540547.566,-3980004.198,"20251207",2025-12-07,1,NA
"ACT","Road S of Lambrigg",23,149.0490361,-35.49891667,149.042832,-35.503976,149.05524,-35.493858,1539547.566,-3981004.198,1540547.566,-3980004.198,"20240226",2024-02-26,1,"cloud"
"ACT","Road S of Lambrigg",23,149.0490361,-35.49891667,149.042832,-35.503976,149.05524,-35.493858,1539547.566,-3981004.198,1540547.566,-3980004.198,"20230826",2023-08-26,1,NA
"ACT","Road S of Lambrigg",23,149.0490361,-35.49891667,149.042832,-35.503976,149.05524,-35.493858,1539547.566,-3981004.198,1540547.566,-3980004.198,"20221210",2022-12-10,1,NA
"ACT","Road S of Lambrigg",23,149.0490361,-35.49891667,149.042832,-35.503976,149.05524,-35.493858,1539547.566,-3981004.198,1540547.566,-3980004.198,"20210215",2021-02-15,1,NA
"ACT","Road S of Lambrigg",23,149.0490361,-35.49891667,149.042832,-35.503976,149.05524,-35.493858,1539547.566,-3981004.198,1540547.566,-3980004.198,"20200223",2020-02-23,1,"fog"
"ACT","Road S of Lambrigg",23,149.0490361,-35.49891667,149.042832,-35.503976,149.05524,-35.493858,1539547.566,-3981004.198,1540547.566,-3980004.198,"20191124",2019-11-24,1,"cloud"
"ACT","Road S of Lambrigg",23,149.0490361,-35.49891667,149.042832,-35.503976,149.05524,-35.493858,1539547.566,-3981004.198,1540547.566,-3980004.198,"20180310",2018-03-10,1,NA
"ACT","Road S of Lambrigg",23,149.0490361,-35.49891667,149.042832,-35.503976,149.05524,-35.493858,1539547.566,-3981004.198,1540547.566,-3980004.198,"20170516",2017-05-16,1,NA
"ACT","Road S of Lambrigg",23,149.0490361,-35.49891667,149.042832,-35.503976,149.05524,-35.493858,1539547.566,-3981004.198,1540547.566,-3980004.198,"20161211",2016-12-11,1,"some cloud and shade"
"ACT","Road S of Lambrigg",23,149.0490361,-35.49891667,149.042832,-35.503976,149.05524,-35.493858,1539547.566,-3981004.198,1540547.566,-3980004.198,"20150428",2015-04-28,1,NA
"ACT","Road S of Lambrigg",23,149.0490361,-35.49891667,149.042832,-35.503976,149.05524,-35.493858,1539547.566,-3981004.198,1540547.566,-3980004.198,"20140210",2014-02-10,1,NA
"ACT","Road S of Lambrigg",23,149.0490361,-35.49891667,149.042832,-35.503976,149.05524,-35.493858,1539547.566,-3981004.198,1540547.566,-3980004.198,"20130907",2013-09-07,1,NA
"ACT","Road S of Lambrigg",23,149.0490361,-35.49891667,149.042832,-35.503976,149.05524,-35.493858,1539547.566,-3981004.198,1540547.566,-3980004.198,"20250905",2025-09-05,1,NA
"ACT","Road S of Lambrigg",23,149.0490361,-35.49891667,149.042832,-35.503976,149.05524,-35.493858,1539547.566,-3981004.198,1540547.566,-3980004.198,"20240225",2024-02-25,1,NA
"ACT","Road S of Lambrigg",23,149.0490361,-35.49891667,149.042832,-35.503976,149.05524,-35.493858,1539547.566,-3981004.198,1540547.566,-3980004.198,"20230405",2023-04-05,1,NA
"ACT","Road S of Lambrigg",23,149.0490361,-35.49891667,149.042832,-35.503976,149.05524,-35.493858,1539547.566,-3981004.198,1540547.566,-3980004.198,"20221209",2022-12-09,1,NA
"ACT","Road S of Lambrigg",23,149.0490361,-35.49891667,149.042832,-35.503976,149.05524,-35.493858,1539547.566,-3981004.198,1540547.566,-3980004.198,"20210108",2021-01-08,1,NA
"ACT","Road S of Lambrigg",23,149.0490361,-35.49891667,149.042832,-35.503976,149.05524,-35.493858,1539547.566,-3981004.198,1540547.566,-3980004.198,"20191117",2019-11-17,1,NA
"ACT","Road S of Lambrigg",23,149.0490361,-35.49891667,149.042832,-35.503976,149.05524,-35.493858,1539547.566,-3981004.198,1540547.566,-3980004.198,"20170213",2017-02-13,1,NA
"ACT","Road S of Lambrigg",23,149.0490361,-35.49891667,149.042832,-35.503976,149.05524,-35.493858,1539547.566,-3981004.198,1540547.566,-3980004.198,"20160815",2016-08-15,1,NA
"ACT","Road S of Lambrigg",23,149.0490361,-35.49891667,149.042832,-35.503976,149.05524,-35.493858,1539547.566,-3981004.198,1540547.566,-3980004.198,"20150422",2015-04-22,1,"fog"
"ACT","Road S of Lambrigg",23,149.0490361,-35.49891667,149.042832,-35.503976,149.05524,-35.493858,1539547.566,-3981004.198,1540547.566,-3980004.198,"20130604",2013-06-04,1,NA
"ACT","Road S of Lambrigg",23,149.0490361,-35.49891667,149.042832,-35.503976,149.05524,-35.493858,1539547.566,-3981004.198,1540547.566,-3980004.198,"20250811",2025-08-11,1,NA
"ACT","Road S of Lambrigg",23,149.0490361,-35.49891667,149.042832,-35.503976,149.05524,-35.493858,1539547.566,-3981004.198,1540547.566,-3980004.198,"20240224",2024-02-24,1,"cloud"
"ACT","Road S of Lambrigg",23,149.0490361,-35.49891667,149.042832,-35.503976,149.05524,-35.493858,1539547.566,-3981004.198,1540547.566,-3980004.198,"20221203",2022-12-03,1,NA
"ACT","Road S of Lambrigg",23,149.0490361,-35.49891667,149.042832,-35.503976,149.05524,-35.493858,1539547.566,-3981004.198,1540547.566,-3980004.198,"20201015",2020-10-15,1,"cloud"
"ACT","Road S of Lambrigg",23,149.0490361,-35.49891667,149.042832,-35.503976,149.05524,-35.493858,1539547.566,-3981004.198,1540547.566,-3980004.198,"20190419",2019-04-19,1,NA
"ACT","Road S of Lambrigg",23,149.0490361,-35.49891667,149.042832,-35.503976,149.05524,-35.493858,1539547.566,-3981004.198,1540547.566,-3980004.198,"20170112",2017-01-12,2,NA
"ACT","Road S of Lambrigg",23,149.0490361,-35.49891667,149.042832,-35.503976,149.05524,-35.493858,1539547.566,-3981004.198,1540547.566,-3980004.198,"20160629",2016-06-29,1,NA
"ACT","Road S of Lambrigg",23,149.0490361,-35.49891667,149.042832,-35.503976,149.05524,-35.493858,1539547.566,-3981004.198,1540547.566,-3980004.198,"20150223",2015-02-23,1,NA
"ACT","Road S of Lambrigg",23,149.0490361,-35.49891667,149.042832,-35.503976,149.05524,-35.493858,1539547.566,-3981004.198,1540547.566,-3980004.198,"20130603",2013-06-03,1,"fog"
"ACT","Road S of Lambrigg",23,149.0490361,-35.49891667,149.042832,-35.503976,149.05524,-35.493858,1539547.566,-3981004.198,1540547.566,-3980004.198,"20250810",2025-08-10,1,"some cloud"
"ACT","Road S of Lambrigg",23,149.0490361,-35.49891667,149.042832,-35.503976,149.05524,-35.493858,1539547.566,-3981004.198,1540547.566,-3980004.198,"20240219",2024-02-19,1,"some cloud"
"ACT","Road S of Lambrigg",23,149.0490361,-35.49891667,149.042832,-35.503976,149.05524,-35.493858,1539547.566,-3981004.198,1540547.566,-3980004.198,"20221128",2022-11-28,1,NA
"ACT","Road S of Lambrigg",23,149.0490361,-35.49891667,149.042832,-35.503976,149.05524,-35.493858,1539547.566,-3981004.198,1540547.566,-3980004.198,"20190310",2019-03-10,1,NA
"ACT","Road S of Lambrigg",23,149.0490361,-35.49891667,149.042832,-35.503976,149.05524,-35.493858,1539547.566,-3981004.198,1540547.566,-3980004.198,"20170111",2017-01-11,1,NA
"ACT","Road S of Lambrigg",23,149.0490361,-35.49891667,149.042832,-35.503976,149.05524,-35.493858,1539547.566,-3981004.198,1540547.566,-3980004.198,"20160516",2016-05-16,1,NA
"ACT","Road S of Lambrigg",23,149.0490361,-35.49891667,149.042832,-35.503976,149.05524,-35.493858,1539547.566,-3981004.198,1540547.566,-3980004.198,"20150222",2015-02-22,1,"some cloud"
"ACT","Road S of Lambrigg",23,149.0490361,-35.49891667,149.042832,-35.503976,149.05524,-35.493858,1539547.566,-3981004.198,1540547.566,-3980004.198,"20130526",2013-05-26,1,"some cloud"
"ACT","Road S of Lambrigg",23,149.0490361,-35.49891667,149.042832,-35.503976,149.05524,-35.493858,1539547.566,-3981004.198,1540547.566,-3980004.198,"20250804",2025-08-04,1,"cloud"
"ACT","Road S of Lambrigg",23,149.0490361,-35.49891667,149.042832,-35.503976,149.05524,-35.493858,1539547.566,-3981004.198,1540547.566,-3980004.198,"20240218",2024-02-18,1,NA
"ACT","Road S of Lambrigg",23,149.0490361,-35.49891667,149.042832,-35.503976,149.05524,-35.493858,1539547.566,-3981004.198,1540547.566,-3980004.198,"20221127",2022-11-27,1,NA
"ACT","Road S of Lambrigg",23,149.0490361,-35.49891667,149.042832,-35.503976,149.05524,-35.493858,1539547.566,-3981004.198,1540547.566,-3980004.198,"20190130",2019-01-30,1,NA
"ACT","Road S of Lambrigg",23,149.0490361,-35.49891667,149.042832,-35.503976,149.05524,-35.493858,1539547.566,-3981004.198,1540547.566,-3980004.198,"20170106",2017-01-06,1,NA
"ACT","Road S of Lambrigg",23,149.0490361,-35.49891667,149.042832,-35.503976,149.05524,-35.493858,1539547.566,-3981004.198,1540547.566,-3980004.198,"20160426",2016-04-26,1,NA
"ACT","Road S of Lambrigg",23,149.0490361,-35.49891667,149.042832,-35.503976,149.05524,-35.493858,1539547.566,-3981004.198,1540547.566,-3980004.198,"20150210",2015-02-10,1,"cloud"
"ACT","Road S of Lambrigg",23,149.0490361,-35.49891667,149.042832,-35.503976,149.05524,-35.493858,1539547.566,-3981004.198,1540547.566,-3980004.198,"20130111",2013-01-11,1,"some cloud"
"ACT","Road S of Lambrigg",23,149.0490361,-35.49891667,149.042832,-35.503976,149.05524,-35.493858,1539547.566,-3981004.198,1540547.566,-3980004.198,"20221115",2022-11-15,1,NA
"ACT","Road S of Lambrigg",23,149.0490361,-35.49891667,149.042832,-35.503976,149.05524,-35.493858,1539547.566,-3981004.198,1540547.566,-3980004.198,"20160425",2016-04-25,1,NA
"ACT","Road S of Lambrigg",23,149.0490361,-35.49891667,149.042832,-35.503976,149.05524,-35.493858,1539547.566,-3981004.198,1540547.566,-3980004.198,"20150209",2015-02-09,1,"cloud"
"ACT","Road S of Lambrigg",23,149.0490361,-35.49891667,149.042832,-35.503976,149.05524,-35.493858,1539547.566,-3981004.198,1540547.566,-3980004.198,"20130104",2013-01-04,1,NA
"ACT","Road S of Lambrigg",23,149.0490361,-35.49891667,149.042832,-35.503976,149.05524,-35.493858,1539547.566,-3981004.198,1540547.566,-3980004.198,"20160413",2016-04-13,1,"cloud"
"ACT","Road S of Lambrigg",23,149.0490361,-35.49891667,149.042832,-35.503976,149.05524,-35.493858,1539547.566,-3981004.198,1540547.566,-3980004.198,"20150115",2015-01-15,1,NA
"ACT","Road S of Lambrigg",23,149.0490361,-35.49891667,149.042832,-35.503976,149.05524,-35.493858,1539547.566,-3981004.198,1540547.566,-3980004.198,"20160319",2016-03-19,1,NA
"ACT","Road S of Lambrigg",23,149.0490361,-35.49891667,149.042832,-35.503976,149.05524,-35.493858,1539547.566,-3981004.198,1540547.566,-3980004.198,"20150114",2015-01-14,1,"cloud"
"ACT","Road S of Lambrigg",23,149.0490361,-35.49891667,149.042832,-35.503976,149.05524,-35.493858,1539547.566,-3981004.198,1540547.566,-3980004.198,"20160223",2016-02-23,1,NA
"ACT","Road S of Lambrigg",23,149.0490361,-35.49891667,149.042832,-35.503976,149.05524,-35.493858,1539547.566,-3981004.198,1540547.566,-3980004.198,"20160222",2016-02-22,1,NA
"ACT","Road S of Lambrigg",23,149.0490361,-35.49891667,149.042832,-35.503976,149.05524,-35.493858,1539547.566,-3981004.198,1540547.566,-3980004.198,"20160221",2016-02-21,1,"cloud"
"ACT","Road S of Lambrigg",23,149.0490361,-35.49891667,149.042832,-35.503976,149.05524,-35.493858,1539547.566,-3981004.198,1540547.566,-3980004.198,"20160220",2016-02-20,1,"cloud"
"ACT","E of Tharwa",24,149.0879194,-35.50103611,149.081714,-35.506096,149.094125,-35.495976,1543007.544,-3981706.789,1544007.544,-3980706.789,"20260414",2026-04-14,1,NA
"ACT","E of Tharwa",24,149.0879194,-35.50103611,149.081714,-35.506096,149.094125,-35.495976,1543007.544,-3981706.789,1544007.544,-3980706.789,"20251219",2025-12-19,1,NA
"ACT","E of Tharwa",24,149.0879194,-35.50103611,149.081714,-35.506096,149.094125,-35.495976,1543007.544,-3981706.789,1544007.544,-3980706.789,"20240901",2024-09-01,1,NA
"ACT","E of Tharwa",24,149.0879194,-35.50103611,149.081714,-35.506096,149.094125,-35.495976,1543007.544,-3981706.789,1544007.544,-3980706.789,"20231011",2023-10-11,1,NA
"ACT","E of Tharwa",24,149.0879194,-35.50103611,149.081714,-35.506096,149.094125,-35.495976,1543007.544,-3981706.789,1544007.544,-3980706.789,"20221211",2022-12-11,1,NA
"ACT","E of Tharwa",24,149.0879194,-35.50103611,149.081714,-35.506096,149.094125,-35.495976,1543007.544,-3981706.789,1544007.544,-3980706.789,"20210917",2021-09-17,1,NA
"ACT","E of Tharwa",24,149.0879194,-35.50103611,149.081714,-35.506096,149.094125,-35.495976,1543007.544,-3981706.789,1544007.544,-3980706.789,"20201015",2020-10-15,1,NA
"ACT","E of Tharwa",24,149.0879194,-35.50103611,149.081714,-35.506096,149.094125,-35.495976,1543007.544,-3981706.789,1544007.544,-3980706.789,"20191125",2019-11-25,1,NA
"ACT","E of Tharwa",24,149.0879194,-35.50103611,149.081714,-35.506096,149.094125,-35.495976,1543007.544,-3981706.789,1544007.544,-3980706.789,"20180311",2018-03-11,1,NA
"ACT","E of Tharwa",24,149.0879194,-35.50103611,149.081714,-35.506096,149.094125,-35.495976,1543007.544,-3981706.789,1544007.544,-3980706.789,"20171120",2017-11-20,1,NA
"ACT","E of Tharwa",24,149.0879194,-35.50103611,149.081714,-35.506096,149.094125,-35.495976,1543007.544,-3981706.789,1544007.544,-3980706.789,"20161212",2016-12-12,1,"some cloud and shade"
"ACT","E of Tharwa",24,149.0879194,-35.50103611,149.081714,-35.506096,149.094125,-35.495976,1543007.544,-3981706.789,1544007.544,-3980706.789,"20151118",2015-11-18,1,"some shade"
"ACT","E of Tharwa",24,149.0879194,-35.50103611,149.081714,-35.506096,149.094125,-35.495976,1543007.544,-3981706.789,1544007.544,-3980706.789,"20140212",2014-02-12,1,"very dark"
"ACT","E of Tharwa",24,149.0879194,-35.50103611,149.081714,-35.506096,149.094125,-35.495976,1543007.544,-3981706.789,1544007.544,-3980706.789,"20130604",2013-06-04,2,NA
"ACT","E of Tharwa",24,149.0879194,-35.50103611,149.081714,-35.506096,149.094125,-35.495976,1543007.544,-3981706.789,1544007.544,-3980706.789,"20121221",2012-12-21,1,NA
"ACT","E of Tharwa",24,149.0879194,-35.50103611,149.081714,-35.506096,149.094125,-35.495976,1543007.544,-3981706.789,1544007.544,-3980706.789,"20260409",2026-04-09,1,NA
"ACT","E of Tharwa",24,149.0879194,-35.50103611,149.081714,-35.506096,149.094125,-35.495976,1543007.544,-3981706.789,1544007.544,-3980706.789,"20251207",2025-12-07,1,NA
"ACT","E of Tharwa",24,149.0879194,-35.50103611,149.081714,-35.506096,149.094125,-35.495976,1543007.544,-3981706.789,1544007.544,-3980706.789,"20240226",2024-02-26,1,"cloud"
"ACT","E of Tharwa",24,149.0879194,-35.50103611,149.081714,-35.506096,149.094125,-35.495976,1543007.544,-3981706.789,1544007.544,-3980706.789,"20230826",2023-08-26,1,NA
"ACT","E of Tharwa",24,149.0879194,-35.50103611,149.081714,-35.506096,149.094125,-35.495976,1543007.544,-3981706.789,1544007.544,-3980706.789,"20221210",2022-12-10,1,"some cloud"
"ACT","E of Tharwa",24,149.0879194,-35.50103611,149.081714,-35.506096,149.094125,-35.495976,1543007.544,-3981706.789,1544007.544,-3980706.789,"20210215",2021-02-15,1,NA
"ACT","E of Tharwa",24,149.0879194,-35.50103611,149.081714,-35.506096,149.094125,-35.495976,1543007.544,-3981706.789,1544007.544,-3980706.789,"20201008",2020-10-08,1,"cloud"
"ACT","E of Tharwa",24,149.0879194,-35.50103611,149.081714,-35.506096,149.094125,-35.495976,1543007.544,-3981706.789,1544007.544,-3980706.789,"20191124",2019-11-24,1,"cloud"
"ACT","E of Tharwa",24,149.0879194,-35.50103611,149.081714,-35.506096,149.094125,-35.495976,1543007.544,-3981706.789,1544007.544,-3980706.789,"20180310",2018-03-10,1,"some shade"
"ACT","E of Tharwa",24,149.0879194,-35.50103611,149.081714,-35.506096,149.094125,-35.495976,1543007.544,-3981706.789,1544007.544,-3980706.789,"20170516",2017-05-16,1,NA
"ACT","E of Tharwa",24,149.0879194,-35.50103611,149.081714,-35.506096,149.094125,-35.495976,1543007.544,-3981706.789,1544007.544,-3980706.789,"20161211",2016-12-11,1,"some shade"
"ACT","E of Tharwa",24,149.0879194,-35.50103611,149.081714,-35.506096,149.094125,-35.495976,1543007.544,-3981706.789,1544007.544,-3980706.789,"20150429",2015-04-29,1,NA
"ACT","E of Tharwa",24,149.0879194,-35.50103611,149.081714,-35.506096,149.094125,-35.495976,1543007.544,-3981706.789,1544007.544,-3980706.789,"20140211",2014-02-11,2,NA
"ACT","E of Tharwa",24,149.0879194,-35.50103611,149.081714,-35.506096,149.094125,-35.495976,1543007.544,-3981706.789,1544007.544,-3980706.789,"20130603",2013-06-03,1,NA
"ACT","E of Tharwa",24,149.0879194,-35.50103611,149.081714,-35.506096,149.094125,-35.495976,1543007.544,-3981706.789,1544007.544,-3980706.789,"20121113",2012-11-13,1,NA
"ACT","E of Tharwa",24,149.0879194,-35.50103611,149.081714,-35.506096,149.094125,-35.495976,1543007.544,-3981706.789,1544007.544,-3980706.789,"20250905",2025-09-05,1,NA
"ACT","E of Tharwa",24,149.0879194,-35.50103611,149.081714,-35.506096,149.094125,-35.495976,1543007.544,-3981706.789,1544007.544,-3980706.789,"20240225",2024-02-25,1,NA
"ACT","E of Tharwa",24,149.0879194,-35.50103611,149.081714,-35.506096,149.094125,-35.495976,1543007.544,-3981706.789,1544007.544,-3980706.789,"20230405",2023-04-05,1,NA
"ACT","E of Tharwa",24,149.0879194,-35.50103611,149.081714,-35.506096,149.094125,-35.495976,1543007.544,-3981706.789,1544007.544,-3980706.789,"20221209",2022-12-09,1,NA
"ACT","E of Tharwa",24,149.0879194,-35.50103611,149.081714,-35.506096,149.094125,-35.495976,1543007.544,-3981706.789,1544007.544,-3980706.789,"20210108",2021-01-08,1,"cloud"
"ACT","E of Tharwa",24,149.0879194,-35.50103611,149.081714,-35.506096,149.094125,-35.495976,1543007.544,-3981706.789,1544007.544,-3980706.789,"20200224",2020-02-24,1,NA
"ACT","E of Tharwa",24,149.0879194,-35.50103611,149.081714,-35.506096,149.094125,-35.495976,1543007.544,-3981706.789,1544007.544,-3980706.789,"20191117",2019-11-17,1,NA
"ACT","E of Tharwa",24,149.0879194,-35.50103611,149.081714,-35.506096,149.094125,-35.495976,1543007.544,-3981706.789,1544007.544,-3980706.789,"20170213",2017-02-13,1,NA
"ACT","E of Tharwa",24,149.0879194,-35.50103611,149.081714,-35.506096,149.094125,-35.495976,1543007.544,-3981706.789,1544007.544,-3980706.789,"20160815",2016-08-15,1,NA
"ACT","E of Tharwa",24,149.0879194,-35.50103611,149.081714,-35.506096,149.094125,-35.495976,1543007.544,-3981706.789,1544007.544,-3980706.789,"20150428",2015-04-28,1,NA
"ACT","E of Tharwa",24,149.0879194,-35.50103611,149.081714,-35.506096,149.094125,-35.495976,1543007.544,-3981706.789,1544007.544,-3980706.789,"20140210",2014-02-10,2,NA
"ACT","E of Tharwa",24,149.0879194,-35.50103611,149.081714,-35.506096,149.094125,-35.495976,1543007.544,-3981706.789,1544007.544,-3980706.789,"20130525",2013-05-25,1,"cloud"
"ACT","E of Tharwa",24,149.0879194,-35.50103611,149.081714,-35.506096,149.094125,-35.495976,1543007.544,-3981706.789,1544007.544,-3980706.789,"20250811",2025-08-11,1,NA
"ACT","E of Tharwa",24,149.0879194,-35.50103611,149.081714,-35.506096,149.094125,-35.495976,1543007.544,-3981706.789,1544007.544,-3980706.789,"20240224",2024-02-24,1,"some shade"
"ACT","E of Tharwa",24,149.0879194,-35.50103611,149.081714,-35.506096,149.094125,-35.495976,1543007.544,-3981706.789,1544007.544,-3980706.789,"20221203",2022-12-03,1,NA
"ACT","E of Tharwa",24,149.0879194,-35.50103611,149.081714,-35.506096,149.094125,-35.495976,1543007.544,-3981706.789,1544007.544,-3980706.789,"20200223",2020-02-23,1,"cloud"
"ACT","E of Tharwa",24,149.0879194,-35.50103611,149.081714,-35.506096,149.094125,-35.495976,1543007.544,-3981706.789,1544007.544,-3980706.789,"20190417",2019-04-17,1,NA
"ACT","E of Tharwa",24,149.0879194,-35.50103611,149.081714,-35.506096,149.094125,-35.495976,1543007.544,-3981706.789,1544007.544,-3980706.789,"20170112",2017-01-12,1,NA
"ACT","E of Tharwa",24,149.0879194,-35.50103611,149.081714,-35.506096,149.094125,-35.495976,1543007.544,-3981706.789,1544007.544,-3980706.789,"20160629",2016-06-29,1,NA
"ACT","E of Tharwa",24,149.0879194,-35.50103611,149.081714,-35.506096,149.094125,-35.495976,1543007.544,-3981706.789,1544007.544,-3980706.789,"20150422",2015-04-22,1,NA
"ACT","E of Tharwa",24,149.0879194,-35.50103611,149.081714,-35.506096,149.094125,-35.495976,1543007.544,-3981706.789,1544007.544,-3980706.789,"20140907",2014-09-07,2,NA
"ACT","E of Tharwa",24,149.0879194,-35.50103611,149.081714,-35.506096,149.094125,-35.495976,1543007.544,-3981706.789,1544007.544,-3980706.789,"20130104",2013-01-04,1,NA
"ACT","E of Tharwa",24,149.0879194,-35.50103611,149.081714,-35.506096,149.094125,-35.495976,1543007.544,-3981706.789,1544007.544,-3980706.789,"20250810",2025-08-10,1,"some cloud and very dark"
"ACT","E of Tharwa",24,149.0879194,-35.50103611,149.081714,-35.506096,149.094125,-35.495976,1543007.544,-3981706.789,1544007.544,-3980706.789,"20240219",2024-02-19,1,"some cloud and shade"
"ACT","E of Tharwa",24,149.0879194,-35.50103611,149.081714,-35.506096,149.094125,-35.495976,1543007.544,-3981706.789,1544007.544,-3980706.789,"20221128",2022-11-28,1,"some cloud"
"ACT","E of Tharwa",24,149.0879194,-35.50103611,149.081714,-35.506096,149.094125,-35.495976,1543007.544,-3981706.789,1544007.544,-3980706.789,"20190310",2019-03-10,1,NA
"ACT","E of Tharwa",24,149.0879194,-35.50103611,149.081714,-35.506096,149.094125,-35.495976,1543007.544,-3981706.789,1544007.544,-3980706.789,"20170112",2017-01-12,1,NA
"ACT","E of Tharwa",24,149.0879194,-35.50103611,149.081714,-35.506096,149.094125,-35.495976,1543007.544,-3981706.789,1544007.544,-3980706.789,"20160516",2016-05-16,1,NA
"ACT","E of Tharwa",24,149.0879194,-35.50103611,149.081714,-35.506096,149.094125,-35.495976,1543007.544,-3981706.789,1544007.544,-3980706.789,"20150223",2015-02-23,1,NA
"ACT","E of Tharwa",24,149.0879194,-35.50103611,149.081714,-35.506096,149.094125,-35.495976,1543007.544,-3981706.789,1544007.544,-3980706.789,"20250804",2025-08-04,1,"cloud"
"ACT","E of Tharwa",24,149.0879194,-35.50103611,149.081714,-35.506096,149.094125,-35.495976,1543007.544,-3981706.789,1544007.544,-3980706.789,"20240218",2024-02-18,1,NA
"ACT","E of Tharwa",24,149.0879194,-35.50103611,149.081714,-35.506096,149.094125,-35.495976,1543007.544,-3981706.789,1544007.544,-3980706.789,"20221127",2022-11-27,1,"cloud"
"ACT","E of Tharwa",24,149.0879194,-35.50103611,149.081714,-35.506096,149.094125,-35.495976,1543007.544,-3981706.789,1544007.544,-3980706.789,"20190130",2019-01-30,1,NA
"ACT","E of Tharwa",24,149.0879194,-35.50103611,149.081714,-35.506096,149.094125,-35.495976,1543007.544,-3981706.789,1544007.544,-3980706.789,"20170111",2017-01-11,1,NA
"ACT","E of Tharwa",24,149.0879194,-35.50103611,149.081714,-35.506096,149.094125,-35.495976,1543007.544,-3981706.789,1544007.544,-3980706.789,"20160426",2016-04-26,1,NA
"ACT","E of Tharwa",24,149.0879194,-35.50103611,149.081714,-35.506096,149.094125,-35.495976,1543007.544,-3981706.789,1544007.544,-3980706.789,"20150222",2015-02-22,1,"cloud"
"ACT","E of Tharwa",24,149.0879194,-35.50103611,149.081714,-35.506096,149.094125,-35.495976,1543007.544,-3981706.789,1544007.544,-3980706.789,"20221115",2022-11-15,1,NA
"ACT","E of Tharwa",24,149.0879194,-35.50103611,149.081714,-35.506096,149.094125,-35.495976,1543007.544,-3981706.789,1544007.544,-3980706.789,"20170106",2017-01-06,1,"some cloud and shade"
"ACT","E of Tharwa",24,149.0879194,-35.50103611,149.081714,-35.506096,149.094125,-35.495976,1543007.544,-3981706.789,1544007.544,-3980706.789,"20160425",2016-04-25,1,NA
"ACT","E of Tharwa",24,149.0879194,-35.50103611,149.081714,-35.506096,149.094125,-35.495976,1543007.544,-3981706.789,1544007.544,-3980706.789,"20150210",2015-02-10,1,"cloud"
"ACT","E of Tharwa",24,149.0879194,-35.50103611,149.081714,-35.506096,149.094125,-35.495976,1543007.544,-3981706.789,1544007.544,-3980706.789,"20160413",2016-04-13,1,"cloud"
"ACT","E of Tharwa",24,149.0879194,-35.50103611,149.081714,-35.506096,149.094125,-35.495976,1543007.544,-3981706.789,1544007.544,-3980706.789,"20150209",2015-02-09,1,"cloud"
"ACT","E of Tharwa",24,149.0879194,-35.50103611,149.081714,-35.506096,149.094125,-35.495976,1543007.544,-3981706.789,1544007.544,-3980706.789,"20160319",2016-03-19,1,NA
"ACT","E of Tharwa",24,149.0879194,-35.50103611,149.081714,-35.506096,149.094125,-35.495976,1543007.544,-3981706.789,1544007.544,-3980706.789,"20150115",2015-01-15,1,NA
"ACT","E of Tharwa",24,149.0879194,-35.50103611,149.081714,-35.506096,149.094125,-35.495976,1543007.544,-3981706.789,1544007.544,-3980706.789,"20160223",2016-02-23,1,NA
"ACT","E of Tharwa",24,149.0879194,-35.50103611,149.081714,-35.506096,149.094125,-35.495976,1543007.544,-3981706.789,1544007.544,-3980706.789,"20150114",2015-01-14,1,"cloud"
"ACT","E of Tharwa",24,149.0879194,-35.50103611,149.081714,-35.506096,149.094125,-35.495976,1543007.544,-3981706.789,1544007.544,-3980706.789,"20160222",2016-02-22,1,NA
"ACT","E of Tharwa",24,149.0879194,-35.50103611,149.081714,-35.506096,149.094125,-35.495976,1543007.544,-3981706.789,1544007.544,-3980706.789,"20160221",2016-02-21,1,"cloud"
"ACT","E of Tharwa",24,149.0879194,-35.50103611,149.081714,-35.506096,149.094125,-35.495976,1543007.544,-3981706.789,1544007.544,-3980706.789,"20160220",2016-02-20,1,"cloud"
"ACT","S of Banks",25,149.0867861,-35.48375278,149.080582,-35.488813,149.092991,-35.478693,1543161.888,-3979789.892,1544161.888,-3978789.892,"20260414",2026-04-14,1,NA
"ACT","S of Banks",25,149.0867861,-35.48375278,149.080582,-35.488813,149.092991,-35.478693,1543161.888,-3979789.892,1544161.888,-3978789.892,"20251219",2025-12-19,1,NA
"ACT","S of Banks",25,149.0867861,-35.48375278,149.080582,-35.488813,149.092991,-35.478693,1543161.888,-3979789.892,1544161.888,-3978789.892,"20240901",2024-09-01,1,NA
"ACT","S of Banks",25,149.0867861,-35.48375278,149.080582,-35.488813,149.092991,-35.478693,1543161.888,-3979789.892,1544161.888,-3978789.892,"20231011",2023-10-11,1,NA
"ACT","S of Banks",25,149.0867861,-35.48375278,149.080582,-35.488813,149.092991,-35.478693,1543161.888,-3979789.892,1544161.888,-3978789.892,"20221211",2022-12-11,1,NA
"ACT","S of Banks",25,149.0867861,-35.48375278,149.080582,-35.488813,149.092991,-35.478693,1543161.888,-3979789.892,1544161.888,-3978789.892,"20210917",2021-09-17,1,NA
"ACT","S of Banks",25,149.0867861,-35.48375278,149.080582,-35.488813,149.092991,-35.478693,1543161.888,-3979789.892,1544161.888,-3978789.892,"20201015",2020-10-15,1,NA
"ACT","S of Banks",25,149.0867861,-35.48375278,149.080582,-35.488813,149.092991,-35.478693,1543161.888,-3979789.892,1544161.888,-3978789.892,"20191125",2019-11-25,1,NA
"ACT","S of Banks",25,149.0867861,-35.48375278,149.080582,-35.488813,149.092991,-35.478693,1543161.888,-3979789.892,1544161.888,-3978789.892,"20180914",2018-09-14,1,NA
"ACT","S of Banks",25,149.0867861,-35.48375278,149.080582,-35.488813,149.092991,-35.478693,1543161.888,-3979789.892,1544161.888,-3978789.892,"20171120",2017-11-20,1,NA
"ACT","S of Banks",25,149.0867861,-35.48375278,149.080582,-35.488813,149.092991,-35.478693,1543161.888,-3979789.892,1544161.888,-3978789.892,"20161212",2016-12-12,1,"cloud"
"ACT","S of Banks",25,149.0867861,-35.48375278,149.080582,-35.488813,149.092991,-35.478693,1543161.888,-3979789.892,1544161.888,-3978789.892,"20151118",2015-11-18,1,NA
"ACT","S of Banks",25,149.0867861,-35.48375278,149.080582,-35.488813,149.092991,-35.478693,1543161.888,-3979789.892,1544161.888,-3978789.892,"20140820",2014-08-20,1,NA
"ACT","S of Banks",25,149.0867861,-35.48375278,149.080582,-35.488813,149.092991,-35.478693,1543161.888,-3979789.892,1544161.888,-3978789.892,"20130907",2013-09-07,2,NA
"ACT","S of Banks",25,149.0867861,-35.48375278,149.080582,-35.488813,149.092991,-35.478693,1543161.888,-3979789.892,1544161.888,-3978789.892,"20121113",2012-11-13,1,NA
"ACT","S of Banks",25,149.0867861,-35.48375278,149.080582,-35.488813,149.092991,-35.478693,1543161.888,-3979789.892,1544161.888,-3978789.892,"20260409",2026-04-09,1,NA
"ACT","S of Banks",25,149.0867861,-35.48375278,149.080582,-35.488813,149.092991,-35.478693,1543161.888,-3979789.892,1544161.888,-3978789.892,"20251207",2025-12-07,1,NA
"ACT","S of Banks",25,149.0867861,-35.48375278,149.080582,-35.488813,149.092991,-35.478693,1543161.888,-3979789.892,1544161.888,-3978789.892,"20240226",2024-02-26,1,"cloud"
"ACT","S of Banks",25,149.0867861,-35.48375278,149.080582,-35.488813,149.092991,-35.478693,1543161.888,-3979789.892,1544161.888,-3978789.892,"20230826",2023-08-26,1,NA
"ACT","S of Banks",25,149.0867861,-35.48375278,149.080582,-35.488813,149.092991,-35.478693,1543161.888,-3979789.892,1544161.888,-3978789.892,"20221010",2022-10-10,1,NA
"ACT","S of Banks",25,149.0867861,-35.48375278,149.080582,-35.488813,149.092991,-35.478693,1543161.888,-3979789.892,1544161.888,-3978789.892,"20210215",2021-02-15,1,NA
"ACT","S of Banks",25,149.0867861,-35.48375278,149.080582,-35.488813,149.092991,-35.478693,1543161.888,-3979789.892,1544161.888,-3978789.892,"20201008",2020-10-08,1,"cloud"
"ACT","S of Banks",25,149.0867861,-35.48375278,149.080582,-35.488813,149.092991,-35.478693,1543161.888,-3979789.892,1544161.888,-3978789.892,"20191124",2019-11-24,1,"cloud"
"ACT","S of Banks",25,149.0867861,-35.48375278,149.080582,-35.488813,149.092991,-35.478693,1543161.888,-3979789.892,1544161.888,-3978789.892,"20180903",2018-09-03,1,"cloud"
"ACT","S of Banks",25,149.0867861,-35.48375278,149.080582,-35.488813,149.092991,-35.478693,1543161.888,-3979789.892,1544161.888,-3978789.892,"20170516",2017-05-16,1,NA
"ACT","S of Banks",25,149.0867861,-35.48375278,149.080582,-35.488813,149.092991,-35.478693,1543161.888,-3979789.892,1544161.888,-3978789.892,"20161211",2016-12-11,2,NA
"ACT","S of Banks",25,149.0867861,-35.48375278,149.080582,-35.488813,149.092991,-35.478693,1543161.888,-3979789.892,1544161.888,-3978789.892,"20150429",2015-04-29,1,NA
"ACT","S of Banks",25,149.0867861,-35.48375278,149.080582,-35.488813,149.092991,-35.478693,1543161.888,-3979789.892,1544161.888,-3978789.892,"20140212",2014-02-12,1,"dark"
"ACT","S of Banks",25,149.0867861,-35.48375278,149.080582,-35.488813,149.092991,-35.478693,1543161.888,-3979789.892,1544161.888,-3978789.892,"20130604",2013-06-04,2,NA
"ACT","S of Banks",25,149.0867861,-35.48375278,149.080582,-35.488813,149.092991,-35.478693,1543161.888,-3979789.892,1544161.888,-3978789.892,"20250905",2025-09-05,1,NA
"ACT","S of Banks",25,149.0867861,-35.48375278,149.080582,-35.488813,149.092991,-35.478693,1543161.888,-3979789.892,1544161.888,-3978789.892,"20240225",2024-02-25,1,NA
"ACT","S of Banks",25,149.0867861,-35.48375278,149.080582,-35.488813,149.092991,-35.478693,1543161.888,-3979789.892,1544161.888,-3978789.892,"20230405",2023-04-05,1,NA
"ACT","S of Banks",25,149.0867861,-35.48375278,149.080582,-35.488813,149.092991,-35.478693,1543161.888,-3979789.892,1544161.888,-3978789.892,"20221209",2022-12-09,1,NA
"ACT","S of Banks",25,149.0867861,-35.48375278,149.080582,-35.488813,149.092991,-35.478693,1543161.888,-3979789.892,1544161.888,-3978789.892,"20200830",2020-08-30,1,NA
"ACT","S of Banks",25,149.0867861,-35.48375278,149.080582,-35.488813,149.092991,-35.478693,1543161.888,-3979789.892,1544161.888,-3978789.892,"20191117",2019-11-17,1,NA
"ACT","S of Banks",25,149.0867861,-35.48375278,149.080582,-35.488813,149.092991,-35.478693,1543161.888,-3979789.892,1544161.888,-3978789.892,"20180311",2018-03-11,1,NA
"ACT","S of Banks",25,149.0867861,-35.48375278,149.080582,-35.488813,149.092991,-35.478693,1543161.888,-3979789.892,1544161.888,-3978789.892,"20170213",2017-02-13,1,NA
"ACT","S of Banks",25,149.0867861,-35.48375278,149.080582,-35.488813,149.092991,-35.478693,1543161.888,-3979789.892,1544161.888,-3978789.892,"20161121",2016-11-21,1,NA
"ACT","S of Banks",25,149.0867861,-35.48375278,149.080582,-35.488813,149.092991,-35.478693,1543161.888,-3979789.892,1544161.888,-3978789.892,"20150428",2015-04-28,1,NA
"ACT","S of Banks",25,149.0867861,-35.48375278,149.080582,-35.488813,149.092991,-35.478693,1543161.888,-3979789.892,1544161.888,-3978789.892,"20140211",2014-02-11,2,NA
"ACT","S of Banks",25,149.0867861,-35.48375278,149.080582,-35.488813,149.092991,-35.478693,1543161.888,-3979789.892,1544161.888,-3978789.892,"20130603",2013-06-03,1,NA
"ACT","S of Banks",25,149.0867861,-35.48375278,149.080582,-35.488813,149.092991,-35.478693,1543161.888,-3979789.892,1544161.888,-3978789.892,"20250811",2025-08-11,1,NA
"ACT","S of Banks",25,149.0867861,-35.48375278,149.080582,-35.488813,149.092991,-35.478693,1543161.888,-3979789.892,1544161.888,-3978789.892,"20240224",2024-02-24,1,NA
"ACT","S of Banks",25,149.0867861,-35.48375278,149.080582,-35.488813,149.092991,-35.478693,1543161.888,-3979789.892,1544161.888,-3978789.892,"20221203",2022-12-03,1,NA
"ACT","S of Banks",25,149.0867861,-35.48375278,149.080582,-35.488813,149.092991,-35.478693,1543161.888,-3979789.892,1544161.888,-3978789.892,"20200301",2020-03-01,1,"fog"
"ACT","S of Banks",25,149.0867861,-35.48375278,149.080582,-35.488813,149.092991,-35.478693,1543161.888,-3979789.892,1544161.888,-3978789.892,"20190417",2019-04-17,1,NA
"ACT","S of Banks",25,149.0867861,-35.48375278,149.080582,-35.488813,149.092991,-35.478693,1543161.888,-3979789.892,1544161.888,-3978789.892,"20180310",2018-03-10,1,NA
"ACT","S of Banks",25,149.0867861,-35.48375278,149.080582,-35.488813,149.092991,-35.478693,1543161.888,-3979789.892,1544161.888,-3978789.892,"20170112",2017-01-12,2,NA
"ACT","S of Banks",25,149.0867861,-35.48375278,149.080582,-35.488813,149.092991,-35.478693,1543161.888,-3979789.892,1544161.888,-3978789.892,"20160905",2016-09-05,1,NA
"ACT","S of Banks",25,149.0867861,-35.48375278,149.080582,-35.488813,149.092991,-35.478693,1543161.888,-3979789.892,1544161.888,-3978789.892,"20150422",2015-04-22,1,NA
"ACT","S of Banks",25,149.0867861,-35.48375278,149.080582,-35.488813,149.092991,-35.478693,1543161.888,-3979789.892,1544161.888,-3978789.892,"20140210",2014-02-10,2,NA
"ACT","S of Banks",25,149.0867861,-35.48375278,149.080582,-35.488813,149.092991,-35.478693,1543161.888,-3979789.892,1544161.888,-3978789.892,"20130526",2013-05-26,1,NA
"ACT","S of Banks",25,149.0867861,-35.48375278,149.080582,-35.488813,149.092991,-35.478693,1543161.888,-3979789.892,1544161.888,-3978789.892,"20250810",2025-08-10,1,"shade"
"ACT","S of Banks",25,149.0867861,-35.48375278,149.080582,-35.488813,149.092991,-35.478693,1543161.888,-3979789.892,1544161.888,-3978789.892,"20240219",2024-02-19,1,"cloud"
"ACT","S of Banks",25,149.0867861,-35.48375278,149.080582,-35.488813,149.092991,-35.478693,1543161.888,-3979789.892,1544161.888,-3978789.892,"20221128",2022-11-28,1,NA
"ACT","S of Banks",25,149.0867861,-35.48375278,149.080582,-35.488813,149.092991,-35.478693,1543161.888,-3979789.892,1544161.888,-3978789.892,"20200224",2020-02-24,1,NA
"ACT","S of Banks",25,149.0867861,-35.48375278,149.080582,-35.488813,149.092991,-35.478693,1543161.888,-3979789.892,1544161.888,-3978789.892,"20190410",2019-04-10,1,NA
"ACT","S of Banks",25,149.0867861,-35.48375278,149.080582,-35.488813,149.092991,-35.478693,1543161.888,-3979789.892,1544161.888,-3978789.892,"20170111",2017-01-11,1,NA
"ACT","S of Banks",25,149.0867861,-35.48375278,149.080582,-35.488813,149.092991,-35.478693,1543161.888,-3979789.892,1544161.888,-3978789.892,"20160815",2016-08-15,2,NA
"ACT","S of Banks",25,149.0867861,-35.48375278,149.080582,-35.488813,149.092991,-35.478693,1543161.888,-3979789.892,1544161.888,-3978789.892,"20150223",2015-02-23,1,NA
"ACT","S of Banks",25,149.0867861,-35.48375278,149.080582,-35.488813,149.092991,-35.478693,1543161.888,-3979789.892,1544161.888,-3978789.892,"20130104",2013-01-04,1,NA
"ACT","S of Banks",25,149.0867861,-35.48375278,149.080582,-35.488813,149.092991,-35.478693,1543161.888,-3979789.892,1544161.888,-3978789.892,"20250804",2025-08-04,1,"cloud"
"ACT","S of Banks",25,149.0867861,-35.48375278,149.080582,-35.488813,149.092991,-35.478693,1543161.888,-3979789.892,1544161.888,-3978789.892,"20240218",2024-02-18,1,NA
"ACT","S of Banks",25,149.0867861,-35.48375278,149.080582,-35.488813,149.092991,-35.478693,1543161.888,-3979789.892,1544161.888,-3978789.892,"20221127",2022-11-27,1,"cloud"
"ACT","S of Banks",25,149.0867861,-35.48375278,149.080582,-35.488813,149.092991,-35.478693,1543161.888,-3979789.892,1544161.888,-3978789.892,"20200223",2020-02-23,1,"fog"
"ACT","S of Banks",25,149.0867861,-35.48375278,149.080582,-35.488813,149.092991,-35.478693,1543161.888,-3979789.892,1544161.888,-3978789.892,"20190315",2019-03-15,1,"cloud"
"ACT","S of Banks",25,149.0867861,-35.48375278,149.080582,-35.488813,149.092991,-35.478693,1543161.888,-3979789.892,1544161.888,-3978789.892,"20170106",2017-01-06,1,NA
"ACT","S of Banks",25,149.0867861,-35.48375278,149.080582,-35.488813,149.092991,-35.478693,1543161.888,-3979789.892,1544161.888,-3978789.892,"20160714",2016-07-14,1,NA
"ACT","S of Banks",25,149.0867861,-35.48375278,149.080582,-35.488813,149.092991,-35.478693,1543161.888,-3979789.892,1544161.888,-3978789.892,"20150222",2015-02-22,1,"cloud"
"ACT","S of Banks",25,149.0867861,-35.48375278,149.080582,-35.488813,149.092991,-35.478693,1543161.888,-3979789.892,1544161.888,-3978789.892,"20221115",2022-11-15,1,"some cloud"
"ACT","S of Banks",25,149.0867861,-35.48375278,149.080582,-35.488813,149.092991,-35.478693,1543161.888,-3979789.892,1544161.888,-3978789.892,"20190310",2019-03-10,1,NA
"ACT","S of Banks",25,149.0867861,-35.48375278,149.080582,-35.488813,149.092991,-35.478693,1543161.888,-3979789.892,1544161.888,-3978789.892,"20160929",2016-09-29,1,NA
"ACT","S of Banks",25,149.0867861,-35.48375278,149.080582,-35.488813,149.092991,-35.478693,1543161.888,-3979789.892,1544161.888,-3978789.892,"20150210",2015-02-10,1,"cloud"
"ACT","S of Banks",25,149.0867861,-35.48375278,149.080582,-35.488813,149.092991,-35.478693,1543161.888,-3979789.892,1544161.888,-3978789.892,"20190130",2019-01-30,1,NA
"ACT","S of Banks",25,149.0867861,-35.48375278,149.080582,-35.488813,149.092991,-35.478693,1543161.888,-3979789.892,1544161.888,-3978789.892,"20160516",2016-05-16,1,NA
"ACT","S of Banks",25,149.0867861,-35.48375278,149.080582,-35.488813,149.092991,-35.478693,1543161.888,-3979789.892,1544161.888,-3978789.892,"20150209",2015-02-09,1,"cloud"
"ACT","S of Banks",25,149.0867861,-35.48375278,149.080582,-35.488813,149.092991,-35.478693,1543161.888,-3979789.892,1544161.888,-3978789.892,"20160426",2016-04-26,1,NA
"ACT","S of Banks",25,149.0867861,-35.48375278,149.080582,-35.488813,149.092991,-35.478693,1543161.888,-3979789.892,1544161.888,-3978789.892,"20150115",2015-01-15,1,NA
"ACT","S of Banks",25,149.0867861,-35.48375278,149.080582,-35.488813,149.092991,-35.478693,1543161.888,-3979789.892,1544161.888,-3978789.892,"20160425",2016-04-25,1,NA
"ACT","S of Banks",25,149.0867861,-35.48375278,149.080582,-35.488813,149.092991,-35.478693,1543161.888,-3979789.892,1544161.888,-3978789.892,"20150114",2015-01-14,1,"cloud"
"ACT","S of Banks",25,149.0867861,-35.48375278,149.080582,-35.488813,149.092991,-35.478693,1543161.888,-3979789.892,1544161.888,-3978789.892,"20160413",2016-04-13,1,"cloud"
"ACT","S of Banks",25,149.0867861,-35.48375278,149.080582,-35.488813,149.092991,-35.478693,1543161.888,-3979789.892,1544161.888,-3978789.892,"20160319",2016-03-19,1,NA
"ACT","S of Banks",25,149.0867861,-35.48375278,149.080582,-35.488813,149.092991,-35.478693,1543161.888,-3979789.892,1544161.888,-3978789.892,"20160223",2016-02-23,1,NA
"ACT","S of Banks",25,149.0867861,-35.48375278,149.080582,-35.488813,149.092991,-35.478693,1543161.888,-3979789.892,1544161.888,-3978789.892,"20160222",2016-02-22,1,NA
"ACT","S of Banks",25,149.0867861,-35.48375278,149.080582,-35.488813,149.092991,-35.478693,1543161.888,-3979789.892,1544161.888,-3978789.892,"20160221",2016-02-21,1,"cloud"
"ACT","S of Banks",25,149.0867861,-35.48375278,149.080582,-35.488813,149.092991,-35.478693,1543161.888,-3979789.892,1544161.888,-3978789.892,"20160220",2016-02-20,1,"cloud"
"ACT","Callum Brae Nature Reserve",26,149.1415444,-35.35525556,149.135345,-35.360316,149.147743,-35.350196,1549989.497,-3966300.585,1550989.497,-3965300.585,"20260414",2026-04-14,1,"some cloud"
"ACT","Callum Brae Nature Reserve",26,149.1415444,-35.35525556,149.135345,-35.360316,149.147743,-35.350196,1549989.497,-3966300.585,1550989.497,-3965300.585,"20251207",2025-12-07,1,NA
"ACT","Callum Brae Nature Reserve",26,149.1415444,-35.35525556,149.135345,-35.360316,149.147743,-35.350196,1549989.497,-3966300.585,1550989.497,-3965300.585,"20240901",2024-09-01,2,NA
"ACT","Callum Brae Nature Reserve",26,149.1415444,-35.35525556,149.135345,-35.360316,149.147743,-35.350196,1549989.497,-3966300.585,1550989.497,-3965300.585,"20231029",2023-10-29,1,NA
"ACT","Callum Brae Nature Reserve",26,149.1415444,-35.35525556,149.135345,-35.360316,149.147743,-35.350196,1549989.497,-3966300.585,1550989.497,-3965300.585,"20221203",2022-12-03,1,NA
"ACT","Callum Brae Nature Reserve",26,149.1415444,-35.35525556,149.135345,-35.360316,149.147743,-35.350196,1549989.497,-3966300.585,1550989.497,-3965300.585,"20210923",2021-09-23,1,"cloud"
"ACT","Callum Brae Nature Reserve",26,149.1415444,-35.35525556,149.135345,-35.360316,149.147743,-35.350196,1549989.497,-3966300.585,1550989.497,-3965300.585,"20201206",2020-12-06,1,"cloud"
"ACT","Callum Brae Nature Reserve",26,149.1415444,-35.35525556,149.135345,-35.360316,149.147743,-35.350196,1549989.497,-3966300.585,1550989.497,-3965300.585,"20191125",2019-11-25,2,NA
"ACT","Callum Brae Nature Reserve",26,149.1415444,-35.35525556,149.135345,-35.360316,149.147743,-35.350196,1549989.497,-3966300.585,1550989.497,-3965300.585,"20181228",2018-12-28,2,NA
"ACT","Callum Brae Nature Reserve",26,149.1415444,-35.35525556,149.135345,-35.360316,149.147743,-35.350196,1549989.497,-3966300.585,1550989.497,-3965300.585,"20171107",2017-11-07,1,NA
"ACT","Callum Brae Nature Reserve",26,149.1415444,-35.35525556,149.135345,-35.360316,149.147743,-35.350196,1549989.497,-3966300.585,1550989.497,-3965300.585,"20161223",2016-12-23,1,NA
"ACT","Callum Brae Nature Reserve",26,149.1415444,-35.35525556,149.135345,-35.360316,149.147743,-35.350196,1549989.497,-3966300.585,1550989.497,-3965300.585,"20151206",2015-12-06,1,NA
"ACT","Callum Brae Nature Reserve",26,149.1415444,-35.35525556,149.135345,-35.360316,149.147743,-35.350196,1549989.497,-3966300.585,1550989.497,-3965300.585,"20140820",2014-08-20,1,NA
"ACT","Callum Brae Nature Reserve",26,149.1415444,-35.35525556,149.135345,-35.360316,149.147743,-35.350196,1549989.497,-3966300.585,1550989.497,-3965300.585,"20130907",2013-09-07,1,NA
"ACT","Callum Brae Nature Reserve",26,149.1415444,-35.35525556,149.135345,-35.360316,149.147743,-35.350196,1549989.497,-3966300.585,1550989.497,-3965300.585,"20121113",2012-11-13,1,NA
"ACT","Callum Brae Nature Reserve",26,149.1415444,-35.35525556,149.135345,-35.360316,149.147743,-35.350196,1549989.497,-3966300.585,1550989.497,-3965300.585,"20260409",2026-04-09,2,NA
"ACT","Callum Brae Nature Reserve",26,149.1415444,-35.35525556,149.135345,-35.360316,149.147743,-35.350196,1549989.497,-3966300.585,1550989.497,-3965300.585,"20250905",2025-09-05,2,"one with some cloud, one ok"
"ACT","Callum Brae Nature Reserve",26,149.1415444,-35.35525556,149.135345,-35.360316,149.147743,-35.350196,1549989.497,-3966300.585,1550989.497,-3965300.585,"20240218",2024-02-18,1,NA
"ACT","Callum Brae Nature Reserve",26,149.1415444,-35.35525556,149.135345,-35.360316,149.147743,-35.350196,1549989.497,-3966300.585,1550989.497,-3965300.585,"20231027",2023-10-27,1,"cloud"
"ACT","Callum Brae Nature Reserve",26,149.1415444,-35.35525556,149.135345,-35.360316,149.147743,-35.350196,1549989.497,-3966300.585,1550989.497,-3965300.585,"20221128",2022-11-28,1,"cloud"
"ACT","Callum Brae Nature Reserve",26,149.1415444,-35.35525556,149.135345,-35.360316,149.147743,-35.350196,1549989.497,-3966300.585,1550989.497,-3965300.585,"20210923",2021-09-23,1,"some cloud"
"ACT","Callum Brae Nature Reserve",26,149.1415444,-35.35525556,149.135345,-35.360316,149.147743,-35.350196,1549989.497,-3966300.585,1550989.497,-3965300.585,"20201206",2020-12-06,1,NA
"ACT","Callum Brae Nature Reserve",26,149.1415444,-35.35525556,149.135345,-35.360316,149.147743,-35.350196,1549989.497,-3966300.585,1550989.497,-3965300.585,"20191117",2019-11-17,1,"some cloud"
"ACT","Callum Brae Nature Reserve",26,149.1415444,-35.35525556,149.135345,-35.360316,149.147743,-35.350196,1549989.497,-3966300.585,1550989.497,-3965300.585,"20180914",2018-09-14,2,NA
"ACT","Callum Brae Nature Reserve",26,149.1415444,-35.35525556,149.135345,-35.360316,149.147743,-35.350196,1549989.497,-3966300.585,1550989.497,-3965300.585,"20170828",2017-08-28,1,NA
"ACT","Callum Brae Nature Reserve",26,149.1415444,-35.35525556,149.135345,-35.360316,149.147743,-35.350196,1549989.497,-3966300.585,1550989.497,-3965300.585,"20161218",2016-12-18,1,"cloud and shade"
"ACT","Callum Brae Nature Reserve",26,149.1415444,-35.35525556,149.135345,-35.360316,149.147743,-35.350196,1549989.497,-3966300.585,1550989.497,-3965300.585,"20151118",2015-11-18,1,NA
"ACT","Callum Brae Nature Reserve",26,149.1415444,-35.35525556,149.135345,-35.360316,149.147743,-35.350196,1549989.497,-3966300.585,1550989.497,-3965300.585,"20140814",2014-08-14,1,NA
"ACT","Callum Brae Nature Reserve",26,149.1415444,-35.35525556,149.135345,-35.360316,149.147743,-35.350196,1549989.497,-3966300.585,1550989.497,-3965300.585,"20130604",2013-06-04,1,NA
"ACT","Callum Brae Nature Reserve",26,149.1415444,-35.35525556,149.135345,-35.360316,149.147743,-35.350196,1549989.497,-3966300.585,1550989.497,-3965300.585,"20260408",2026-04-08,1,"some cloud"
"ACT","Callum Brae Nature Reserve",26,149.1415444,-35.35525556,149.135345,-35.360316,149.147743,-35.350196,1549989.497,-3966300.585,1550989.497,-3965300.585,"20250811",2025-08-11,1,NA
"ACT","Callum Brae Nature Reserve",26,149.1415444,-35.35525556,149.135345,-35.360316,149.147743,-35.350196,1549989.497,-3966300.585,1550989.497,-3965300.585,"20231011",2023-10-11,1,NA
"ACT","Callum Brae Nature Reserve",26,149.1415444,-35.35525556,149.135345,-35.360316,149.147743,-35.350196,1549989.497,-3966300.585,1550989.497,-3965300.585,"20221127",2022-11-27,1,"cloud"
"ACT","Callum Brae Nature Reserve",26,149.1415444,-35.35525556,149.135345,-35.360316,149.147743,-35.350196,1549989.497,-3966300.585,1550989.497,-3965300.585,"20210228",2021-02-28,1,"shade"
"ACT","Callum Brae Nature Reserve",26,149.1415444,-35.35525556,149.135345,-35.360316,149.147743,-35.350196,1549989.497,-3966300.585,1550989.497,-3965300.585,"20201001",2020-10-01,1,NA
"ACT","Callum Brae Nature Reserve",26,149.1415444,-35.35525556,149.135345,-35.360316,149.147743,-35.350196,1549989.497,-3966300.585,1550989.497,-3965300.585,"20191112",2019-11-12,1,"some cloud"
"ACT","Callum Brae Nature Reserve",26,149.1415444,-35.35525556,149.135345,-35.360316,149.147743,-35.350196,1549989.497,-3966300.585,1550989.497,-3965300.585,"20180903",2018-09-03,1,"cloud"
"ACT","Callum Brae Nature Reserve",26,149.1415444,-35.35525556,149.135345,-35.360316,149.147743,-35.350196,1549989.497,-3966300.585,1550989.497,-3965300.585,"20170306",2017-03-06,1,NA
"ACT","Callum Brae Nature Reserve",26,149.1415444,-35.35525556,149.135345,-35.360316,149.147743,-35.350196,1549989.497,-3966300.585,1550989.497,-3965300.585,"20161212",2016-12-12,1,"some cloud"
"ACT","Callum Brae Nature Reserve",26,149.1415444,-35.35525556,149.135345,-35.360316,149.147743,-35.350196,1549989.497,-3966300.585,1550989.497,-3965300.585,"20150429",2015-04-29,2,NA
"ACT","Callum Brae Nature Reserve",26,149.1415444,-35.35525556,149.135345,-35.360316,149.147743,-35.350196,1549989.497,-3966300.585,1550989.497,-3965300.585,"20140210",2014-02-10,2,NA
"ACT","Callum Brae Nature Reserve",26,149.1415444,-35.35525556,149.135345,-35.360316,149.147743,-35.350196,1549989.497,-3966300.585,1550989.497,-3965300.585,"20130603",2013-06-03,1,NA
"ACT","Callum Brae Nature Reserve",26,149.1415444,-35.35525556,149.135345,-35.360316,149.147743,-35.350196,1549989.497,-3966300.585,1550989.497,-3965300.585,"20250810",2025-08-10,1,"cloud"
"ACT","Callum Brae Nature Reserve",26,149.1415444,-35.35525556,149.135345,-35.360316,149.147743,-35.350196,1549989.497,-3966300.585,1550989.497,-3965300.585,"20230928",2023-09-28,1,NA
"ACT","Callum Brae Nature Reserve",26,149.1415444,-35.35525556,149.135345,-35.360316,149.147743,-35.350196,1549989.497,-3966300.585,1550989.497,-3965300.585,"20221127",2022-11-27,1,NA
"ACT","Callum Brae Nature Reserve",26,149.1415444,-35.35525556,149.135345,-35.360316,149.147743,-35.350196,1549989.497,-3966300.585,1550989.497,-3965300.585,"20210215",2021-02-15,2,"some cloud and shade"
"ACT","Callum Brae Nature Reserve",26,149.1415444,-35.35525556,149.135345,-35.360316,149.147743,-35.350196,1549989.497,-3966300.585,1550989.497,-3965300.585,"20200924",2020-09-24,1,"shade very dark"
"ACT","Callum Brae Nature Reserve",26,149.1415444,-35.35525556,149.135345,-35.360316,149.147743,-35.350196,1549989.497,-3966300.585,1550989.497,-3965300.585,"20190410",2019-04-10,2,NA
"ACT","Callum Brae Nature Reserve",26,149.1415444,-35.35525556,149.135345,-35.360316,149.147743,-35.350196,1549989.497,-3966300.585,1550989.497,-3965300.585,"20180330",2018-03-30,1,NA
"ACT","Callum Brae Nature Reserve",26,149.1415444,-35.35525556,149.135345,-35.360316,149.147743,-35.350196,1549989.497,-3966300.585,1550989.497,-3965300.585,"20170306",2017-03-06,1,NA
"ACT","Callum Brae Nature Reserve",26,149.1415444,-35.35525556,149.135345,-35.360316,149.147743,-35.350196,1549989.497,-3966300.585,1550989.497,-3965300.585,"20161211",2016-12-11,1,"some cloud and shade"
"ACT","Callum Brae Nature Reserve",26,149.1415444,-35.35525556,149.135345,-35.360316,149.147743,-35.350196,1549989.497,-3966300.585,1550989.497,-3965300.585,"20150428",2015-04-28,1,NA
"ACT","Callum Brae Nature Reserve",26,149.1415444,-35.35525556,149.135345,-35.360316,149.147743,-35.350196,1549989.497,-3966300.585,1550989.497,-3965300.585,"20140117",2014-01-17,2,NA
"ACT","Callum Brae Nature Reserve",26,149.1415444,-35.35525556,149.135345,-35.360316,149.147743,-35.350196,1549989.497,-3966300.585,1550989.497,-3965300.585,"20130104",2013-01-04,1,NA
"ACT","Callum Brae Nature Reserve",26,149.1415444,-35.35525556,149.135345,-35.360316,149.147743,-35.350196,1549989.497,-3966300.585,1550989.497,-3965300.585,"20230905",2023-09-05,1,"some cloud"
"ACT","Callum Brae Nature Reserve",26,149.1415444,-35.35525556,149.135345,-35.360316,149.147743,-35.350196,1549989.497,-3966300.585,1550989.497,-3965300.585,"20221121",2022-11-21,1,"cloud"
"ACT","Callum Brae Nature Reserve",26,149.1415444,-35.35525556,149.135345,-35.360316,149.147743,-35.350196,1549989.497,-3966300.585,1550989.497,-3965300.585,"20200830",2020-08-30,1,NA
"ACT","Callum Brae Nature Reserve",26,149.1415444,-35.35525556,149.135345,-35.360316,149.147743,-35.350196,1549989.497,-3966300.585,1550989.497,-3965300.585,"20190315",2019-03-15,1,"cloud"
"ACT","Callum Brae Nature Reserve",26,149.1415444,-35.35525556,149.135345,-35.360316,149.147743,-35.350196,1549989.497,-3966300.585,1550989.497,-3965300.585,"20180311",2018-03-11,1,NA
"ACT","Callum Brae Nature Reserve",26,149.1415444,-35.35525556,149.135345,-35.360316,149.147743,-35.350196,1549989.497,-3966300.585,1550989.497,-3965300.585,"20170213",2017-02-13,2,NA
"ACT","Callum Brae Nature Reserve",26,149.1415444,-35.35525556,149.135345,-35.360316,149.147743,-35.350196,1549989.497,-3966300.585,1550989.497,-3965300.585,"20161121",2016-11-21,1,"fog"
"ACT","Callum Brae Nature Reserve",26,149.1415444,-35.35525556,149.135345,-35.360316,149.147743,-35.350196,1549989.497,-3966300.585,1550989.497,-3965300.585,"20150423",2015-04-23,1,"dark"
"ACT","Callum Brae Nature Reserve",26,149.1415444,-35.35525556,149.135345,-35.360316,149.147743,-35.350196,1549989.497,-3966300.585,1550989.497,-3965300.585,"20230904",2023-09-04,1,NA
"ACT","Callum Brae Nature Reserve",26,149.1415444,-35.35525556,149.135345,-35.360316,149.147743,-35.350196,1549989.497,-3966300.585,1550989.497,-3965300.585,"20221114",2022-11-14,1,"some cloud"
"ACT","Callum Brae Nature Reserve",26,149.1415444,-35.35525556,149.135345,-35.360316,149.147743,-35.350196,1549989.497,-3966300.585,1550989.497,-3965300.585,"20200824",2020-08-24,1,NA
"ACT","Callum Brae Nature Reserve",26,149.1415444,-35.35525556,149.135345,-35.360316,149.147743,-35.350196,1549989.497,-3966300.585,1550989.497,-3965300.585,"20190310",2019-03-10,2,NA
"ACT","Callum Brae Nature Reserve",26,149.1415444,-35.35525556,149.135345,-35.360316,149.147743,-35.350196,1549989.497,-3966300.585,1550989.497,-3965300.585,"20180310",2018-03-10,1,NA
"ACT","Callum Brae Nature Reserve",26,149.1415444,-35.35525556,149.135345,-35.360316,149.147743,-35.350196,1549989.497,-3966300.585,1550989.497,-3965300.585,"20170112",2017-01-12,3,NA
"ACT","Callum Brae Nature Reserve",26,149.1415444,-35.35525556,149.135345,-35.360316,149.147743,-35.350196,1549989.497,-3966300.585,1550989.497,-3965300.585,"20160905",2016-09-05,1,"cloud"
"ACT","Callum Brae Nature Reserve",26,149.1415444,-35.35525556,149.135345,-35.360316,149.147743,-35.350196,1549989.497,-3966300.585,1550989.497,-3965300.585,"20150422",2015-04-22,2,"some cloud"
"ACT","Callum Brae Nature Reserve",26,149.1415444,-35.35525556,149.135345,-35.360316,149.147743,-35.350196,1549989.497,-3966300.585,1550989.497,-3965300.585,"20230903",2023-09-03,1,NA
"ACT","Callum Brae Nature Reserve",26,149.1415444,-35.35525556,149.135345,-35.360316,149.147743,-35.350196,1549989.497,-3966300.585,1550989.497,-3965300.585,"20221114",2022-11-14,1,"cloud"
"ACT","Callum Brae Nature Reserve",26,149.1415444,-35.35525556,149.135345,-35.360316,149.147743,-35.350196,1549989.497,-3966300.585,1550989.497,-3965300.585,"20200709",2020-07-09,1,"cloud"
"ACT","Callum Brae Nature Reserve",26,149.1415444,-35.35525556,149.135345,-35.360316,149.147743,-35.350196,1549989.497,-3966300.585,1550989.497,-3965300.585,"20190309",2019-03-09,1,"cloud"
"ACT","Callum Brae Nature Reserve",26,149.1415444,-35.35525556,149.135345,-35.360316,149.147743,-35.350196,1549989.497,-3966300.585,1550989.497,-3965300.585,"20170111",2017-01-11,1,"some shade"
"ACT","Callum Brae Nature Reserve",26,149.1415444,-35.35525556,149.135345,-35.360316,149.147743,-35.350196,1549989.497,-3966300.585,1550989.497,-3965300.585,"20160815",2016-08-15,3,NA
"ACT","Callum Brae Nature Reserve",26,149.1415444,-35.35525556,149.135345,-35.360316,149.147743,-35.350196,1549989.497,-3966300.585,1550989.497,-3965300.585,"20150302",2015-03-02,1,NA
"ACT","Callum Brae Nature Reserve",26,149.1415444,-35.35525556,149.135345,-35.360316,149.147743,-35.350196,1549989.497,-3966300.585,1550989.497,-3965300.585,"20230901",2023-09-01,1,"dark"
"ACT","Callum Brae Nature Reserve",26,149.1415444,-35.35525556,149.135345,-35.360316,149.147743,-35.350196,1549989.497,-3966300.585,1550989.497,-3965300.585,"20221025",2022-10-25,1,"cloud"
"ACT","Callum Brae Nature Reserve",26,149.1415444,-35.35525556,149.135345,-35.360316,149.147743,-35.350196,1549989.497,-3966300.585,1550989.497,-3965300.585,"20200709",2020-07-09,2,NA
"ACT","Callum Brae Nature Reserve",26,149.1415444,-35.35525556,149.135345,-35.360316,149.147743,-35.350196,1549989.497,-3966300.585,1550989.497,-3965300.585,"20170106",2017-01-06,1,NA
"ACT","Callum Brae Nature Reserve",26,149.1415444,-35.35525556,149.135345,-35.360316,149.147743,-35.350196,1549989.497,-3966300.585,1550989.497,-3965300.585,"20160803",2016-08-03,2,"cloud"
"ACT","Callum Brae Nature Reserve",26,149.1415444,-35.35525556,149.135345,-35.360316,149.147743,-35.350196,1549989.497,-3966300.585,1550989.497,-3965300.585,"20150210",2015-02-10,1,"cloud"
"ACT","Callum Brae Nature Reserve",26,149.1415444,-35.35525556,149.135345,-35.360316,149.147743,-35.350196,1549989.497,-3966300.585,1550989.497,-3965300.585,"20230826",2023-08-26,1,NA
"ACT","Callum Brae Nature Reserve",26,149.1415444,-35.35525556,149.135345,-35.360316,149.147743,-35.350196,1549989.497,-3966300.585,1550989.497,-3965300.585,"20220502",2022-05-02,1,NA
"ACT","Callum Brae Nature Reserve",26,149.1415444,-35.35525556,149.135345,-35.360316,149.147743,-35.350196,1549989.497,-3966300.585,1550989.497,-3965300.585,"20200625",2020-06-25,2,"one with shadeone ok"
"ACT","Callum Brae Nature Reserve",26,149.1415444,-35.35525556,149.135345,-35.360316,149.147743,-35.350196,1549989.497,-3966300.585,1550989.497,-3965300.585,"20160714",2016-07-14,1,NA
"ACT","Callum Brae Nature Reserve",26,149.1415444,-35.35525556,149.135345,-35.360316,149.147743,-35.350196,1549989.497,-3966300.585,1550989.497,-3965300.585,"20150209",2015-02-09,1,"cloud"
"ACT","Callum Brae Nature Reserve",26,149.1415444,-35.35525556,149.135345,-35.360316,149.147743,-35.350196,1549989.497,-3966300.585,1550989.497,-3965300.585,"20230826",2023-08-26,1,NA
"ACT","Callum Brae Nature Reserve",26,149.1415444,-35.35525556,149.135345,-35.360316,149.147743,-35.350196,1549989.497,-3966300.585,1550989.497,-3965300.585,"20220501",2022-05-01,1,NA
"ACT","Callum Brae Nature Reserve",26,149.1415444,-35.35525556,149.135345,-35.360316,149.147743,-35.350196,1549989.497,-3966300.585,1550989.497,-3965300.585,"20200619",2020-06-19,2,"one cloud one some cloud"
"ACT","Callum Brae Nature Reserve",26,149.1415444,-35.35525556,149.135345,-35.360316,149.147743,-35.350196,1549989.497,-3966300.585,1550989.497,-3965300.585,"20160625",2016-06-25,1,NA
"ACT","Callum Brae Nature Reserve",26,149.1415444,-35.35525556,149.135345,-35.360316,149.147743,-35.350196,1549989.497,-3966300.585,1550989.497,-3965300.585,"20150115",2015-01-15,1,NA
"ACT","Callum Brae Nature Reserve",26,149.1415444,-35.35525556,149.135345,-35.360316,149.147743,-35.350196,1549989.497,-3966300.585,1550989.497,-3965300.585,"20230418",2023-04-18,1,"cloud"
"ACT","Callum Brae Nature Reserve",26,149.1415444,-35.35525556,149.135345,-35.360316,149.147743,-35.350196,1549989.497,-3966300.585,1550989.497,-3965300.585,"20220405",2022-04-05,1,NA
"ACT","Callum Brae Nature Reserve",26,149.1415444,-35.35525556,149.135345,-35.360316,149.147743,-35.350196,1549989.497,-3966300.585,1550989.497,-3965300.585,"20200301",2020-03-01,1,NA
"ACT","Callum Brae Nature Reserve",26,149.1415444,-35.35525556,149.135345,-35.360316,149.147743,-35.350196,1549989.497,-3966300.585,1550989.497,-3965300.585,"20160516",2016-05-16,1,NA
"ACT","Callum Brae Nature Reserve",26,149.1415444,-35.35525556,149.135345,-35.360316,149.147743,-35.350196,1549989.497,-3966300.585,1550989.497,-3965300.585,"20150114",2015-01-14,1,"shade very dark"
"ACT","Callum Brae Nature Reserve",26,149.1415444,-35.35525556,149.135345,-35.360316,149.147743,-35.350196,1549989.497,-3966300.585,1550989.497,-3965300.585,"20230405",2023-04-05,1,"some cloud"
"ACT","Callum Brae Nature Reserve",26,149.1415444,-35.35525556,149.135345,-35.360316,149.147743,-35.350196,1549989.497,-3966300.585,1550989.497,-3965300.585,"20220401",2022-04-01,1,"cloud"
"ACT","Callum Brae Nature Reserve",26,149.1415444,-35.35525556,149.135345,-35.360316,149.147743,-35.350196,1549989.497,-3966300.585,1550989.497,-3965300.585,"20160414",2016-04-14,1,NA
"ACT","Callum Brae Nature Reserve",26,149.1415444,-35.35525556,149.135345,-35.360316,149.147743,-35.350196,1549989.497,-3966300.585,1550989.497,-3965300.585,"20230405",2023-04-05,1,NA
"ACT","Callum Brae Nature Reserve",26,149.1415444,-35.35525556,149.135345,-35.360316,149.147743,-35.350196,1549989.497,-3966300.585,1550989.497,-3965300.585,"20220213",2022-02-13,1,"cloud"
"ACT","Callum Brae Nature Reserve",26,149.1415444,-35.35525556,149.135345,-35.360316,149.147743,-35.350196,1549989.497,-3966300.585,1550989.497,-3965300.585,"20160413",2016-04-13,1,"cloud"
"ACT","Callum Brae Nature Reserve",26,149.1415444,-35.35525556,149.135345,-35.360316,149.147743,-35.350196,1549989.497,-3966300.585,1550989.497,-3965300.585,"20220212",2022-02-12,1,"shade"
"ACT","Callum Brae Nature Reserve",26,149.1415444,-35.35525556,149.135345,-35.360316,149.147743,-35.350196,1549989.497,-3966300.585,1550989.497,-3965300.585,"20160412",2016-04-12,1,"cloud"
"ACT","Callum Brae Nature Reserve",26,149.1415444,-35.35525556,149.135345,-35.360316,149.147743,-35.350196,1549989.497,-3966300.585,1550989.497,-3965300.585,"20220208",2022-02-08,1,"some cloud"
"ACT","Callum Brae Nature Reserve",26,149.1415444,-35.35525556,149.135345,-35.360316,149.147743,-35.350196,1549989.497,-3966300.585,1550989.497,-3965300.585,"20160319",2016-03-19,1,NA
"ACT","Callum Brae Nature Reserve",26,149.1415444,-35.35525556,149.135345,-35.360316,149.147743,-35.350196,1549989.497,-3966300.585,1550989.497,-3965300.585,"20220120",2022-01-20,1,"cloud"
"ACT","Callum Brae Nature Reserve",26,149.1415444,-35.35525556,149.135345,-35.360316,149.147743,-35.350196,1549989.497,-3966300.585,1550989.497,-3965300.585,"20160223",2016-02-23,1,NA
"ACT","Callum Brae Nature Reserve",26,149.1415444,-35.35525556,149.135345,-35.360316,149.147743,-35.350196,1549989.497,-3966300.585,1550989.497,-3965300.585,"20160222",2016-02-22,1,"cloud, fog"
"ACT","Callum Brae Nature Reserve",26,149.1415444,-35.35525556,149.135345,-35.360316,149.147743,-35.350196,1549989.497,-3966300.585,1550989.497,-3965300.585,"20160202",2016-02-02,2,"one with cloud, one ok"
"ACT","SW of Hall",27,149.0491611,-35.17771111,149.042976,-35.182766,149.055346,-35.172656,1544309.429,-3945618.923,1545309.429,-3944618.923,"20260414",2026-04-14,1,NA
"ACT","SW of Hall",27,149.0491611,-35.17771111,149.042976,-35.182766,149.055346,-35.172656,1544309.429,-3945618.923,1545309.429,-3944618.923,"20251207",2025-12-07,1,NA
"ACT","SW of Hall",27,149.0491611,-35.17771111,149.042976,-35.182766,149.055346,-35.172656,1544309.429,-3945618.923,1545309.429,-3944618.923,"20240906",2024-09-06,2,NA
"ACT","SW of Hall",27,149.0491611,-35.17771111,149.042976,-35.182766,149.055346,-35.172656,1544309.429,-3945618.923,1545309.429,-3944618.923,"20231223",2023-12-23,1,NA
"ACT","SW of Hall",27,149.0491611,-35.17771111,149.042976,-35.182766,149.055346,-35.172656,1544309.429,-3945618.923,1545309.429,-3944618.923,"20220203",2022-02-03,1,NA
"ACT","SW of Hall",27,149.0491611,-35.17771111,149.042976,-35.182766,149.055346,-35.172656,1544309.429,-3945618.923,1545309.429,-3944618.923,"20210917",2021-09-17,1,NA
"ACT","SW of Hall",27,149.0491611,-35.17771111,149.042976,-35.182766,149.055346,-35.172656,1544309.429,-3945618.923,1545309.429,-3944618.923,"20201206",2020-12-06,2,"cloud"
"ACT","SW of Hall",27,149.0491611,-35.17771111,149.042976,-35.182766,149.055346,-35.172656,1544309.429,-3945618.923,1545309.429,-3944618.923,"20191125",2019-11-25,1,NA
"ACT","SW of Hall",27,149.0491611,-35.17771111,149.042976,-35.182766,149.055346,-35.172656,1544309.429,-3945618.923,1545309.429,-3944618.923,"20180914",2018-09-14,1,NA
"ACT","SW of Hall",27,149.0491611,-35.17771111,149.042976,-35.182766,149.055346,-35.172656,1544309.429,-3945618.923,1545309.429,-3944618.923,"20171210",2017-12-10,1,NA
"ACT","SW of Hall",27,149.0491611,-35.17771111,149.042976,-35.182766,149.055346,-35.172656,1544309.429,-3945618.923,1545309.429,-3944618.923,"20161212",2016-12-12,1,NA
"ACT","SW of Hall",27,149.0491611,-35.17771111,149.042976,-35.182766,149.055346,-35.172656,1544309.429,-3945618.923,1545309.429,-3944618.923,"20151020",2015-10-20,1,NA
"ACT","SW of Hall",27,149.0491611,-35.17771111,149.042976,-35.182766,149.055346,-35.172656,1544309.429,-3945618.923,1545309.429,-3944618.923,"20140820",2014-08-20,1,NA
"ACT","SW of Hall",27,149.0491611,-35.17771111,149.042976,-35.182766,149.055346,-35.172656,1544309.429,-3945618.923,1545309.429,-3944618.923,"20130907",2013-09-07,2,NA
"ACT","SW of Hall",27,149.0491611,-35.17771111,149.042976,-35.182766,149.055346,-35.172656,1544309.429,-3945618.923,1545309.429,-3944618.923,"20121228",2012-12-28,1,NA
"ACT","SW of Hall",27,149.0491611,-35.17771111,149.042976,-35.182766,149.055346,-35.172656,1544309.429,-3945618.923,1545309.429,-3944618.923,"20260409",2026-04-09,1,"dark"
"ACT","SW of Hall",27,149.0491611,-35.17771111,149.042976,-35.182766,149.055346,-35.172656,1544309.429,-3945618.923,1545309.429,-3944618.923,"20250905",2025-09-05,1,NA
"ACT","SW of Hall",27,149.0491611,-35.17771111,149.042976,-35.182766,149.055346,-35.172656,1544309.429,-3945618.923,1545309.429,-3944618.923,"20240122",2024-01-22,1,NA
"ACT","SW of Hall",27,149.0491611,-35.17771111,149.042976,-35.182766,149.055346,-35.172656,1544309.429,-3945618.923,1545309.429,-3944618.923,"20231202",2023-12-02,1,"cloud and shade"
"ACT","SW of Hall",27,149.0491611,-35.17771111,149.042976,-35.182766,149.055346,-35.172656,1544309.429,-3945618.923,1545309.429,-3944618.923,"20221128",2022-11-28,1,"shade"
"ACT","SW of Hall",27,149.0491611,-35.17771111,149.042976,-35.182766,149.055346,-35.172656,1544309.429,-3945618.923,1545309.429,-3944618.923,"20210215",2021-02-15,1,"shade"
"ACT","SW of Hall",27,149.0491611,-35.17771111,149.042976,-35.182766,149.055346,-35.172656,1544309.429,-3945618.923,1545309.429,-3944618.923,"20201001",2020-10-01,1,NA
"ACT","SW of Hall",27,149.0491611,-35.17771111,149.042976,-35.182766,149.055346,-35.172656,1544309.429,-3945618.923,1545309.429,-3944618.923,"20191117",2019-11-17,1,NA
"ACT","SW of Hall",27,149.0491611,-35.17771111,149.042976,-35.182766,149.055346,-35.172656,1544309.429,-3945618.923,1545309.429,-3944618.923,"20180903",2018-09-03,1,"cloud"
"ACT","SW of Hall",27,149.0491611,-35.17771111,149.042976,-35.182766,149.055346,-35.172656,1544309.429,-3945618.923,1545309.429,-3944618.923,"20171209",2017-12-09,1,NA
"ACT","SW of Hall",27,149.0491611,-35.17771111,149.042976,-35.182766,149.055346,-35.172656,1544309.429,-3945618.923,1545309.429,-3944618.923,"20161211",2016-12-11,1,NA
"ACT","SW of Hall",27,149.0491611,-35.17771111,149.042976,-35.182766,149.055346,-35.172656,1544309.429,-3945618.923,1545309.429,-3944618.923,"20150429",2015-04-29,1,NA
"ACT","SW of Hall",27,149.0491611,-35.17771111,149.042976,-35.182766,149.055346,-35.172656,1544309.429,-3945618.923,1545309.429,-3944618.923,"20140210",2014-02-10,1,NA
"ACT","SW of Hall",27,149.0491611,-35.17771111,149.042976,-35.182766,149.055346,-35.172656,1544309.429,-3945618.923,1545309.429,-3944618.923,"20130620",2013-06-20,1,NA
"ACT","SW of Hall",27,149.0491611,-35.17771111,149.042976,-35.182766,149.055346,-35.172656,1544309.429,-3945618.923,1545309.429,-3944618.923,"20260408",2026-04-08,1,NA
"ACT","SW of Hall",27,149.0491611,-35.17771111,149.042976,-35.182766,149.055346,-35.172656,1544309.429,-3945618.923,1545309.429,-3944618.923,"20250811",2025-08-11,1,NA
"ACT","SW of Hall",27,149.0491611,-35.17771111,149.042976,-35.182766,149.055346,-35.172656,1544309.429,-3945618.923,1545309.429,-3944618.923,"20240111",2024-01-11,1,"dark"
"ACT","SW of Hall",27,149.0491611,-35.17771111,149.042976,-35.182766,149.055346,-35.172656,1544309.429,-3945618.923,1545309.429,-3944618.923,"20231106",2023-11-06,1,"cloud"
"ACT","SW of Hall",27,149.0491611,-35.17771111,149.042976,-35.182766,149.055346,-35.172656,1544309.429,-3945618.923,1545309.429,-3944618.923,"20221127",2022-11-27,1,"cloud"
"ACT","SW of Hall",27,149.0491611,-35.17771111,149.042976,-35.182766,149.055346,-35.172656,1544309.429,-3945618.923,1545309.429,-3944618.923,"20200830",2020-08-30,1,NA
"ACT","SW of Hall",27,149.0491611,-35.17771111,149.042976,-35.182766,149.055346,-35.172656,1544309.429,-3945618.923,1545309.429,-3944618.923,"20190410",2019-04-10,2,NA
"ACT","SW of Hall",27,149.0491611,-35.17771111,149.042976,-35.182766,149.055346,-35.172656,1544309.429,-3945618.923,1545309.429,-3944618.923,"20180311",2018-03-11,1,NA
"ACT","SW of Hall",27,149.0491611,-35.17771111,149.042976,-35.182766,149.055346,-35.172656,1544309.429,-3945618.923,1545309.429,-3944618.923,"20170213",2017-02-13,1,NA
"ACT","SW of Hall",27,149.0491611,-35.17771111,149.042976,-35.182766,149.055346,-35.172656,1544309.429,-3945618.923,1545309.429,-3944618.923,"20161121",2016-11-21,2,"one foggy one ok"
"ACT","SW of Hall",27,149.0491611,-35.17771111,149.042976,-35.182766,149.055346,-35.172656,1544309.429,-3945618.923,1545309.429,-3944618.923,"20150428",2015-04-28,1,NA
"ACT","SW of Hall",27,149.0491611,-35.17771111,149.042976,-35.182766,149.055346,-35.172656,1544309.429,-3945618.923,1545309.429,-3944618.923,"20130604",2013-06-04,1,NA
"ACT","SW of Hall",27,149.0491611,-35.17771111,149.042976,-35.182766,149.055346,-35.172656,1544309.429,-3945618.923,1545309.429,-3944618.923,"20250810",2025-08-10,1,"some cloud"
"ACT","SW of Hall",27,149.0491611,-35.17771111,149.042976,-35.182766,149.055346,-35.172656,1544309.429,-3945618.923,1545309.429,-3944618.923,"20231101",2023-11-01,1,NA
"ACT","SW of Hall",27,149.0491611,-35.17771111,149.042976,-35.182766,149.055346,-35.172656,1544309.429,-3945618.923,1545309.429,-3944618.923,"20221025",2022-10-25,1,"some cloud"
"ACT","SW of Hall",27,149.0491611,-35.17771111,149.042976,-35.182766,149.055346,-35.172656,1544309.429,-3945618.923,1545309.429,-3944618.923,"20200721",2020-07-21,2,NA
"ACT","SW of Hall",27,149.0491611,-35.17771111,149.042976,-35.182766,149.055346,-35.172656,1544309.429,-3945618.923,1545309.429,-3944618.923,"20190315",2019-03-15,1,"cloud"
"ACT","SW of Hall",27,149.0491611,-35.17771111,149.042976,-35.182766,149.055346,-35.172656,1544309.429,-3945618.923,1545309.429,-3944618.923,"20180310",2018-03-10,1,NA
"ACT","SW of Hall",27,149.0491611,-35.17771111,149.042976,-35.182766,149.055346,-35.172656,1544309.429,-3945618.923,1545309.429,-3944618.923,"20170112",2017-01-12,2,NA
"ACT","SW of Hall",27,149.0491611,-35.17771111,149.042976,-35.182766,149.055346,-35.172656,1544309.429,-3945618.923,1545309.429,-3944618.923,"20160815",2016-08-15,2,NA
"ACT","SW of Hall",27,149.0491611,-35.17771111,149.042976,-35.182766,149.055346,-35.172656,1544309.429,-3945618.923,1545309.429,-3944618.923,"20150422",2015-04-22,1,"shade very dark"
"ACT","SW of Hall",27,149.0491611,-35.17771111,149.042976,-35.182766,149.055346,-35.172656,1544309.429,-3945618.923,1545309.429,-3944618.923,"20130603",2013-06-03,1,NA
"ACT","SW of Hall",27,149.0491611,-35.17771111,149.042976,-35.182766,149.055346,-35.172656,1544309.429,-3945618.923,1545309.429,-3944618.923,"20230921",2023-09-21,1,NA
"ACT","SW of Hall",27,149.0491611,-35.17771111,149.042976,-35.182766,149.055346,-35.172656,1544309.429,-3945618.923,1545309.429,-3944618.923,"20200619",2020-06-19,2,NA
"ACT","SW of Hall",27,149.0491611,-35.17771111,149.042976,-35.182766,149.055346,-35.172656,1544309.429,-3945618.923,1545309.429,-3944618.923,"20190309",2019-03-09,1,NA
"ACT","SW of Hall",27,149.0491611,-35.17771111,149.042976,-35.182766,149.055346,-35.172656,1544309.429,-3945618.923,1545309.429,-3944618.923,"20170111",2017-01-11,1,"some cloud and dark"
"ACT","SW of Hall",27,149.0491611,-35.17771111,149.042976,-35.182766,149.055346,-35.172656,1544309.429,-3945618.923,1545309.429,-3944618.923,"20160803",2016-08-03,1,NA
"ACT","SW of Hall",27,149.0491611,-35.17771111,149.042976,-35.182766,149.055346,-35.172656,1544309.429,-3945618.923,1545309.429,-3944618.923,"20150302",2015-03-02,1,NA
"ACT","SW of Hall",27,149.0491611,-35.17771111,149.042976,-35.182766,149.055346,-35.172656,1544309.429,-3945618.923,1545309.429,-3944618.923,"20130526",2013-05-26,1,"cloud"
"ACT","SW of Hall",27,149.0491611,-35.17771111,149.042976,-35.182766,149.055346,-35.172656,1544309.429,-3945618.923,1545309.429,-3944618.923,"20230902",2023-09-02,1,NA
"ACT","SW of Hall",27,149.0491611,-35.17771111,149.042976,-35.182766,149.055346,-35.172656,1544309.429,-3945618.923,1545309.429,-3944618.923,"20200301",2020-03-01,1,NA
"ACT","SW of Hall",27,149.0491611,-35.17771111,149.042976,-35.182766,149.055346,-35.172656,1544309.429,-3945618.923,1545309.429,-3944618.923,"20170106",2017-01-06,1,NA
"ACT","SW of Hall",27,149.0491611,-35.17771111,149.042976,-35.182766,149.055346,-35.172656,1544309.429,-3945618.923,1545309.429,-3944618.923,"20160614",2016-06-14,1,NA
"ACT","SW of Hall",27,149.0491611,-35.17771111,149.042976,-35.182766,149.055346,-35.172656,1544309.429,-3945618.923,1545309.429,-3944618.923,"20150210",2015-02-10,1,"some cloud"
"ACT","SW of Hall",27,149.0491611,-35.17771111,149.042976,-35.182766,149.055346,-35.172656,1544309.429,-3945618.923,1545309.429,-3944618.923,"20130111",2013-01-11,1,NA
"ACT","SW of Hall",27,149.0491611,-35.17771111,149.042976,-35.182766,149.055346,-35.172656,1544309.429,-3945618.923,1545309.429,-3944618.923,"20230826",2023-08-26,1,NA
"ACT","SW of Hall",27,149.0491611,-35.17771111,149.042976,-35.182766,149.055346,-35.172656,1544309.429,-3945618.923,1545309.429,-3944618.923,"20160625",2016-06-25,1,NA
"ACT","SW of Hall",27,149.0491611,-35.17771111,149.042976,-35.182766,149.055346,-35.172656,1544309.429,-3945618.923,1545309.429,-3944618.923,"20150209",2015-02-09,1,"cloud"
"ACT","SW of Hall",27,149.0491611,-35.17771111,149.042976,-35.182766,149.055346,-35.172656,1544309.429,-3945618.923,1545309.429,-3944618.923,"20230405",2023-04-05,1,NA
"ACT","SW of Hall",27,149.0491611,-35.17771111,149.042976,-35.182766,149.055346,-35.172656,1544309.429,-3945618.923,1545309.429,-3944618.923,"20160516",2016-05-16,1,NA
"ACT","SW of Hall",27,149.0491611,-35.17771111,149.042976,-35.182766,149.055346,-35.172656,1544309.429,-3945618.923,1545309.429,-3944618.923,"20150107",2015-01-07,1,NA
"ACT","SW of Hall",27,149.0491611,-35.17771111,149.042976,-35.182766,149.055346,-35.172656,1544309.429,-3945618.923,1545309.429,-3944618.923,"20160414",2016-04-14,1,NA
"ACT","SW of Hall",27,149.0491611,-35.17771111,149.042976,-35.182766,149.055346,-35.172656,1544309.429,-3945618.923,1545309.429,-3944618.923,"20160413",2016-04-13,1,"cloud and very dark"
"ACT","SW of Hall",27,149.0491611,-35.17771111,149.042976,-35.182766,149.055346,-35.172656,1544309.429,-3945618.923,1545309.429,-3944618.923,"20160412",2016-04-12,1,"cloud"
"ACT","SW of Hall",27,149.0491611,-35.17771111,149.042976,-35.182766,149.055346,-35.172656,1544309.429,-3945618.923,1545309.429,-3944618.923,"20160319",2016-03-19,1,NA
"ACT","SW of Hall",27,149.0491611,-35.17771111,149.042976,-35.182766,149.055346,-35.172656,1544309.429,-3945618.923,1545309.429,-3944618.923,"20160223",2016-02-23,1,NA
"ACT","SW of Hall",27,149.0491611,-35.17771111,149.042976,-35.182766,149.055346,-35.172656,1544309.429,-3945618.923,1545309.429,-3944618.923,"20160222",2016-02-22,1,NA
"ACT","S of Hawker",28,149.0339806,-35.26160556,149.027792,-35.266661,149.040171,-35.256551,1541702.061,-3954680.986,1542702.061,-3953680.986,"20260414",2026-04-14,1,NA
"ACT","S of Hawker",28,149.0339806,-35.26160556,149.027792,-35.266661,149.040171,-35.256551,1541702.061,-3954680.986,1542702.061,-3953680.986,"20250408",2025-04-08,1,NA
"ACT","S of Hawker",28,149.0339806,-35.26160556,149.027792,-35.266661,149.040171,-35.256551,1541702.061,-3954680.986,1542702.061,-3953680.986,"20240906",2024-09-06,2,NA
"ACT","S of Hawker",28,149.0339806,-35.26160556,149.027792,-35.266661,149.040171,-35.256551,1541702.061,-3954680.986,1542702.061,-3953680.986,"20231223",2023-12-23,1,"some cloud and shade"
"ACT","S of Hawker",28,149.0339806,-35.26160556,149.027792,-35.266661,149.040171,-35.256551,1541702.061,-3954680.986,1542702.061,-3953680.986,"20221209",2022-12-09,1,NA
"ACT","S of Hawker",28,149.0339806,-35.26160556,149.027792,-35.266661,149.040171,-35.256551,1541702.061,-3954680.986,1542702.061,-3953680.986,"20211008",2021-10-08,1,NA
"ACT","S of Hawker",28,149.0339806,-35.26160556,149.027792,-35.266661,149.040171,-35.256551,1541702.061,-3954680.986,1542702.061,-3953680.986,"20201206",2020-12-06,2,"one some cloud, one ok"
"ACT","S of Hawker",28,149.0339806,-35.26160556,149.027792,-35.266661,149.040171,-35.256551,1541702.061,-3954680.986,1542702.061,-3953680.986,"20191125",2019-11-25,1,NA
"ACT","S of Hawker",28,149.0339806,-35.26160556,149.027792,-35.266661,149.040171,-35.256551,1541702.061,-3954680.986,1542702.061,-3953680.986,"20181228",2018-12-28,3,NA
"ACT","S of Hawker",28,149.0339806,-35.26160556,149.027792,-35.266661,149.040171,-35.256551,1541702.061,-3954680.986,1542702.061,-3953680.986,"20171210",2017-12-10,1,NA
"ACT","S of Hawker",28,149.0339806,-35.26160556,149.027792,-35.266661,149.040171,-35.256551,1541702.061,-3954680.986,1542702.061,-3953680.986,"20161212",2016-12-12,1,NA
"ACT","S of Hawker",28,149.0339806,-35.26160556,149.027792,-35.266661,149.040171,-35.256551,1541702.061,-3954680.986,1542702.061,-3953680.986,"20150429",2015-04-29,1,NA
"ACT","S of Hawker",28,149.0339806,-35.26160556,149.027792,-35.266661,149.040171,-35.256551,1541702.061,-3954680.986,1542702.061,-3953680.986,"20140820",2014-08-20,1,NA
"ACT","S of Hawker",28,149.0339806,-35.26160556,149.027792,-35.266661,149.040171,-35.256551,1541702.061,-3954680.986,1542702.061,-3953680.986,"20130907",2013-09-07,2,NA
"ACT","S of Hawker",28,149.0339806,-35.26160556,149.027792,-35.266661,149.040171,-35.256551,1541702.061,-3954680.986,1542702.061,-3953680.986,"20121228",2012-12-28,1,NA
"ACT","S of Hawker",28,149.0339806,-35.26160556,149.027792,-35.266661,149.040171,-35.256551,1541702.061,-3954680.986,1542702.061,-3953680.986,"20260409",2026-04-09,1,"some cloud"
"ACT","S of Hawker",28,149.0339806,-35.26160556,149.027792,-35.266661,149.040171,-35.256551,1541702.061,-3954680.986,1542702.061,-3953680.986,"20250905",2025-09-05,1,NA
"ACT","S of Hawker",28,149.0339806,-35.26160556,149.027792,-35.266661,149.040171,-35.256551,1541702.061,-3954680.986,1542702.061,-3953680.986,"20240122",2024-01-22,1,NA
"ACT","S of Hawker",28,149.0339806,-35.26160556,149.027792,-35.266661,149.040171,-35.256551,1541702.061,-3954680.986,1542702.061,-3953680.986,"20231202",2023-12-02,1,"cloud"
"ACT","S of Hawker",28,149.0339806,-35.26160556,149.027792,-35.266661,149.040171,-35.256551,1541702.061,-3954680.986,1542702.061,-3953680.986,"20221203",2022-12-03,1,NA
"ACT","S of Hawker",28,149.0339806,-35.26160556,149.027792,-35.266661,149.040171,-35.256551,1541702.061,-3954680.986,1542702.061,-3953680.986,"20210917",2021-09-17,1,NA
"ACT","S of Hawker",28,149.0339806,-35.26160556,149.027792,-35.266661,149.040171,-35.256551,1541702.061,-3954680.986,1542702.061,-3953680.986,"20201001",2020-10-01,1,NA
"ACT","S of Hawker",28,149.0339806,-35.26160556,149.027792,-35.266661,149.040171,-35.256551,1541702.061,-3954680.986,1542702.061,-3953680.986,"20191117",2019-11-17,1,NA
"ACT","S of Hawker",28,149.0339806,-35.26160556,149.027792,-35.266661,149.040171,-35.256551,1541702.061,-3954680.986,1542702.061,-3953680.986,"20180914",2018-09-14,1,NA
"ACT","S of Hawker",28,149.0339806,-35.26160556,149.027792,-35.266661,149.040171,-35.256551,1541702.061,-3954680.986,1542702.061,-3953680.986,"20171209",2017-12-09,1,NA
"ACT","S of Hawker",28,149.0339806,-35.26160556,149.027792,-35.266661,149.040171,-35.256551,1541702.061,-3954680.986,1542702.061,-3953680.986,"20161211",2016-12-11,1,"some cloud"
"ACT","S of Hawker",28,149.0339806,-35.26160556,149.027792,-35.266661,149.040171,-35.256551,1541702.061,-3954680.986,1542702.061,-3953680.986,"20150428",2015-04-28,1,NA
"ACT","S of Hawker",28,149.0339806,-35.26160556,149.027792,-35.266661,149.040171,-35.256551,1541702.061,-3954680.986,1542702.061,-3953680.986,"20140210",2014-02-10,1,NA
"ACT","S of Hawker",28,149.0339806,-35.26160556,149.027792,-35.266661,149.040171,-35.256551,1541702.061,-3954680.986,1542702.061,-3953680.986,"20130604",2013-06-04,1,NA
"ACT","S of Hawker",28,149.0339806,-35.26160556,149.027792,-35.266661,149.040171,-35.256551,1541702.061,-3954680.986,1542702.061,-3953680.986,"20260408",2026-04-08,1,NA
"ACT","S of Hawker",28,149.0339806,-35.26160556,149.027792,-35.266661,149.040171,-35.256551,1541702.061,-3954680.986,1542702.061,-3953680.986,"20250811",2025-08-11,1,NA
"ACT","S of Hawker",28,149.0339806,-35.26160556,149.027792,-35.266661,149.040171,-35.256551,1541702.061,-3954680.986,1542702.061,-3953680.986,"20240111",2024-01-11,1,"cloud"
"ACT","S of Hawker",28,149.0339806,-35.26160556,149.027792,-35.266661,149.040171,-35.256551,1541702.061,-3954680.986,1542702.061,-3953680.986,"20231106",2023-11-06,1,"some cloud"
"ACT","S of Hawker",28,149.0339806,-35.26160556,149.027792,-35.266661,149.040171,-35.256551,1541702.061,-3954680.986,1542702.061,-3953680.986,"20221128",2022-11-28,1,NA
"ACT","S of Hawker",28,149.0339806,-35.26160556,149.027792,-35.266661,149.040171,-35.256551,1541702.061,-3954680.986,1542702.061,-3953680.986,"20210215",2021-02-15,2,"both some shade"
"ACT","S of Hawker",28,149.0339806,-35.26160556,149.027792,-35.266661,149.040171,-35.256551,1541702.061,-3954680.986,1542702.061,-3953680.986,"20200830",2020-08-30,1,NA
"ACT","S of Hawker",28,149.0339806,-35.26160556,149.027792,-35.266661,149.040171,-35.256551,1541702.061,-3954680.986,1542702.061,-3953680.986,"20190410",2019-04-10,2,NA
"ACT","S of Hawker",28,149.0339806,-35.26160556,149.027792,-35.266661,149.040171,-35.256551,1541702.061,-3954680.986,1542702.061,-3953680.986,"20180903",2018-09-03,1,"cloud"
"ACT","S of Hawker",28,149.0339806,-35.26160556,149.027792,-35.266661,149.040171,-35.256551,1541702.061,-3954680.986,1542702.061,-3953680.986,"20170306",2017-03-06,2,NA
"ACT","S of Hawker",28,149.0339806,-35.26160556,149.027792,-35.266661,149.040171,-35.256551,1541702.061,-3954680.986,1542702.061,-3953680.986,"20161121",2016-11-21,2,"one foggy one ok"
"ACT","S of Hawker",28,149.0339806,-35.26160556,149.027792,-35.266661,149.040171,-35.256551,1541702.061,-3954680.986,1542702.061,-3953680.986,"20150422",2015-04-22,1,NA
"ACT","S of Hawker",28,149.0339806,-35.26160556,149.027792,-35.266661,149.040171,-35.256551,1541702.061,-3954680.986,1542702.061,-3953680.986,"20130603",2013-06-03,1,NA
"ACT","S of Hawker",28,149.0339806,-35.26160556,149.027792,-35.266661,149.040171,-35.256551,1541702.061,-3954680.986,1542702.061,-3953680.986,"20250810",2025-08-10,1,"some cloud and shade dark"
"ACT","S of Hawker",28,149.0339806,-35.26160556,149.027792,-35.266661,149.040171,-35.256551,1541702.061,-3954680.986,1542702.061,-3953680.986,"20231101",2023-11-01,1,"some cloud"
"ACT","S of Hawker",28,149.0339806,-35.26160556,149.027792,-35.266661,149.040171,-35.256551,1541702.061,-3954680.986,1542702.061,-3953680.986,"20221127",2022-11-27,1,"cloud"
"ACT","S of Hawker",28,149.0339806,-35.26160556,149.027792,-35.266661,149.040171,-35.256551,1541702.061,-3954680.986,1542702.061,-3953680.986,"20200721",2020-07-21,2,NA
"ACT","S of Hawker",28,149.0339806,-35.26160556,149.027792,-35.266661,149.040171,-35.256551,1541702.061,-3954680.986,1542702.061,-3953680.986,"20190315",2019-03-15,1,NA
"ACT","S of Hawker",28,149.0339806,-35.26160556,149.027792,-35.266661,149.040171,-35.256551,1541702.061,-3954680.986,1542702.061,-3953680.986,"20180313",2018-03-13,1,NA
"ACT","S of Hawker",28,149.0339806,-35.26160556,149.027792,-35.266661,149.040171,-35.256551,1541702.061,-3954680.986,1542702.061,-3953680.986,"20170213",2017-02-13,1,NA
"ACT","S of Hawker",28,149.0339806,-35.26160556,149.027792,-35.266661,149.040171,-35.256551,1541702.061,-3954680.986,1542702.061,-3953680.986,"20160815",2016-08-15,2,NA
"ACT","S of Hawker",28,149.0339806,-35.26160556,149.027792,-35.266661,149.040171,-35.256551,1541702.061,-3954680.986,1542702.061,-3953680.986,"20150315",2015-03-15,1,NA
"ACT","S of Hawker",28,149.0339806,-35.26160556,149.027792,-35.266661,149.040171,-35.256551,1541702.061,-3954680.986,1542702.061,-3953680.986,"20130526",2013-05-26,1,"cloud"
"ACT","S of Hawker",28,149.0339806,-35.26160556,149.027792,-35.266661,149.040171,-35.256551,1541702.061,-3954680.986,1542702.061,-3953680.986,"20231031",2023-10-31,1,NA
"ACT","S of Hawker",28,149.0339806,-35.26160556,149.027792,-35.266661,149.040171,-35.256551,1541702.061,-3954680.986,1542702.061,-3953680.986,"20221127",2022-11-27,1,"cloud"
"ACT","S of Hawker",28,149.0339806,-35.26160556,149.027792,-35.266661,149.040171,-35.256551,1541702.061,-3954680.986,1542702.061,-3953680.986,"20200619",2020-06-19,2,NA
"ACT","S of Hawker",28,149.0339806,-35.26160556,149.027792,-35.266661,149.040171,-35.256551,1541702.061,-3954680.986,1542702.061,-3953680.986,"20190309",2019-03-09,1,"some cloud"
"ACT","S of Hawker",28,149.0339806,-35.26160556,149.027792,-35.266661,149.040171,-35.256551,1541702.061,-3954680.986,1542702.061,-3953680.986,"20180310",2018-03-10,1,NA
"ACT","S of Hawker",28,149.0339806,-35.26160556,149.027792,-35.266661,149.040171,-35.256551,1541702.061,-3954680.986,1542702.061,-3953680.986,"20170112",2017-01-12,2,NA
"ACT","S of Hawker",28,149.0339806,-35.26160556,149.027792,-35.266661,149.040171,-35.256551,1541702.061,-3954680.986,1542702.061,-3953680.986,"20160803",2016-08-03,1,"cloud"
"ACT","S of Hawker",28,149.0339806,-35.26160556,149.027792,-35.266661,149.040171,-35.256551,1541702.061,-3954680.986,1542702.061,-3953680.986,"20150314",2015-03-14,1,NA
"ACT","S of Hawker",28,149.0339806,-35.26160556,149.027792,-35.266661,149.040171,-35.256551,1541702.061,-3954680.986,1542702.061,-3953680.986,"20130111",2013-01-11,1,NA
"ACT","S of Hawker",28,149.0339806,-35.26160556,149.027792,-35.266661,149.040171,-35.256551,1541702.061,-3954680.986,1542702.061,-3953680.986,"20231029",2023-10-29,1,NA
"ACT","S of Hawker",28,149.0339806,-35.26160556,149.027792,-35.266661,149.040171,-35.256551,1541702.061,-3954680.986,1542702.061,-3953680.986,"20221025",2022-10-25,1,"cloud and shade"
"ACT","S of Hawker",28,149.0339806,-35.26160556,149.027792,-35.266661,149.040171,-35.256551,1541702.061,-3954680.986,1542702.061,-3953680.986,"20200301",2020-03-01,1,NA
"ACT","S of Hawker",28,149.0339806,-35.26160556,149.027792,-35.266661,149.040171,-35.256551,1541702.061,-3954680.986,1542702.061,-3953680.986,"20170111",2017-01-11,1,"cloud and shade"
"ACT","S of Hawker",28,149.0339806,-35.26160556,149.027792,-35.266661,149.040171,-35.256551,1541702.061,-3954680.986,1542702.061,-3953680.986,"20160714",2016-07-14,1,NA
"ACT","S of Hawker",28,149.0339806,-35.26160556,149.027792,-35.266661,149.040171,-35.256551,1541702.061,-3954680.986,1542702.061,-3953680.986,"20150302",2015-03-02,1,NA
"ACT","S of Hawker",28,149.0339806,-35.26160556,149.027792,-35.266661,149.040171,-35.256551,1541702.061,-3954680.986,1542702.061,-3953680.986,"20231027",2023-10-27,1,"cloud"
"ACT","S of Hawker",28,149.0339806,-35.26160556,149.027792,-35.266661,149.040171,-35.256551,1541702.061,-3954680.986,1542702.061,-3953680.986,"20220502",2022-05-02,1,NA
"ACT","S of Hawker",28,149.0339806,-35.26160556,149.027792,-35.266661,149.040171,-35.256551,1541702.061,-3954680.986,1542702.061,-3953680.986,"20170106",2017-01-06,1,"some cloud"
"ACT","S of Hawker",28,149.0339806,-35.26160556,149.027792,-35.266661,149.040171,-35.256551,1541702.061,-3954680.986,1542702.061,-3953680.986,"20160625",2016-06-25,1,NA
"ACT","S of Hawker",28,149.0339806,-35.26160556,149.027792,-35.266661,149.040171,-35.256551,1541702.061,-3954680.986,1542702.061,-3953680.986,"20150210",2015-02-10,1,"cloud"
"ACT","S of Hawker",28,149.0339806,-35.26160556,149.027792,-35.266661,149.040171,-35.256551,1541702.061,-3954680.986,1542702.061,-3953680.986,"20230921",2023-09-21,1,NA
"ACT","S of Hawker",28,149.0339806,-35.26160556,149.027792,-35.266661,149.040171,-35.256551,1541702.061,-3954680.986,1542702.061,-3953680.986,"20220501",2022-05-01,1,NA
"ACT","S of Hawker",28,149.0339806,-35.26160556,149.027792,-35.266661,149.040171,-35.256551,1541702.061,-3954680.986,1542702.061,-3953680.986,"20160516",2016-05-16,1,NA
"ACT","S of Hawker",28,149.0339806,-35.26160556,149.027792,-35.266661,149.040171,-35.256551,1541702.061,-3954680.986,1542702.061,-3953680.986,"20150209",2015-02-09,1,"cloud"
"ACT","S of Hawker",28,149.0339806,-35.26160556,149.027792,-35.266661,149.040171,-35.256551,1541702.061,-3954680.986,1542702.061,-3953680.986,"20230905",2023-09-05,1,NA
"ACT","S of Hawker",28,149.0339806,-35.26160556,149.027792,-35.266661,149.040171,-35.256551,1541702.061,-3954680.986,1542702.061,-3953680.986,"20220405",2022-04-05,1,NA
"ACT","S of Hawker",28,149.0339806,-35.26160556,149.027792,-35.266661,149.040171,-35.256551,1541702.061,-3954680.986,1542702.061,-3953680.986,"20160414",2016-04-14,1,NA
"ACT","S of Hawker",28,149.0339806,-35.26160556,149.027792,-35.266661,149.040171,-35.256551,1541702.061,-3954680.986,1542702.061,-3953680.986,"20150209",2015-02-09,1,NA
"ACT","S of Hawker",28,149.0339806,-35.26160556,149.027792,-35.266661,149.040171,-35.256551,1541702.061,-3954680.986,1542702.061,-3953680.986,"20230904",2023-09-04,1,NA
"ACT","S of Hawker",28,149.0339806,-35.26160556,149.027792,-35.266661,149.040171,-35.256551,1541702.061,-3954680.986,1542702.061,-3953680.986,"20220401",2022-04-01,1,"cloud"
"ACT","S of Hawker",28,149.0339806,-35.26160556,149.027792,-35.266661,149.040171,-35.256551,1541702.061,-3954680.986,1542702.061,-3953680.986,"20160413",2016-04-13,1,"cloud"
"ACT","S of Hawker",28,149.0339806,-35.26160556,149.027792,-35.266661,149.040171,-35.256551,1541702.061,-3954680.986,1542702.061,-3953680.986,"20150114",2015-01-14,1,"cloud"
"ACT","S of Hawker",28,149.0339806,-35.26160556,149.027792,-35.266661,149.040171,-35.256551,1541702.061,-3954680.986,1542702.061,-3953680.986,"20230902",2023-09-02,2,NA
"ACT","S of Hawker",28,149.0339806,-35.26160556,149.027792,-35.266661,149.040171,-35.256551,1541702.061,-3954680.986,1542702.061,-3953680.986,"20220311",2022-03-11,1,NA
"ACT","S of Hawker",28,149.0339806,-35.26160556,149.027792,-35.266661,149.040171,-35.256551,1541702.061,-3954680.986,1542702.061,-3953680.986,"20160412",2016-04-12,1,"cloud"
"ACT","S of Hawker",28,149.0339806,-35.26160556,149.027792,-35.266661,149.040171,-35.256551,1541702.061,-3954680.986,1542702.061,-3953680.986,"20230901",2023-09-01,1,NA
"ACT","S of Hawker",28,149.0339806,-35.26160556,149.027792,-35.266661,149.040171,-35.256551,1541702.061,-3954680.986,1542702.061,-3953680.986,"20220213",2022-02-13,1,"cloud and shade very dark"
"ACT","S of Hawker",28,149.0339806,-35.26160556,149.027792,-35.266661,149.040171,-35.256551,1541702.061,-3954680.986,1542702.061,-3953680.986,"20160319",2016-03-19,1,NA
"ACT","S of Hawker",28,149.0339806,-35.26160556,149.027792,-35.266661,149.040171,-35.256551,1541702.061,-3954680.986,1542702.061,-3953680.986,"20230826",2023-08-26,1,NA
"ACT","S of Hawker",28,149.0339806,-35.26160556,149.027792,-35.266661,149.040171,-35.256551,1541702.061,-3954680.986,1542702.061,-3953680.986,"20220212",2022-02-12,1,NA
"ACT","S of Hawker",28,149.0339806,-35.26160556,149.027792,-35.266661,149.040171,-35.256551,1541702.061,-3954680.986,1542702.061,-3953680.986,"20160223",2016-02-23,1,NA
"ACT","S of Hawker",28,149.0339806,-35.26160556,149.027792,-35.266661,149.040171,-35.256551,1541702.061,-3954680.986,1542702.061,-3953680.986,"20230826",2023-08-26,1,NA
"ACT","S of Hawker",28,149.0339806,-35.26160556,149.027792,-35.266661,149.040171,-35.256551,1541702.061,-3954680.986,1542702.061,-3953680.986,"20220208",2022-02-08,2,"one cloud, one some shade"
"ACT","S of Hawker",28,149.0339806,-35.26160556,149.027792,-35.266661,149.040171,-35.256551,1541702.061,-3954680.986,1542702.061,-3953680.986,"20160222",2016-02-22,1,NA
"ACT","S of Hawker",28,149.0339806,-35.26160556,149.027792,-35.266661,149.040171,-35.256551,1541702.061,-3954680.986,1542702.061,-3953680.986,"20230405",2023-04-05,1,NA
"ACT","S of Hawker",28,149.0339806,-35.26160556,149.027792,-35.266661,149.040171,-35.256551,1541702.061,-3954680.986,1542702.061,-3953680.986,"20220207",2022-02-07,1,"cloud"
"ACT","S of Hawker",28,149.0339806,-35.26160556,149.027792,-35.266661,149.040171,-35.256551,1541702.061,-3954680.986,1542702.061,-3953680.986,"20220126",2022-01-26,1,"cloud"
"ACT","S of Hawker",28,149.0339806,-35.26160556,149.027792,-35.266661,149.040171,-35.256551,1541702.061,-3954680.986,1542702.061,-3953680.986,"20220120",2022-01-20,1,"cloud"
"ACT","SE of Tracking Station",29,148.9593611,-35.40959444,148.953166,-35.414649,148.965557,-35.404539,1532808.72,-3970087.458,1533808.72,-3969087.458,"20260414",2026-04-14,1,NA
"ACT","SE of Tracking Station",29,148.9593611,-35.40959444,148.953166,-35.414649,148.965557,-35.404539,1532808.72,-3970087.458,1533808.72,-3969087.458,"20251224",2025-12-24,1,NA
"ACT","SE of Tracking Station",29,148.9593611,-35.40959444,148.953166,-35.414649,148.965557,-35.404539,1532808.72,-3970087.458,1533808.72,-3969087.458,"20240906",2024-09-06,1,NA
"ACT","SE of Tracking Station",29,148.9593611,-35.40959444,148.953166,-35.414649,148.965557,-35.404539,1532808.72,-3970087.458,1533808.72,-3969087.458,"20231106",2023-11-06,1,NA
"ACT","SE of Tracking Station",29,148.9593611,-35.40959444,148.953166,-35.414649,148.965557,-35.404539,1532808.72,-3970087.458,1533808.72,-3969087.458,"20221203",2022-12-03,1,NA
"ACT","SE of Tracking Station",29,148.9593611,-35.40959444,148.953166,-35.414649,148.965557,-35.404539,1532808.72,-3970087.458,1533808.72,-3969087.458,"20210917",2021-09-17,1,NA
"ACT","SE of Tracking Station",29,148.9593611,-35.40959444,148.953166,-35.414649,148.965557,-35.404539,1532808.72,-3970087.458,1533808.72,-3969087.458,"20201001",2020-10-01,1,NA
"ACT","SE of Tracking Station",29,148.9593611,-35.40959444,148.953166,-35.414649,148.965557,-35.404539,1532808.72,-3970087.458,1533808.72,-3969087.458,"20191125",2019-11-25,1,NA
"ACT","SE of Tracking Station",29,148.9593611,-35.40959444,148.953166,-35.414649,148.965557,-35.404539,1532808.72,-3970087.458,1533808.72,-3969087.458,"20181107",2018-11-07,1,"weird image, green yellow red"
"ACT","SE of Tracking Station",29,148.9593611,-35.40959444,148.953166,-35.414649,148.965557,-35.404539,1532808.72,-3970087.458,1533808.72,-3969087.458,"20171125",2017-11-25,1,NA
"ACT","SE of Tracking Station",29,148.9593611,-35.40959444,148.953166,-35.414649,148.965557,-35.404539,1532808.72,-3970087.458,1533808.72,-3969087.458,"20161223",2016-12-23,1,NA
"ACT","SE of Tracking Station",29,148.9593611,-35.40959444,148.953166,-35.414649,148.965557,-35.404539,1532808.72,-3970087.458,1533808.72,-3969087.458,"20150429",2015-04-29,1,NA
"ACT","SE of Tracking Station",29,148.9593611,-35.40959444,148.953166,-35.414649,148.965557,-35.404539,1532808.72,-3970087.458,1533808.72,-3969087.458,"20140210",2014-02-10,1,NA
"ACT","SE of Tracking Station",29,148.9593611,-35.40959444,148.953166,-35.414649,148.965557,-35.404539,1532808.72,-3970087.458,1533808.72,-3969087.458,"20130907",2013-09-07,1,"cloud"
"ACT","SE of Tracking Station",29,148.9593611,-35.40959444,148.953166,-35.414649,148.965557,-35.404539,1532808.72,-3970087.458,1533808.72,-3969087.458,"20121228",2012-12-28,1,NA
"ACT","SE of Tracking Station",29,148.9593611,-35.40959444,148.953166,-35.414649,148.965557,-35.404539,1532808.72,-3970087.458,1533808.72,-3969087.458,"20260409",2026-04-09,1,NA
"ACT","SE of Tracking Station",29,148.9593611,-35.40959444,148.953166,-35.414649,148.965557,-35.404539,1532808.72,-3970087.458,1533808.72,-3969087.458,"20251207",2025-12-07,1,NA
"ACT","SE of Tracking Station",29,148.9593611,-35.40959444,148.953166,-35.414649,148.965557,-35.404539,1532808.72,-3970087.458,1533808.72,-3969087.458,"20240901",2024-09-01,1,NA
"ACT","SE of Tracking Station",29,148.9593611,-35.40959444,148.953166,-35.414649,148.965557,-35.404539,1532808.72,-3970087.458,1533808.72,-3969087.458,"20231024",2023-10-24,1,NA
"ACT","SE of Tracking Station",29,148.9593611,-35.40959444,148.953166,-35.414649,148.965557,-35.404539,1532808.72,-3970087.458,1533808.72,-3969087.458,"20221128",2022-11-28,1,"cloud and shade"
"ACT","SE of Tracking Station",29,148.9593611,-35.40959444,148.953166,-35.414649,148.965557,-35.404539,1532808.72,-3970087.458,1533808.72,-3969087.458,"20210401",2021-04-01,1,NA
"ACT","SE of Tracking Station",29,148.9593611,-35.40959444,148.953166,-35.414649,148.965557,-35.404539,1532808.72,-3970087.458,1533808.72,-3969087.458,"20200830",2020-08-30,2,NA
"ACT","SE of Tracking Station",29,148.9593611,-35.40959444,148.953166,-35.414649,148.965557,-35.404539,1532808.72,-3970087.458,1533808.72,-3969087.458,"20191117",2019-11-17,1,NA
"ACT","SE of Tracking Station",29,148.9593611,-35.40959444,148.953166,-35.414649,148.965557,-35.404539,1532808.72,-3970087.458,1533808.72,-3969087.458,"20181106",2018-11-06,1,"cloud"
"ACT","SE of Tracking Station",29,148.9593611,-35.40959444,148.953166,-35.414649,148.965557,-35.404539,1532808.72,-3970087.458,1533808.72,-3969087.458,"20171031",2017-10-31,1,NA
"ACT","SE of Tracking Station",29,148.9593611,-35.40959444,148.953166,-35.414649,148.965557,-35.404539,1532808.72,-3970087.458,1533808.72,-3969087.458,"20161212",2016-12-12,1,NA
"ACT","SE of Tracking Station",29,148.9593611,-35.40959444,148.953166,-35.414649,148.965557,-35.404539,1532808.72,-3970087.458,1533808.72,-3969087.458,"20150428",2015-04-28,1,NA
"ACT","SE of Tracking Station",29,148.9593611,-35.40959444,148.953166,-35.414649,148.965557,-35.404539,1532808.72,-3970087.458,1533808.72,-3969087.458,"20140130",2014-01-30,1,NA
"ACT","SE of Tracking Station",29,148.9593611,-35.40959444,148.953166,-35.414649,148.965557,-35.404539,1532808.72,-3970087.458,1533808.72,-3969087.458,"20130604",2013-06-04,1,NA
"ACT","SE of Tracking Station",29,148.9593611,-35.40959444,148.953166,-35.414649,148.965557,-35.404539,1532808.72,-3970087.458,1533808.72,-3969087.458,"20260408",2026-04-08,1,NA
"ACT","SE of Tracking Station",29,148.9593611,-35.40959444,148.953166,-35.414649,148.965557,-35.404539,1532808.72,-3970087.458,1533808.72,-3969087.458,"20251116",2025-11-16,1,"cloud and shade"
"ACT","SE of Tracking Station",29,148.9593611,-35.40959444,148.953166,-35.414649,148.965557,-35.404539,1532808.72,-3970087.458,1533808.72,-3969087.458,"20240218",2024-02-18,1,"dark"
"ACT","SE of Tracking Station",29,148.9593611,-35.40959444,148.953166,-35.414649,148.965557,-35.404539,1532808.72,-3970087.458,1533808.72,-3969087.458,"20231011",2023-10-11,1,NA
"ACT","SE of Tracking Station",29,148.9593611,-35.40959444,148.953166,-35.414649,148.965557,-35.404539,1532808.72,-3970087.458,1533808.72,-3969087.458,"20221127",2022-11-27,1,"cloud"
"ACT","SE of Tracking Station",29,148.9593611,-35.40959444,148.953166,-35.414649,148.965557,-35.404539,1532808.72,-3970087.458,1533808.72,-3969087.458,"20210215",2021-02-15,1,NA
"ACT","SE of Tracking Station",29,148.9593611,-35.40959444,148.953166,-35.414649,148.965557,-35.404539,1532808.72,-3970087.458,1533808.72,-3969087.458,"20200709",2020-07-09,2,NA
"ACT","SE of Tracking Station",29,148.9593611,-35.40959444,148.953166,-35.414649,148.965557,-35.404539,1532808.72,-3970087.458,1533808.72,-3969087.458,"20190410",2019-04-10,1,NA
"ACT","SE of Tracking Station",29,148.9593611,-35.40959444,148.953166,-35.414649,148.965557,-35.404539,1532808.72,-3970087.458,1533808.72,-3969087.458,"20181105",2018-11-05,1,"cloud"
"ACT","SE of Tracking Station",29,148.9593611,-35.40959444,148.953166,-35.414649,148.965557,-35.404539,1532808.72,-3970087.458,1533808.72,-3969087.458,"20170828",2017-08-28,1,NA
"ACT","SE of Tracking Station",29,148.9593611,-35.40959444,148.953166,-35.414649,148.965557,-35.404539,1532808.72,-3970087.458,1533808.72,-3969087.458,"20161210",2016-12-10,1,NA
"ACT","SE of Tracking Station",29,148.9593611,-35.40959444,148.953166,-35.414649,148.965557,-35.404539,1532808.72,-3970087.458,1533808.72,-3969087.458,"20150422",2015-04-22,1,NA
"ACT","SE of Tracking Station",29,148.9593611,-35.40959444,148.953166,-35.414649,148.965557,-35.404539,1532808.72,-3970087.458,1533808.72,-3969087.458,"20140129",2014-01-29,1,NA
"ACT","SE of Tracking Station",29,148.9593611,-35.40959444,148.953166,-35.414649,148.965557,-35.404539,1532808.72,-3970087.458,1533808.72,-3969087.458,"20130603",2013-06-03,1,"cloud"
"ACT","SE of Tracking Station",29,148.9593611,-35.40959444,148.953166,-35.414649,148.965557,-35.404539,1532808.72,-3970087.458,1533808.72,-3969087.458,"20250905",2025-09-05,1,NA
"ACT","SE of Tracking Station",29,148.9593611,-35.40959444,148.953166,-35.414649,148.965557,-35.404539,1532808.72,-3970087.458,1533808.72,-3969087.458,"20230826",2023-08-26,1,NA
"ACT","SE of Tracking Station",29,148.9593611,-35.40959444,148.953166,-35.414649,148.965557,-35.404539,1532808.72,-3970087.458,1533808.72,-3969087.458,"20221025",2022-10-25,1,"some cloud"
"ACT","SE of Tracking Station",29,148.9593611,-35.40959444,148.953166,-35.414649,148.965557,-35.404539,1532808.72,-3970087.458,1533808.72,-3969087.458,"20200619",2020-06-19,2,"some ok, one some cloud"
"ACT","SE of Tracking Station",29,148.9593611,-35.40959444,148.953166,-35.414649,148.965557,-35.404539,1532808.72,-3970087.458,1533808.72,-3969087.458,"20190315",2019-03-15,1,"cloud"
"ACT","SE of Tracking Station",29,148.9593611,-35.40959444,148.953166,-35.414649,148.965557,-35.404539,1532808.72,-3970087.458,1533808.72,-3969087.458,"20181104",2018-11-04,1,"fog"
"ACT","SE of Tracking Station",29,148.9593611,-35.40959444,148.953166,-35.414649,148.965557,-35.404539,1532808.72,-3970087.458,1533808.72,-3969087.458,"20170213",2017-02-13,1,NA
"ACT","SE of Tracking Station",29,148.9593611,-35.40959444,148.953166,-35.414649,148.965557,-35.404539,1532808.72,-3970087.458,1533808.72,-3969087.458,"20161121",2016-11-21,2,NA
"ACT","SE of Tracking Station",29,148.9593611,-35.40959444,148.953166,-35.414649,148.965557,-35.404539,1532808.72,-3970087.458,1533808.72,-3969087.458,"20150223",2015-02-23,1,NA
"ACT","SE of Tracking Station",29,148.9593611,-35.40959444,148.953166,-35.414649,148.965557,-35.404539,1532808.72,-3970087.458,1533808.72,-3969087.458,"20130526",2013-05-26,1,NA
"ACT","SE of Tracking Station",29,148.9593611,-35.40959444,148.953166,-35.414649,148.965557,-35.404539,1532808.72,-3970087.458,1533808.72,-3969087.458,"20250811",2025-08-11,1,NA
"ACT","SE of Tracking Station",29,148.9593611,-35.40959444,148.953166,-35.414649,148.965557,-35.404539,1532808.72,-3970087.458,1533808.72,-3969087.458,"20230405",2023-04-05,1,NA
"ACT","SE of Tracking Station",29,148.9593611,-35.40959444,148.953166,-35.414649,148.965557,-35.404539,1532808.72,-3970087.458,1533808.72,-3969087.458,"20220215",2022-02-15,1,NA
"ACT","SE of Tracking Station",29,148.9593611,-35.40959444,148.953166,-35.414649,148.965557,-35.404539,1532808.72,-3970087.458,1533808.72,-3969087.458,"20200301",2020-03-01,1,"fog"
"ACT","SE of Tracking Station",29,148.9593611,-35.40959444,148.953166,-35.414649,148.965557,-35.404539,1532808.72,-3970087.458,1533808.72,-3969087.458,"20190310",2019-03-10,1,NA
"ACT","SE of Tracking Station",29,148.9593611,-35.40959444,148.953166,-35.414649,148.965557,-35.404539,1532808.72,-3970087.458,1533808.72,-3969087.458,"20180914",2018-09-14,2,NA
"ACT","SE of Tracking Station",29,148.9593611,-35.40959444,148.953166,-35.414649,148.965557,-35.404539,1532808.72,-3970087.458,1533808.72,-3969087.458,"20160815",2016-08-15,1,NA
"ACT","SE of Tracking Station",29,148.9593611,-35.40959444,148.953166,-35.414649,148.965557,-35.404539,1532808.72,-3970087.458,1533808.72,-3969087.458,"20150222",2015-02-22,1,"cloud"
"ACT","SE of Tracking Station",29,148.9593611,-35.40959444,148.953166,-35.414649,148.965557,-35.404539,1532808.72,-3970087.458,1533808.72,-3969087.458,"20130111",2013-01-11,1,NA
"ACT","SE of Tracking Station",29,148.9593611,-35.40959444,148.953166,-35.414649,148.965557,-35.404539,1532808.72,-3970087.458,1533808.72,-3969087.458,"20250810",2025-08-10,1,"cloud"
"ACT","SE of Tracking Station",29,148.9593611,-35.40959444,148.953166,-35.414649,148.965557,-35.404539,1532808.72,-3970087.458,1533808.72,-3969087.458,"20220213",2022-02-13,1,"cloud and shade"
"ACT","SE of Tracking Station",29,148.9593611,-35.40959444,148.953166,-35.414649,148.965557,-35.404539,1532808.72,-3970087.458,1533808.72,-3969087.458,"20190309",2019-03-09,1,NA
"ACT","SE of Tracking Station",29,148.9593611,-35.40959444,148.953166,-35.414649,148.965557,-35.404539,1532808.72,-3970087.458,1533808.72,-3969087.458,"20180903",2018-09-03,1,"cloud"
"ACT","SE of Tracking Station",29,148.9593611,-35.40959444,148.953166,-35.414649,148.965557,-35.404539,1532808.72,-3970087.458,1533808.72,-3969087.458,"20170112",2017-01-12,2,NA
"ACT","SE of Tracking Station",29,148.9593611,-35.40959444,148.953166,-35.414649,148.965557,-35.404539,1532808.72,-3970087.458,1533808.72,-3969087.458,"20160625",2016-06-25,1,NA
"ACT","SE of Tracking Station",29,148.9593611,-35.40959444,148.953166,-35.414649,148.965557,-35.404539,1532808.72,-3970087.458,1533808.72,-3969087.458,"20150210",2015-02-10,1,"cloud"
"ACT","SE of Tracking Station",29,148.9593611,-35.40959444,148.953166,-35.414649,148.965557,-35.404539,1532808.72,-3970087.458,1533808.72,-3969087.458,"20220202",2022-02-02,1,"cloud"
"ACT","SE of Tracking Station",29,148.9593611,-35.40959444,148.953166,-35.414649,148.965557,-35.404539,1532808.72,-3970087.458,1533808.72,-3969087.458,"20190115",2019-01-15,1,NA
"ACT","SE of Tracking Station",29,148.9593611,-35.40959444,148.953166,-35.414649,148.965557,-35.404539,1532808.72,-3970087.458,1533808.72,-3969087.458,"20180311",2018-03-11,1,NA
"ACT","SE of Tracking Station",29,148.9593611,-35.40959444,148.953166,-35.414649,148.965557,-35.404539,1532808.72,-3970087.458,1533808.72,-3969087.458,"20170111",2017-01-11,1,NA
"ACT","SE of Tracking Station",29,148.9593611,-35.40959444,148.953166,-35.414649,148.965557,-35.404539,1532808.72,-3970087.458,1533808.72,-3969087.458,"20160516",2016-05-16,1,NA
"ACT","SE of Tracking Station",29,148.9593611,-35.40959444,148.953166,-35.414649,148.965557,-35.404539,1532808.72,-3970087.458,1533808.72,-3969087.458,"20150209",2015-02-09,1,"cloud"
"ACT","SE of Tracking Station",29,148.9593611,-35.40959444,148.953166,-35.414649,148.965557,-35.404539,1532808.72,-3970087.458,1533808.72,-3969087.458,"20180310",2018-03-10,1,NA
"ACT","SE of Tracking Station",29,148.9593611,-35.40959444,148.953166,-35.414649,148.965557,-35.404539,1532808.72,-3970087.458,1533808.72,-3969087.458,"20170106",2017-01-06,1,"cloud"
"ACT","SE of Tracking Station",29,148.9593611,-35.40959444,148.953166,-35.414649,148.965557,-35.404539,1532808.72,-3970087.458,1533808.72,-3969087.458,"20160419",2016-04-19,1,NA
"ACT","SE of Tracking Station",29,148.9593611,-35.40959444,148.953166,-35.414649,148.965557,-35.404539,1532808.72,-3970087.458,1533808.72,-3969087.458,"20150114",2015-01-14,1,"cloud"
"ACT","SE of Tracking Station",29,148.9593611,-35.40959444,148.953166,-35.414649,148.965557,-35.404539,1532808.72,-3970087.458,1533808.72,-3969087.458,"20160413",2016-04-13,1,"cloud"
"ACT","SE of Tracking Station",29,148.9593611,-35.40959444,148.953166,-35.414649,148.965557,-35.404539,1532808.72,-3970087.458,1533808.72,-3969087.458,"20160412",2016-04-12,2,"cloud and shade"
"ACT","SE of Tracking Station",29,148.9593611,-35.40959444,148.953166,-35.414649,148.965557,-35.404539,1532808.72,-3970087.458,1533808.72,-3969087.458,"20160319",2016-03-19,1,NA
"ACT","SE of Tracking Station",29,148.9593611,-35.40959444,148.953166,-35.414649,148.965557,-35.404539,1532808.72,-3970087.458,1533808.72,-3969087.458,"20160223",2016-02-23,1,NA
"ACT","SE of Tracking Station",29,148.9593611,-35.40959444,148.953166,-35.414649,148.965557,-35.404539,1532808.72,-3970087.458,1533808.72,-3969087.458,"20160222",2016-02-22,1,NA
"ACT","N of Old Naas Nature Reserve",30,149.0584917,-35.58676111,149.052283,-35.591821,149.064702,-35.581701,1539097.421,-3990790.624,1540097.421,-3989790.624,"20260414",2026-04-14,1,NA
"ACT","N of Old Naas Nature Reserve",30,149.0584917,-35.58676111,149.052283,-35.591821,149.064702,-35.581701,1539097.421,-3990790.624,1540097.421,-3989790.624,"20251219",2025-12-19,1,NA
"ACT","N of Old Naas Nature Reserve",30,149.0584917,-35.58676111,149.052283,-35.591821,149.064702,-35.581701,1539097.421,-3990790.624,1540097.421,-3989790.624,"20240901",2024-09-01,1,NA
"ACT","N of Old Naas Nature Reserve",30,149.0584917,-35.58676111,149.052283,-35.591821,149.064702,-35.581701,1539097.421,-3990790.624,1540097.421,-3989790.624,"20231011",2023-10-11,1,NA
"ACT","N of Old Naas Nature Reserve",30,149.0584917,-35.58676111,149.052283,-35.591821,149.064702,-35.581701,1539097.421,-3990790.624,1540097.421,-3989790.624,"20221211",2022-12-11,1,NA
"ACT","N of Old Naas Nature Reserve",30,149.0584917,-35.58676111,149.052283,-35.591821,149.064702,-35.581701,1539097.421,-3990790.624,1540097.421,-3989790.624,"20210917",2021-09-17,1,NA
"ACT","N of Old Naas Nature Reserve",30,149.0584917,-35.58676111,149.052283,-35.591821,149.064702,-35.581701,1539097.421,-3990790.624,1540097.421,-3989790.624,"20201015",2020-10-15,1,NA
"ACT","N of Old Naas Nature Reserve",30,149.0584917,-35.58676111,149.052283,-35.591821,149.064702,-35.581701,1539097.421,-3990790.624,1540097.421,-3989790.624,"20191125",2019-11-25,1,NA
"ACT","N of Old Naas Nature Reserve",30,149.0584917,-35.58676111,149.052283,-35.591821,149.064702,-35.581701,1539097.421,-3990790.624,1540097.421,-3989790.624,"20180311",2018-03-11,1,NA
"ACT","N of Old Naas Nature Reserve",30,149.0584917,-35.58676111,149.052283,-35.591821,149.064702,-35.581701,1539097.421,-3990790.624,1540097.421,-3989790.624,"20171120",2017-11-20,1,NA
"ACT","N of Old Naas Nature Reserve",30,149.0584917,-35.58676111,149.052283,-35.591821,149.064702,-35.581701,1539097.421,-3990790.624,1540097.421,-3989790.624,"20161212",2016-12-12,1,NA
"ACT","N of Old Naas Nature Reserve",30,149.0584917,-35.58676111,149.052283,-35.591821,149.064702,-35.581701,1539097.421,-3990790.624,1540097.421,-3989790.624,"20151118",2015-11-18,1,NA
"ACT","N of Old Naas Nature Reserve",30,149.0584917,-35.58676111,149.052283,-35.591821,149.064702,-35.581701,1539097.421,-3990790.624,1540097.421,-3989790.624,"20140211",2014-02-11,1,NA
"ACT","N of Old Naas Nature Reserve",30,149.0584917,-35.58676111,149.052283,-35.591821,149.064702,-35.581701,1539097.421,-3990790.624,1540097.421,-3989790.624,"20130521",2013-05-21,1,NA
"ACT","N of Old Naas Nature Reserve",30,149.0584917,-35.58676111,149.052283,-35.591821,149.064702,-35.581701,1539097.421,-3990790.624,1540097.421,-3989790.624,"20121228",2012-12-28,1,NA
"ACT","N of Old Naas Nature Reserve",30,149.0584917,-35.58676111,149.052283,-35.591821,149.064702,-35.581701,1539097.421,-3990790.624,1540097.421,-3989790.624,"20260409",2026-04-09,1,"some cloud"
"ACT","N of Old Naas Nature Reserve",30,149.0584917,-35.58676111,149.052283,-35.591821,149.064702,-35.581701,1539097.421,-3990790.624,1540097.421,-3989790.624,"20250905",2025-09-05,1,NA
"ACT","N of Old Naas Nature Reserve",30,149.0584917,-35.58676111,149.052283,-35.591821,149.064702,-35.581701,1539097.421,-3990790.624,1540097.421,-3989790.624,"20240226",2024-02-26,1,"cloud"
"ACT","N of Old Naas Nature Reserve",30,149.0584917,-35.58676111,149.052283,-35.591821,149.064702,-35.581701,1539097.421,-3990790.624,1540097.421,-3989790.624,"20230826",2023-08-26,1,NA
"ACT","N of Old Naas Nature Reserve",30,149.0584917,-35.58676111,149.052283,-35.591821,149.064702,-35.581701,1539097.421,-3990790.624,1540097.421,-3989790.624,"20221210",2022-12-10,1,NA
"ACT","N of Old Naas Nature Reserve",30,149.0584917,-35.58676111,149.052283,-35.591821,149.064702,-35.581701,1539097.421,-3990790.624,1540097.421,-3989790.624,"20210215",2021-02-15,1,"shade"
"ACT","N of Old Naas Nature Reserve",30,149.0584917,-35.58676111,149.052283,-35.591821,149.064702,-35.581701,1539097.421,-3990790.624,1540097.421,-3989790.624,"20201008",2020-10-08,1,"cloud"
"ACT","N of Old Naas Nature Reserve",30,149.0584917,-35.58676111,149.052283,-35.591821,149.064702,-35.581701,1539097.421,-3990790.624,1540097.421,-3989790.624,"20191124",2019-11-24,1,"cloud"
"ACT","N of Old Naas Nature Reserve",30,149.0584917,-35.58676111,149.052283,-35.591821,149.064702,-35.581701,1539097.421,-3990790.624,1540097.421,-3989790.624,"20180310",2018-03-10,1,NA
"ACT","N of Old Naas Nature Reserve",30,149.0584917,-35.58676111,149.052283,-35.591821,149.064702,-35.581701,1539097.421,-3990790.624,1540097.421,-3989790.624,"20170516",2017-05-16,1,NA
"ACT","N of Old Naas Nature Reserve",30,149.0584917,-35.58676111,149.052283,-35.591821,149.064702,-35.581701,1539097.421,-3990790.624,1540097.421,-3989790.624,"20161211",2016-12-11,1,"some cloud"
"ACT","N of Old Naas Nature Reserve",30,149.0584917,-35.58676111,149.052283,-35.591821,149.064702,-35.581701,1539097.421,-3990790.624,1540097.421,-3989790.624,"20150223",2015-02-23,1,NA
"ACT","N of Old Naas Nature Reserve",30,149.0584917,-35.58676111,149.052283,-35.591821,149.064702,-35.581701,1539097.421,-3990790.624,1540097.421,-3989790.624,"20140210",2014-02-10,1,NA
"ACT","N of Old Naas Nature Reserve",30,149.0584917,-35.58676111,149.052283,-35.591821,149.064702,-35.581701,1539097.421,-3990790.624,1540097.421,-3989790.624,"20130111",2013-01-11,1,"cloud"
"ACT","N of Old Naas Nature Reserve",30,149.0584917,-35.58676111,149.052283,-35.591821,149.064702,-35.581701,1539097.421,-3990790.624,1540097.421,-3989790.624,"20121106",2012-11-06,1,NA
"ACT","N of Old Naas Nature Reserve",30,149.0584917,-35.58676111,149.052283,-35.591821,149.064702,-35.581701,1539097.421,-3990790.624,1540097.421,-3989790.624,"20260223",2026-02-23,1,NA
"ACT","N of Old Naas Nature Reserve",30,149.0584917,-35.58676111,149.052283,-35.591821,149.064702,-35.581701,1539097.421,-3990790.624,1540097.421,-3989790.624,"20250811",2025-08-11,1,NA
"ACT","N of Old Naas Nature Reserve",30,149.0584917,-35.58676111,149.052283,-35.591821,149.064702,-35.581701,1539097.421,-3990790.624,1540097.421,-3989790.624,"20240225",2024-02-25,1,NA
"ACT","N of Old Naas Nature Reserve",30,149.0584917,-35.58676111,149.052283,-35.591821,149.064702,-35.581701,1539097.421,-3990790.624,1540097.421,-3989790.624,"20230405",2023-04-05,1,NA
"ACT","N of Old Naas Nature Reserve",30,149.0584917,-35.58676111,149.052283,-35.591821,149.064702,-35.581701,1539097.421,-3990790.624,1540097.421,-3989790.624,"20221209",2022-12-09,1,NA
"ACT","N of Old Naas Nature Reserve",30,149.0584917,-35.58676111,149.052283,-35.591821,149.064702,-35.581701,1539097.421,-3990790.624,1540097.421,-3989790.624,"20210108",2021-01-08,1,"cloud"
"ACT","N of Old Naas Nature Reserve",30,149.0584917,-35.58676111,149.052283,-35.591821,149.064702,-35.581701,1539097.421,-3990790.624,1540097.421,-3989790.624,"20200224",2020-02-24,1,NA
"ACT","N of Old Naas Nature Reserve",30,149.0584917,-35.58676111,149.052283,-35.591821,149.064702,-35.581701,1539097.421,-3990790.624,1540097.421,-3989790.624,"20191117",2019-11-17,1,NA
"ACT","N of Old Naas Nature Reserve",30,149.0584917,-35.58676111,149.052283,-35.591821,149.064702,-35.581701,1539097.421,-3990790.624,1540097.421,-3989790.624,"20170112",2017-01-12,1,NA
"ACT","N of Old Naas Nature Reserve",30,149.0584917,-35.58676111,149.052283,-35.591821,149.064702,-35.581701,1539097.421,-3990790.624,1540097.421,-3989790.624,"20160815",2016-08-15,1,NA
"ACT","N of Old Naas Nature Reserve",30,149.0584917,-35.58676111,149.052283,-35.591821,149.064702,-35.581701,1539097.421,-3990790.624,1540097.421,-3989790.624,"20150222",2015-02-22,1,"cloud"
"ACT","N of Old Naas Nature Reserve",30,149.0584917,-35.58676111,149.052283,-35.591821,149.064702,-35.581701,1539097.421,-3990790.624,1540097.421,-3989790.624,"20130104",2013-01-04,1,NA
"ACT","N of Old Naas Nature Reserve",30,149.0584917,-35.58676111,149.052283,-35.591821,149.064702,-35.581701,1539097.421,-3990790.624,1540097.421,-3989790.624,"20121106",2012-11-06,1,NA
"ACT","N of Old Naas Nature Reserve",30,149.0584917,-35.58676111,149.052283,-35.591821,149.064702,-35.581701,1539097.421,-3990790.624,1540097.421,-3989790.624,"20250810",2025-08-10,1,"cloud"
"ACT","N of Old Naas Nature Reserve",30,149.0584917,-35.58676111,149.052283,-35.591821,149.064702,-35.581701,1539097.421,-3990790.624,1540097.421,-3989790.624,"20240224",2024-02-24,1,NA
"ACT","N of Old Naas Nature Reserve",30,149.0584917,-35.58676111,149.052283,-35.591821,149.064702,-35.581701,1539097.421,-3990790.624,1540097.421,-3989790.624,"20221203",2022-12-03,1,NA
"ACT","N of Old Naas Nature Reserve",30,149.0584917,-35.58676111,149.052283,-35.591821,149.064702,-35.581701,1539097.421,-3990790.624,1540097.421,-3989790.624,"20200223",2020-02-23,1,"fog"
"ACT","N of Old Naas Nature Reserve",30,149.0584917,-35.58676111,149.052283,-35.591821,149.064702,-35.581701,1539097.421,-3990790.624,1540097.421,-3989790.624,"20190417",2019-04-17,1,NA
"ACT","N of Old Naas Nature Reserve",30,149.0584917,-35.58676111,149.052283,-35.591821,149.064702,-35.581701,1539097.421,-3990790.624,1540097.421,-3989790.624,"20160629",2016-06-29,1,NA
"ACT","N of Old Naas Nature Reserve",30,149.0584917,-35.58676111,149.052283,-35.591821,149.064702,-35.581701,1539097.421,-3990790.624,1540097.421,-3989790.624,"20150209",2015-02-09,1,"cloud"
"ACT","N of Old Naas Nature Reserve",30,149.0584917,-35.58676111,149.052283,-35.591821,149.064702,-35.581701,1539097.421,-3990790.624,1540097.421,-3989790.624,"20250804",2025-08-04,1,"cloud"
"ACT","N of Old Naas Nature Reserve",30,149.0584917,-35.58676111,149.052283,-35.591821,149.064702,-35.581701,1539097.421,-3990790.624,1540097.421,-3989790.624,"20240219",2024-02-19,1,"some shade"
"ACT","N of Old Naas Nature Reserve",30,149.0584917,-35.58676111,149.052283,-35.591821,149.064702,-35.581701,1539097.421,-3990790.624,1540097.421,-3989790.624,"20221128",2022-11-28,1,NA
"ACT","N of Old Naas Nature Reserve",30,149.0584917,-35.58676111,149.052283,-35.591821,149.064702,-35.581701,1539097.421,-3990790.624,1540097.421,-3989790.624,"20190310",2019-03-10,1,"some cloud"
"ACT","N of Old Naas Nature Reserve",30,149.0584917,-35.58676111,149.052283,-35.591821,149.064702,-35.581701,1539097.421,-3990790.624,1540097.421,-3989790.624,"20160516",2016-05-16,1,NA
"ACT","N of Old Naas Nature Reserve",30,149.0584917,-35.58676111,149.052283,-35.591821,149.064702,-35.581701,1539097.421,-3990790.624,1540097.421,-3989790.624,"20150216",2015-02-16,1,NA
"ACT","N of Old Naas Nature Reserve",30,149.0584917,-35.58676111,149.052283,-35.591821,149.064702,-35.581701,1539097.421,-3990790.624,1540097.421,-3989790.624,"20240218",2024-02-18,1,"some cloud"
"ACT","N of Old Naas Nature Reserve",30,149.0584917,-35.58676111,149.052283,-35.591821,149.064702,-35.581701,1539097.421,-3990790.624,1540097.421,-3989790.624,"20221127",2022-11-27,1,"cloud and dark"
"ACT","N of Old Naas Nature Reserve",30,149.0584917,-35.58676111,149.052283,-35.591821,149.064702,-35.581701,1539097.421,-3990790.624,1540097.421,-3989790.624,"20190130",2019-01-30,1,NA
"ACT","N of Old Naas Nature Reserve",30,149.0584917,-35.58676111,149.052283,-35.591821,149.064702,-35.581701,1539097.421,-3990790.624,1540097.421,-3989790.624,"20160426",2016-04-26,1,NA
"ACT","N of Old Naas Nature Reserve",30,149.0584917,-35.58676111,149.052283,-35.591821,149.064702,-35.581701,1539097.421,-3990790.624,1540097.421,-3989790.624,"20221115",2022-11-15,1,"cloud"
"ACT","N of Old Naas Nature Reserve",30,149.0584917,-35.58676111,149.052283,-35.591821,149.064702,-35.581701,1539097.421,-3990790.624,1540097.421,-3989790.624,"20160425",2016-04-25,1,NA
"ACT","N of Old Naas Nature Reserve",30,149.0584917,-35.58676111,149.052283,-35.591821,149.064702,-35.581701,1539097.421,-3990790.624,1540097.421,-3989790.624,"20160319",2016-03-19,1,NA
"ACT","N of Old Naas Nature Reserve",30,149.0584917,-35.58676111,149.052283,-35.591821,149.064702,-35.581701,1539097.421,-3990790.624,1540097.421,-3989790.624,"20160222",2016-02-22,1,NA
"ACT","N of Old Naas Nature Reserve",30,149.0584917,-35.58676111,149.052283,-35.591821,149.064702,-35.581701,1539097.421,-3990790.624,1540097.421,-3989790.624,"20160221",2016-02-21,1,"cloud"
"ACT","N of Old Naas Nature Reserve",30,149.0584917,-35.58676111,149.052283,-35.591821,149.064702,-35.581701,1539097.421,-3990790.624,1540097.421,-3989790.624,"20160220",2016-02-20,1,"cloud"
