group,location,site_id,x_centre_4326,y_centre_4326,xmin_4326,ymin_4326,xmax_4326,ymax_4326,xmin_3577,ymin_3577,xmax_3577,ymax_3577,year,date,observation_count,notes
"NSW, Hovells Creek",Stuart's,1,148.8766972,-34.06679722,148.870584,-34.071833,148.882811,-34.06176,1545067.292,-3820923.362,1546067.292,-3819923.362,2021,2021/1/13,2,
"NSW, Hovells Creek",Stuart's,1,148.8766972,-34.06679722,148.870584,-34.071833,148.882811,-34.06176,1545067.292,-3820923.362,1546067.292,-3819923.362,2020,2020/5/25,,
"NSW, Hovells Creek",Stuart's,1,148.8766972,-34.06679722,148.870584,-34.071833,148.882811,-34.06176,1545067.292,-3820923.362,1546067.292,-3819923.362,2018,2018/9/29,,
"NSW, Hovells Creek",Stuart's,1,148.8766972,-34.06679722,148.870584,-34.071833,148.882811,-34.06176,1545067.292,-3820923.362,1546067.292,-3819923.362,2017,2017/8/14,,
"NSW, Hovells Creek",Stuart's,1,148.8766972,-34.06679722,148.870584,-34.071833,148.882811,-34.06176,1545067.292,-3820923.362,1546067.292,-3819923.362,2016,2016/10/14,,
"NSW, Hovells Creek",Stuart's,1,148.8766972,-34.06679722,148.870584,-34.071833,148.882811,-34.06176,1545067.292,-3820923.362,1546067.292,-3819923.362,2013,2013/10/31,,
"NSW, Hovells Creek",Stuart's,1,148.8766972,-34.06679722,148.870584,-34.071833,148.882811,-34.06176,1545067.292,-3820923.362,1546067.292,-3819923.362,2020,2020/5/24,,
"NSW, Hovells Creek",Stuart's,1,148.8766972,-34.06679722,148.870584,-34.071833,148.882811,-34.06176,1545067.292,-3820923.362,1546067.292,-3819923.362,2013,2013/10/29,,
"NSW, Hovells Creek",Stuart's,1,148.8766972,-34.06679722,148.870584,-34.071833,148.882811,-34.06176,1545067.292,-3820923.362,1546067.292,-3819923.362,2013,2013/1/23,,
"NSW, Hovells Creek",Keith's,2,148.9001806,-34.05026111,148.894068,-34.055298,148.906295,-34.045224,1547448.571,-3819380.21,1548448.571,-3818380.21,2021,2021/1/13,2,
"NSW, Hovells Creek",Keith's,2,148.9001806,-34.05026111,148.894068,-34.055298,148.906295,-34.045224,1547448.571,-3819380.21,1548448.571,-3818380.21,2020,2020/5/25,,
"NSW, Hovells Creek",Keith's,2,148.9001806,-34.05026111,148.894068,-34.055298,148.906295,-34.045224,1547448.571,-3819380.21,1548448.571,-3818380.21,2018,2018/9/29,,
"NSW, Hovells Creek",Keith's,2,148.9001806,-34.05026111,148.894068,-34.055298,148.906295,-34.045224,1547448.571,-3819380.21,1548448.571,-3818380.21,2017,2017/8/14,,
"NSW, Hovells Creek",Keith's,2,148.9001806,-34.05026111,148.894068,-34.055298,148.906295,-34.045224,1547448.571,-3819380.21,1548448.571,-3818380.21,2016,2016/10/14,,
"NSW, Hovells Creek",Keith's,2,148.9001806,-34.05026111,148.894068,-34.055298,148.906295,-34.045224,1547448.571,-3819380.21,1548448.571,-3818380.21,2013,2013/10/31,,
"NSW, Hovells Creek",Keith's,2,148.9001806,-34.05026111,148.894068,-34.055298,148.906295,-34.045224,1547448.571,-3819380.21,1548448.571,-3818380.21,2020,2020/5/24,,(some cloud)
"NSW, Hovells Creek",Keith's,2,148.9001806,-34.05026111,148.894068,-34.055298,148.906295,-34.045224,1547448.571,-3819380.21,1548448.571,-3818380.21,2013,2013/10/29,,
"NSW, Hovells Creek",Bennett Springs Rd,3,148.8525917,-34.02543056,148.846482,-34.030466,148.858702,-34.020396,1543479.191,-3816060.1,1544479.191,-3815060.1,2021,2021/1/13,2,
"NSW, Hovells Creek",Bennett Springs Rd,3,148.8525917,-34.02543056,148.846482,-34.030466,148.858702,-34.020396,1543479.191,-3816060.1,1544479.191,-3815060.1,2020,2020/5/25,,
"NSW, Hovells Creek",Bennett Springs Rd,3,148.8525917,-34.02543056,148.846482,-34.030466,148.858702,-34.020396,1543479.191,-3816060.1,1544479.191,-3815060.1,2018,2018/9/29,,
"NSW, Hovells Creek",Bennett Springs Rd,3,148.8525917,-34.02543056,148.846482,-34.030466,148.858702,-34.020396,1543479.191,-3816060.1,1544479.191,-3815060.1,2017,2017/8/14,,
"NSW, Hovells Creek",Bennett Springs Rd,3,148.8525917,-34.02543056,148.846482,-34.030466,148.858702,-34.020396,1543479.191,-3816060.1,1544479.191,-3815060.1,2016,2016/10/14,,
"NSW, Hovells Creek",Bennett Springs Rd,3,148.8525917,-34.02543056,148.846482,-34.030466,148.858702,-34.020396,1543479.191,-3816060.1,1544479.191,-3815060.1,2015,2015/11/16,,
"NSW, Hovells Creek",Bennett Springs Rd,3,148.8525917,-34.02543056,148.846482,-34.030466,148.858702,-34.020396,1543479.191,-3816060.1,1544479.191,-3815060.1,2014,2014/2/11,,
"NSW, Hovells Creek",Bennett Springs Rd,3,148.8525917,-34.02543056,148.846482,-34.030466,148.858702,-34.020396,1543479.191,-3816060.1,1544479.191,-3815060.1,2013,2013/10/31,,
"NSW, Hovells Creek",Bennett Springs Rd,3,148.8525917,-34.02543056,148.846482,-34.030466,148.858702,-34.020396,1543479.191,-3816060.1,1544479.191,-3815060.1,2020,2020/5/24,,(cloud)
"NSW, Hovells Creek",Bennett Springs Rd,3,148.8525917,-34.02543056,148.846482,-34.030466,148.858702,-34.020396,1543479.191,-3816060.1,1544479.191,-3815060.1,2013,2013/10/29,,
"NSW, Hovells Creek",Bennett Springs Rd,3,148.8525917,-34.02543056,148.846482,-34.030466,148.858702,-34.020396,1543479.191,-3816060.1,1544479.191,-3815060.1,2013,2013/1/23,,
"NSW, Hovells Creek",Back of Lyn's land,4,148.866375,-34.07984167,148.860261,-34.084878,148.872489,-34.074806,1543936.062,-3822240.183,1544936.062,-3821240.183,2021,2021/1/13,2,
"NSW, Hovells Creek",Back of Lyn's land,4,148.866375,-34.07984167,148.860261,-34.084878,148.872489,-34.074806,1543936.062,-3822240.183,1544936.062,-3821240.183,2020,2020/5/25,,
"NSW, Hovells Creek",Back of Lyn's land,4,148.866375,-34.07984167,148.860261,-34.084878,148.872489,-34.074806,1543936.062,-3822240.183,1544936.062,-3821240.183,2018,2018/9/29,,
"NSW, Hovells Creek",Back of Lyn's land,4,148.866375,-34.07984167,148.860261,-34.084878,148.872489,-34.074806,1543936.062,-3822240.183,1544936.062,-3821240.183,2017,2017/8/14,,
"NSW, Hovells Creek",Back of Lyn's land,4,148.866375,-34.07984167,148.860261,-34.084878,148.872489,-34.074806,1543936.062,-3822240.183,1544936.062,-3821240.183,2016,2016/10/14,,
"NSW, Hovells Creek",Back of Lyn's land,4,148.866375,-34.07984167,148.860261,-34.084878,148.872489,-34.074806,1543936.062,-3822240.183,1544936.062,-3821240.183,2013,2013/10/31,,
"NSW, Hovells Creek",Back of Lyn's land,4,148.866375,-34.07984167,148.860261,-34.084878,148.872489,-34.074806,1543936.062,-3822240.183,1544936.062,-3821240.183,2020,2020/5/24,,(some cloud)
"NSW, Hovells Creek",Back of Lyn's land,4,148.866375,-34.07984167,148.860261,-34.084878,148.872489,-34.074806,1543936.062,-3822240.183,1544936.062,-3821240.183,2013,2013/10/29,,(cloud)
"NSW, Hovells Creek",Back of Lyn's land,4,148.866375,-34.07984167,148.860261,-34.084878,148.872489,-34.074806,1543936.062,-3822240.183,1544936.062,-3821240.183,2013,2013/1/23,,
"NSW, Hovells Creek",South of Chudleigh,5,148.8693222,-34.18635833,148.863202,-34.191396,148.875442,-34.18132,1542641.098,-3834045.821,1543641.098,-3833045.821,2021,2021/1/13,2,
"NSW, Hovells Creek",South of Chudleigh,5,148.8693222,-34.18635833,148.863202,-34.191396,148.875442,-34.18132,1542641.098,-3834045.821,1543641.098,-3833045.821,2020,2020/5/25,,
"NSW, Hovells Creek",South of Chudleigh,5,148.8693222,-34.18635833,148.863202,-34.191396,148.875442,-34.18132,1542641.098,-3834045.821,1543641.098,-3833045.821,2018,2018/9/29,,
"NSW, Hovells Creek",South of Chudleigh,5,148.8693222,-34.18635833,148.863202,-34.191396,148.875442,-34.18132,1542641.098,-3834045.821,1543641.098,-3833045.821,2017,2017/8/14,,
"NSW, Hovells Creek",South of Chudleigh,5,148.8693222,-34.18635833,148.863202,-34.191396,148.875442,-34.18132,1542641.098,-3834045.821,1543641.098,-3833045.821,2016,2016/10/14,,
"NSW, Hovells Creek",South of Chudleigh,5,148.8693222,-34.18635833,148.863202,-34.191396,148.875442,-34.18132,1542641.098,-3834045.821,1543641.098,-3833045.821,2013,2013/10/31,,
"NSW, Hovells Creek",South of Chudleigh,5,148.8693222,-34.18635833,148.863202,-34.191396,148.875442,-34.18132,1542641.098,-3834045.821,1543641.098,-3833045.821,2020,2020/5/24,,
"NSW, Hovells Creek",South of Chudleigh,5,148.8693222,-34.18635833,148.863202,-34.191396,148.875442,-34.18132,1542641.098,-3834045.821,1543641.098,-3833045.821,2013,2013/10/29,,
"NSW, Hovells Creek",South of Chudleigh,5,148.8693222,-34.18635833,148.863202,-34.191396,148.875442,-34.18132,1542641.098,-3834045.821,1543641.098,-3833045.821,2013,2013/1/23,,
"NSW, Hovells Creek",South of Chudleigh,5,148.8693222,-34.18635833,148.863202,-34.191396,148.875442,-34.18132,1542641.098,-3834045.821,1543641.098,-3833045.821,2013,2013/10/10,,
"NSW, Hovells Creek",South of Chudleigh,5,148.8693222,-34.18635833,148.863202,-34.191396,148.875442,-34.18132,1542641.098,-3834045.821,1543641.098,-3833045.821,2013,2013/1/23,,
"NSW, Boorowa to Yass",S of Boorowa per book,6,148.7243028,-34.50974167,148.71817,-34.514779,148.730437,-34.504705,1524748.208,-3868024.365,1525748.208,-3867024.365,2023,2023/3/10,,
"NSW, Boorowa to Yass",S of Boorowa per book,6,148.7243028,-34.50974167,148.71817,-34.514779,148.730437,-34.504705,1524748.208,-3868024.365,1525748.208,-3867024.365,2021,2021/1/13,,
"NSW, Boorowa to Yass",S of Boorowa per book,6,148.7243028,-34.50974167,148.71817,-34.514779,148.730437,-34.504705,1524748.208,-3868024.365,1525748.208,-3867024.365,2020,2020/10/14,,
"NSW, Boorowa to Yass",S of Boorowa per book,6,148.7243028,-34.50974167,148.71817,-34.514779,148.730437,-34.504705,1524748.208,-3868024.365,1525748.208,-3867024.365,2018,2018/11/19,,
"NSW, Boorowa to Yass",S of Boorowa per book,6,148.7243028,-34.50974167,148.71817,-34.514779,148.730437,-34.504705,1524748.208,-3868024.365,1525748.208,-3867024.365,2017,2017/11/13,,
"NSW, Boorowa to Yass",S of Boorowa per book,6,148.7243028,-34.50974167,148.71817,-34.514779,148.730437,-34.504705,1524748.208,-3868024.365,1525748.208,-3867024.365,2016,2016/12/9,,
"NSW, Boorowa to Yass",S of Boorowa per book,6,148.7243028,-34.50974167,148.71817,-34.514779,148.730437,-34.504705,1524748.208,-3868024.365,1525748.208,-3867024.365,2013,2013/10/30,,
"NSW, Boorowa to Yass",S of Boorowa per book,6,148.7243028,-34.50974167,148.71817,-34.514779,148.730437,-34.504705,1524748.208,-3868024.365,1525748.208,-3867024.365,2023,2023/3/9,,
"NSW, Boorowa to Yass",S of Boorowa per book,6,148.7243028,-34.50974167,148.71817,-34.514779,148.730437,-34.504705,1524748.208,-3868024.365,1525748.208,-3867024.365,2021,2020/10/21,,
"NSW, Boorowa to Yass",S of Boorowa per book,6,148.7243028,-34.50974167,148.71817,-34.514779,148.730437,-34.504705,1524748.208,-3868024.365,1525748.208,-3867024.365,2020,2020/9/29,,
"NSW, Boorowa to Yass",S of Boorowa per book,6,148.7243028,-34.50974167,148.71817,-34.514779,148.730437,-34.504705,1524748.208,-3868024.365,1525748.208,-3867024.365,2018,2018/11/18,,
"NSW, Boorowa to Yass",S of Boorowa per book,6,148.7243028,-34.50974167,148.71817,-34.514779,148.730437,-34.504705,1524748.208,-3868024.365,1525748.208,-3867024.365,2017,2017/10/30,,
"NSW, Boorowa to Yass",S of Boorowa per book,6,148.7243028,-34.50974167,148.71817,-34.514779,148.730437,-34.504705,1524748.208,-3868024.365,1525748.208,-3867024.365,2016,2016/11/7,,
"NSW, Boorowa to Yass",S of Boorowa per book,6,148.7243028,-34.50974167,148.71817,-34.514779,148.730437,-34.504705,1524748.208,-3868024.365,1525748.208,-3867024.365,2013,2013/10/10,,(very dark)
"NSW, Boorowa to Yass",S of Boorowa per book,6,148.7243028,-34.50974167,148.71817,-34.514779,148.730437,-34.504705,1524748.208,-3868024.365,1525748.208,-3867024.365,2020,2020/9/23,,(cloud)
"NSW, Boorowa to Yass",S of Boorowa per book,6,148.7243028,-34.50974167,148.71817,-34.514779,148.730437,-34.504705,1524748.208,-3868024.365,1525748.208,-3867024.365,2018,2018/10/6,,
"NSW, Boorowa to Yass",S of Boorowa per book,6,148.7243028,-34.50974167,148.71817,-34.514779,148.730437,-34.504705,1524748.208,-3868024.365,1525748.208,-3867024.365,2016,2016/11/3,,
"NSW, Boorowa to Yass",S of Boorowa per book,6,148.7243028,-34.50974167,148.71817,-34.514779,148.730437,-34.504705,1524748.208,-3868024.365,1525748.208,-3867024.365,2020,2020/9/6,,
"NSW, Boorowa to Yass",S of Boorowa per book,6,148.7243028,-34.50974167,148.71817,-34.514779,148.730437,-34.504705,1524748.208,-3868024.365,1525748.208,-3867024.365,2016,2016/11/2,,
"NSW, Boorowa to Yass",S of Boorowa per book,6,148.7243028,-34.50974167,148.71817,-34.514779,148.730437,-34.504705,1524748.208,-3868024.365,1525748.208,-3867024.365,2020,2020/3/20,,
"NSW, Boorowa to Yass",S of Boorowa per book,6,148.7243028,-34.50974167,148.71817,-34.514779,148.730437,-34.504705,1524748.208,-3868024.365,1525748.208,-3867024.365,2016,2016/10/25,,
"NSW, Boorowa to Yass",S of Boorowa per book,6,148.7243028,-34.50974167,148.71817,-34.514779,148.730437,-34.504705,1524748.208,-3868024.365,1525748.208,-3867024.365,2016,2016/10/18,,
"NSW, Boorowa to Yass",S of Boorowa per book,6,148.7243028,-34.50974167,148.71817,-34.514779,148.730437,-34.504705,1524748.208,-3868024.365,1525748.208,-3867024.365,2016,2016/10/14,,
"NSW, Boorowa to Yass",S of Boorowa per book,6,148.7243028,-34.50974167,148.71817,-34.514779,148.730437,-34.504705,1524748.208,-3868024.365,1525748.208,-3867024.365,2016,2016/10/13,,
"NSW, Boorowa to Yass",S of Boorowa per book,6,148.7243028,-34.50974167,148.71817,-34.514779,148.730437,-34.504705,1524748.208,-3868024.365,1525748.208,-3867024.365,2016,2016/10/8,,
"NSW, Boorowa to Yass",Near 2 cuttings,7,148.7300361,-34.56030278,148.723899,-34.56534,148.736173,-34.555265,1524532.759,-3873675.714,1525532.759,-3872675.714,2023,2023/3/10,,
"NSW, Boorowa to Yass",Near 2 cuttings,7,148.7300361,-34.56030278,148.723899,-34.56534,148.736173,-34.555265,1524532.759,-3873675.714,1525532.759,-3872675.714,2021,2021/1/13,,
"NSW, Boorowa to Yass",Near 2 cuttings,7,148.7300361,-34.56030278,148.723899,-34.56534,148.736173,-34.555265,1524532.759,-3873675.714,1525532.759,-3872675.714,2020,2020/9/6,,
"NSW, Boorowa to Yass",Near 2 cuttings,7,148.7300361,-34.56030278,148.723899,-34.56534,148.736173,-34.555265,1524532.759,-3873675.714,1525532.759,-3872675.714,2018,2018/11/19,,
"NSW, Boorowa to Yass",Near 2 cuttings,7,148.7300361,-34.56030278,148.723899,-34.56534,148.736173,-34.555265,1524532.759,-3873675.714,1525532.759,-3872675.714,2017,2017/11/13,,
"NSW, Boorowa to Yass",Near 2 cuttings,7,148.7300361,-34.56030278,148.723899,-34.56534,148.736173,-34.555265,1524532.759,-3873675.714,1525532.759,-3872675.714,2016,2016/12/9,,(cloud)
"NSW, Boorowa to Yass",Near 2 cuttings,7,148.7300361,-34.56030278,148.723899,-34.56534,148.736173,-34.555265,1524532.759,-3873675.714,1525532.759,-3872675.714,2013,2013/10/30,,
"NSW, Boorowa to Yass",Near 2 cuttings,7,148.7300361,-34.56030278,148.723899,-34.56534,148.736173,-34.555265,1524532.759,-3873675.714,1525532.759,-3872675.714,2023,2023/3/9,,
"NSW, Boorowa to Yass",Near 2 cuttings,7,148.7300361,-34.56030278,148.723899,-34.56534,148.736173,-34.555265,1524532.759,-3873675.714,1525532.759,-3872675.714,2020,2020/3/20,,
"NSW, Boorowa to Yass",Near 2 cuttings,7,148.7300361,-34.56030278,148.723899,-34.56534,148.736173,-34.555265,1524532.759,-3873675.714,1525532.759,-3872675.714,2018,2018/11/18,,
"NSW, Boorowa to Yass",Near 2 cuttings,7,148.7300361,-34.56030278,148.723899,-34.56534,148.736173,-34.555265,1524532.759,-3873675.714,1525532.759,-3872675.714,2017,2017/10/30,,
"NSW, Boorowa to Yass",Near 2 cuttings,7,148.7300361,-34.56030278,148.723899,-34.56534,148.736173,-34.555265,1524532.759,-3873675.714,1525532.759,-3872675.714,2016,2016/11/7,,
"NSW, Boorowa to Yass",Near 2 cuttings,7,148.7300361,-34.56030278,148.723899,-34.56534,148.736173,-34.555265,1524532.759,-3873675.714,1525532.759,-3872675.714,2013,2013/10/10,,(very dark)
"NSW, Boorowa to Yass",Near 2 cuttings,7,148.7300361,-34.56030278,148.723899,-34.56534,148.736173,-34.555265,1524532.759,-3873675.714,1525532.759,-3872675.714,2018,2018/10/6,,
"NSW, Boorowa to Yass",Near 2 cuttings,7,148.7300361,-34.56030278,148.723899,-34.56534,148.736173,-34.555265,1524532.759,-3873675.714,1525532.759,-3872675.714,2016,2016/11/3,,
"NSW, Boorowa to Yass",Near 2 cuttings,7,148.7300361,-34.56030278,148.723899,-34.56534,148.736173,-34.555265,1524532.759,-3873675.714,1525532.759,-3872675.714,2016,2016/11/2,,(cloud)
"NSW, Boorowa to Yass",Near 2 cuttings,7,148.7300361,-34.56030278,148.723899,-34.56534,148.736173,-34.555265,1524532.759,-3873675.714,1525532.759,-3872675.714,2016,2016/10/25,,
"NSW, Boorowa to Yass",Near 2 cuttings,7,148.7300361,-34.56030278,148.723899,-34.56534,148.736173,-34.555265,1524532.759,-3873675.714,1525532.759,-3872675.714,2016,2016/10/18,,(some cloud)
"NSW, Boorowa to Yass",Near 2 cuttings,7,148.7300361,-34.56030278,148.723899,-34.56534,148.736173,-34.555265,1524532.759,-3873675.714,1525532.759,-3872675.714,2016,2016/10/14,,
"NSW, Boorowa to Yass",Near 2 cuttings,7,148.7300361,-34.56030278,148.723899,-34.56534,148.736173,-34.555265,1524532.759,-3873675.714,1525532.759,-3872675.714,2016,2016/10/13,,
"NSW, Boorowa to Yass",Near 2 cuttings,7,148.7300361,-34.56030278,148.723899,-34.56534,148.736173,-34.555265,1524532.759,-3873675.714,1525532.759,-3872675.714,2016,2016/10/8,,
"NSW, Boorowa to Yass",E of Bowning,8,148.8405556,-34.72815556,148.834405,-34.733199,148.846707,-34.723113,1532092.535,-3893526.744,1533092.535,-3892526.744,2023,2023/3/10,,
"NSW, Boorowa to Yass",E of Bowning,8,148.8405556,-34.72815556,148.834405,-34.733199,148.846707,-34.723113,1532092.535,-3893526.744,1533092.535,-3892526.744,2021,2021/4/1,,
"NSW, Boorowa to Yass",E of Bowning,8,148.8405556,-34.72815556,148.834405,-34.733199,148.846707,-34.723113,1532092.535,-3893526.744,1533092.535,-3892526.744,2020,2020/9/6,2,(some cloud?)
"NSW, Boorowa to Yass",E of Bowning,8,148.8405556,-34.72815556,148.834405,-34.733199,148.846707,-34.723113,1532092.535,-3893526.744,1533092.535,-3892526.744,2018,2018/11/19,,
"NSW, Boorowa to Yass",E of Bowning,8,148.8405556,-34.72815556,148.834405,-34.733199,148.846707,-34.723113,1532092.535,-3893526.744,1533092.535,-3892526.744,2017,2017/10/30,,
"NSW, Boorowa to Yass",E of Bowning,8,148.8405556,-34.72815556,148.834405,-34.733199,148.846707,-34.723113,1532092.535,-3893526.744,1533092.535,-3892526.744,2016,2016/10/8,,
"NSW, Boorowa to Yass",E of Bowning,8,148.8405556,-34.72815556,148.834405,-34.733199,148.846707,-34.723113,1532092.535,-3893526.744,1533092.535,-3892526.744,2014,2014/8/20,,
"NSW, Boorowa to Yass",E of Bowning,8,148.8405556,-34.72815556,148.834405,-34.733199,148.846707,-34.723113,1532092.535,-3893526.744,1533092.535,-3892526.744,2013,2013/10/30,2,
"NSW, Boorowa to Yass",E of Bowning,8,148.8405556,-34.72815556,148.834405,-34.733199,148.846707,-34.723113,1532092.535,-3893526.744,1533092.535,-3892526.744,2023,2023/3/9,,
"NSW, Boorowa to Yass",E of Bowning,8,148.8405556,-34.72815556,148.834405,-34.733199,148.846707,-34.723113,1532092.535,-3893526.744,1533092.535,-3892526.744,2021,2021/3/6,,(cloud)
"NSW, Boorowa to Yass",E of Bowning,8,148.8405556,-34.72815556,148.834405,-34.733199,148.846707,-34.723113,1532092.535,-3893526.744,1533092.535,-3892526.744,2020,2020/8/10,,(cloud)
"NSW, Boorowa to Yass",E of Bowning,8,148.8405556,-34.72815556,148.834405,-34.733199,148.846707,-34.723113,1532092.535,-3893526.744,1533092.535,-3892526.744,2018,2018/11/18,,
"NSW, Boorowa to Yass",E of Bowning,8,148.8405556,-34.72815556,148.834405,-34.733199,148.846707,-34.723113,1532092.535,-3893526.744,1533092.535,-3892526.744,2016,2016/10/8,,
"NSW, Boorowa to Yass",E of Bowning,8,148.8405556,-34.72815556,148.834405,-34.733199,148.846707,-34.723113,1532092.535,-3893526.744,1533092.535,-3892526.744,2021,2021/2/8,,(some cloud)
"NSW, Boorowa to Yass",E of Bowning,8,148.8405556,-34.72815556,148.834405,-34.733199,148.846707,-34.723113,1532092.535,-3893526.744,1533092.535,-3892526.744,2018,2018/9/29,,
"NSW, Boorowa to Yass",NE of Bowning,9,148.8555222,-34.762075,148.849369,-34.767119,148.861676,-34.757031,1532949.904,-3897449.366,1533949.904,-3896449.366,2023,2023/3/10,,
"NSW, Boorowa to Yass",NE of Bowning,9,148.8555222,-34.762075,148.849369,-34.767119,148.861676,-34.757031,1532949.904,-3897449.366,1533949.904,-3896449.366,2021,2021/4/1,,
"NSW, Boorowa to Yass",NE of Bowning,9,148.8555222,-34.762075,148.849369,-34.767119,148.861676,-34.757031,1532949.904,-3897449.366,1533949.904,-3896449.366,2020,2020/9/6,2,(some cloud?)
"NSW, Boorowa to Yass",NE of Bowning,9,148.8555222,-34.762075,148.849369,-34.767119,148.861676,-34.757031,1532949.904,-3897449.366,1533949.904,-3896449.366,2018,2018/11/19,,
"NSW, Boorowa to Yass",NE of Bowning,9,148.8555222,-34.762075,148.849369,-34.767119,148.861676,-34.757031,1532949.904,-3897449.366,1533949.904,-3896449.366,2017,2017/10/30,,
"NSW, Boorowa to Yass",NE of Bowning,9,148.8555222,-34.762075,148.849369,-34.767119,148.861676,-34.757031,1532949.904,-3897449.366,1533949.904,-3896449.366,2016,2016/10/8,2,
"NSW, Boorowa to Yass",NE of Bowning,9,148.8555222,-34.762075,148.849369,-34.767119,148.861676,-34.757031,1532949.904,-3897449.366,1533949.904,-3896449.366,2014,2014/8/20,,
"NSW, Boorowa to Yass",NE of Bowning,9,148.8555222,-34.762075,148.849369,-34.767119,148.861676,-34.757031,1532949.904,-3897449.366,1533949.904,-3896449.366,2013,2013/10/30,,
"NSW, Boorowa to Yass",NE of Bowning,9,148.8555222,-34.762075,148.849369,-34.767119,148.861676,-34.757031,1532949.904,-3897449.366,1533949.904,-3896449.366,2023,2023/3/9,,
"NSW, Boorowa to Yass",NE of Bowning,9,148.8555222,-34.762075,148.849369,-34.767119,148.861676,-34.757031,1532949.904,-3897449.366,1533949.904,-3896449.366,2021,2021/3/6,,(some cloud?)
"NSW, Boorowa to Yass",NE of Bowning,9,148.8555222,-34.762075,148.849369,-34.767119,148.861676,-34.757031,1532949.904,-3897449.366,1533949.904,-3896449.366,2020,2020/8/10,,(some cloud)
"NSW, Boorowa to Yass",NE of Bowning,9,148.8555222,-34.762075,148.849369,-34.767119,148.861676,-34.757031,1532949.904,-3897449.366,1533949.904,-3896449.366,2018,2018/11/18,,
"NSW, Boorowa to Yass",NE of Bowning,9,148.8555222,-34.762075,148.849369,-34.767119,148.861676,-34.757031,1532949.904,-3897449.366,1533949.904,-3896449.366,2021,2021/2/8,,(some cloud)
"NSW, Boorowa to Yass",NE of Bowning,9,148.8555222,-34.762075,148.849369,-34.767119,148.861676,-34.757031,1532949.904,-3897449.366,1533949.904,-3896449.366,2018,2018/9/29,,
"NSW, Boorowa to Yass",Boorowa Rd joins Hume,10,148.8532972,-34.78713889,148.847143,-34.792183,148.859452,-34.782095,1532381.686,-3900188.321,1533381.686,-3899188.321,2023,2023/3/10,,
"NSW, Boorowa to Yass",Boorowa Rd joins Hume,10,148.8532972,-34.78713889,148.847143,-34.792183,148.859452,-34.782095,1532381.686,-3900188.321,1533381.686,-3899188.321,2021,2021/4/1,,
"NSW, Boorowa to Yass",Boorowa Rd joins Hume,10,148.8532972,-34.78713889,148.847143,-34.792183,148.859452,-34.782095,1532381.686,-3900188.321,1533381.686,-3899188.321,2020,2020/12/18,,(cloud)
"NSW, Boorowa to Yass",Boorowa Rd joins Hume,10,148.8532972,-34.78713889,148.847143,-34.792183,148.859452,-34.782095,1532381.686,-3900188.321,1533381.686,-3899188.321,2019,2019/1/29,,
"NSW, Boorowa to Yass",Boorowa Rd joins Hume,10,148.8532972,-34.78713889,148.847143,-34.792183,148.859452,-34.782095,1532381.686,-3900188.321,1533381.686,-3899188.321,2018,2018/12/1,,
"NSW, Boorowa to Yass",Boorowa Rd joins Hume,10,148.8532972,-34.78713889,148.847143,-34.792183,148.859452,-34.782095,1532381.686,-3900188.321,1533381.686,-3899188.321,2017,2017/10/30,,
"NSW, Boorowa to Yass",Boorowa Rd joins Hume,10,148.8532972,-34.78713889,148.847143,-34.792183,148.859452,-34.782095,1532381.686,-3900188.321,1533381.686,-3899188.321,2016,2016/10/8,2,
"NSW, Boorowa to Yass",Boorowa Rd joins Hume,10,148.8532972,-34.78713889,148.847143,-34.792183,148.859452,-34.782095,1532381.686,-3900188.321,1533381.686,-3899188.321,2014,2014/8/20,2,
"NSW, Boorowa to Yass",Boorowa Rd joins Hume,10,148.8532972,-34.78713889,148.847143,-34.792183,148.859452,-34.782095,1532381.686,-3900188.321,1533381.686,-3899188.321,2013,2013/10/30,,
"NSW, Boorowa to Yass",Boorowa Rd joins Hume,10,148.8532972,-34.78713889,148.847143,-34.792183,148.859452,-34.782095,1532381.686,-3900188.321,1533381.686,-3899188.321,2023,2023/3/9,,
"NSW, Boorowa to Yass",Boorowa Rd joins Hume,10,148.8532972,-34.78713889,148.847143,-34.792183,148.859452,-34.782095,1532381.686,-3900188.321,1533381.686,-3899188.321,2021,2021/3/6,,
"NSW, Boorowa to Yass",Boorowa Rd joins Hume,10,148.8532972,-34.78713889,148.847143,-34.792183,148.859452,-34.782095,1532381.686,-3900188.321,1533381.686,-3899188.321,2020,2020/9/6,2,
"NSW, Boorowa to Yass",Boorowa Rd joins Hume,10,148.8532972,-34.78713889,148.847143,-34.792183,148.859452,-34.782095,1532381.686,-3900188.321,1533381.686,-3899188.321,2018,2018/11/19,,
"NSW, Boorowa to Yass",Boorowa Rd joins Hume,10,148.8532972,-34.78713889,148.847143,-34.792183,148.859452,-34.782095,1532381.686,-3900188.321,1533381.686,-3899188.321,2021,2021/2/8,,(some cloud)
"NSW, Boorowa to Yass",Boorowa Rd joins Hume,10,148.8532972,-34.78713889,148.847143,-34.792183,148.859452,-34.782095,1532381.686,-3900188.321,1533381.686,-3899188.321,2020,2020/8/10,,(some cloud)
"NSW, Boorowa to Yass",Boorowa Rd joins Hume,10,148.8532972,-34.78713889,148.847143,-34.792183,148.859452,-34.782095,1532381.686,-3900188.321,1533381.686,-3899188.321,2018,2018/11/18,,
"NSW, Boorowa to Yass",Boorowa Rd joins Hume,10,148.8532972,-34.78713889,148.847143,-34.792183,148.859452,-34.782095,1532381.686,-3900188.321,1533381.686,-3899188.321,2018,2018/9/29,,
"NSW, Yass to ACT Border",N of Murrumbateman,11,148.99285,-34.93071389,148.986682,-34.935764,148.999019,-34.925664,1542881.005,-3917706.805,1543881.005,-3916706.805,2025,2025/12/24,,
"NSW, Yass to ACT Border",N of Murrumbateman,11,148.99285,-34.93071389,148.986682,-34.935764,148.999019,-34.925664,1542881.005,-3917706.805,1543881.005,-3916706.805,2024,2024/9/6,,
"NSW, Yass to ACT Border",N of Murrumbateman,11,148.99285,-34.93071389,148.986682,-34.935764,148.999019,-34.925664,1542881.005,-3917706.805,1543881.005,-3916706.805,2023,2023/10/24,,
"NSW, Yass to ACT Border",N of Murrumbateman,11,148.99285,-34.93071389,148.986682,-34.935764,148.999019,-34.925664,1542881.005,-3917706.805,1543881.005,-3916706.805,2022,2022/5/21,,
"NSW, Yass to ACT Border",N of Murrumbateman,11,148.99285,-34.93071389,148.986682,-34.935764,148.999019,-34.925664,1542881.005,-3917706.805,1543881.005,-3916706.805,2021,2021/4/13,,
"NSW, Yass to ACT Border",N of Murrumbateman,11,148.99285,-34.93071389,148.986682,-34.935764,148.999019,-34.925664,1542881.005,-3917706.805,1543881.005,-3916706.805,2020,2020/8/30,,
"NSW, Yass to ACT Border",N of Murrumbateman,11,148.99285,-34.93071389,148.986682,-34.935764,148.999019,-34.925664,1542881.005,-3917706.805,1543881.005,-3916706.805,2018,2018/12/27,,
"NSW, Yass to ACT Border",N of Murrumbateman,11,148.99285,-34.93071389,148.986682,-34.935764,148.999019,-34.925664,1542881.005,-3917706.805,1543881.005,-3916706.805,2017,2017/10/30,,
"NSW, Yass to ACT Border",N of Murrumbateman,11,148.99285,-34.93071389,148.986682,-34.935764,148.999019,-34.925664,1542881.005,-3917706.805,1543881.005,-3916706.805,2016,2016/10/14,,
"NSW, Yass to ACT Border",N of Murrumbateman,11,148.99285,-34.93071389,148.986682,-34.935764,148.999019,-34.925664,1542881.005,-3917706.805,1543881.005,-3916706.805,2015,2015/10/20,,
"NSW, Yass to ACT Border",N of Murrumbateman,11,148.99285,-34.93071389,148.986682,-34.935764,148.999019,-34.925664,1542881.005,-3917706.805,1543881.005,-3916706.805,2014,2014/12/25,,(cloud)
"NSW, Yass to ACT Border",N of Murrumbateman,11,148.99285,-34.93071389,148.986682,-34.935764,148.999019,-34.925664,1542881.005,-3917706.805,1543881.005,-3916706.805,2013,2013/10/30,2,
"NSW, Yass to ACT Border",N of Murrumbateman,11,148.99285,-34.93071389,148.986682,-34.935764,148.999019,-34.925664,1542881.005,-3917706.805,1543881.005,-3916706.805,2025,2025/11/23,,(cloud)
"NSW, Yass to ACT Border",N of Murrumbateman,11,148.99285,-34.93071389,148.986682,-34.935764,148.999019,-34.925664,1542881.005,-3917706.805,1543881.005,-3916706.805,2023,2023/10/28,,(cloud)
"NSW, Yass to ACT Border",N of Murrumbateman,11,148.99285,-34.93071389,148.986682,-34.935764,148.999019,-34.925664,1542881.005,-3917706.805,1543881.005,-3916706.805,2022,2022/5/9,,(cloud)
"NSW, Yass to ACT Border",N of Murrumbateman,11,148.99285,-34.93071389,148.986682,-34.935764,148.999019,-34.925664,1542881.005,-3917706.805,1543881.005,-3916706.805,2021,2021/4/7,,(cloud)
"NSW, Yass to ACT Border",N of Murrumbateman,11,148.99285,-34.93071389,148.986682,-34.935764,148.999019,-34.925664,1542881.005,-3917706.805,1543881.005,-3916706.805,2020,2020/4/17,,(cloud)
"NSW, Yass to ACT Border",N of Murrumbateman,11,148.99285,-34.93071389,148.986682,-34.935764,148.999019,-34.925664,1542881.005,-3917706.805,1543881.005,-3916706.805,2018,2018/12/1,,
"NSW, Yass to ACT Border",N of Murrumbateman,11,148.99285,-34.93071389,148.986682,-34.935764,148.999019,-34.925664,1542881.005,-3917706.805,1543881.005,-3916706.805,2016,2016/10/13,,(cloud)
"NSW, Yass to ACT Border",N of Murrumbateman,11,148.99285,-34.93071389,148.986682,-34.935764,148.999019,-34.925664,1542881.005,-3917706.805,1543881.005,-3916706.805,2015,2015/1/7,,
"NSW, Yass to ACT Border",N of Murrumbateman,11,148.99285,-34.93071389,148.986682,-34.935764,148.999019,-34.925664,1542881.005,-3917706.805,1543881.005,-3916706.805,2014,2014/8/20,,
"NSW, Yass to ACT Border",N of Murrumbateman,11,148.99285,-34.93071389,148.986682,-34.935764,148.999019,-34.925664,1542881.005,-3917706.805,1543881.005,-3916706.805,2013,2013/1/23,,
"NSW, Yass to ACT Border",N of Murrumbateman,11,148.99285,-34.93071389,148.986682,-34.935764,148.999019,-34.925664,1542881.005,-3917706.805,1543881.005,-3916706.805,2023,2023/10/17,,
"NSW, Yass to ACT Border",N of Murrumbateman,11,148.99285,-34.93071389,148.986682,-34.935764,148.999019,-34.925664,1542881.005,-3917706.805,1543881.005,-3916706.805,2022,2022/4/14,,(some cloud)
"NSW, Yass to ACT Border",N of Murrumbateman,11,148.99285,-34.93071389,148.986682,-34.935764,148.999019,-34.925664,1542881.005,-3917706.805,1543881.005,-3916706.805,2021,2021/2/22,,(cloud)
"NSW, Yass to ACT Border",N of Murrumbateman,11,148.99285,-34.93071389,148.986682,-34.935764,148.999019,-34.925664,1542881.005,-3917706.805,1543881.005,-3916706.805,2018,2018/11/19,,
"NSW, Yass to ACT Border",N of Murrumbateman,11,148.99285,-34.93071389,148.986682,-34.935764,148.999019,-34.925664,1542881.005,-3917706.805,1543881.005,-3916706.805,2016,2016/10/8,,
"NSW, Yass to ACT Border",N of Murrumbateman,11,148.99285,-34.93071389,148.986682,-34.935764,148.999019,-34.925664,1542881.005,-3917706.805,1543881.005,-3916706.805,2022,2022/4/13,,(cloud)
"NSW, Yass to ACT Border",N of Murrumbateman,11,148.99285,-34.93071389,148.986682,-34.935764,148.999019,-34.925664,1542881.005,-3917706.805,1543881.005,-3916706.805,2018,2018/11/18,,
"NSW, Yass to ACT Border",N of Murrumbateman,11,148.99285,-34.93071389,148.986682,-34.935764,148.999019,-34.925664,1542881.005,-3917706.805,1543881.005,-3916706.805,2022,2022/4/12,,(cloud)
"NSW, Yass to ACT Border",N of Murrumbateman,11,148.99285,-34.93071389,148.986682,-34.935764,148.999019,-34.925664,1542881.005,-3917706.805,1543881.005,-3916706.805,2018,2018/9/20,,
"NSW, Yass to ACT Border",N of Murrumbateman,11,148.99285,-34.93071389,148.986682,-34.935764,148.999019,-34.925664,1542881.005,-3917706.805,1543881.005,-3916706.805,2022,2022/4/1,,(cloud)
"NSW, Yass to ACT Border",N of Murrumbateman,11,148.99285,-34.93071389,148.986682,-34.935764,148.999019,-34.925664,1542881.005,-3917706.805,1543881.005,-3916706.805,2018,2018/9/9,,
"NSW, Yass to ACT Border",N of Murrumbateman,11,148.99285,-34.93071389,148.986682,-34.935764,148.999019,-34.925664,1542881.005,-3917706.805,1543881.005,-3916706.805,2022,2022/3/30,,(cloud)
"NSW, Yass to ACT Border",N of Murrumbateman,11,148.99285,-34.93071389,148.986682,-34.935764,148.999019,-34.925664,1542881.005,-3917706.805,1543881.005,-3916706.805,2022,2022/3/18,,
"NSW, Yass to ACT Border",N of Murrumbateman,11,148.99285,-34.93071389,148.986682,-34.935764,148.999019,-34.925664,1542881.005,-3917706.805,1543881.005,-3916706.805,2022,2022/3/17,,(cloud)
"NSW, Yass to ACT Border",N of Murrumbateman,11,148.99285,-34.93071389,148.986682,-34.935764,148.999019,-34.925664,1542881.005,-3917706.805,1543881.005,-3916706.805,2022,2022/3/13,,(cloud)
"NSW, Yass to ACT Border",N of Murrumbateman,11,148.99285,-34.93071389,148.986682,-34.935764,148.999019,-34.925664,1542881.005,-3917706.805,1543881.005,-3916706.805,2022,2022/3/12,,
"NSW, Yass to ACT Border",N of Murrumbateman,11,148.99285,-34.93071389,148.986682,-34.935764,148.999019,-34.925664,1542881.005,-3917706.805,1543881.005,-3916706.805,2022,2022/2/28,,(cloud)
"NSW, Yass to ACT Border",N of Murrumbateman,11,148.99285,-34.93071389,148.986682,-34.935764,148.999019,-34.925664,1542881.005,-3917706.805,1543881.005,-3916706.805,2022,2022/2/21,,(cloud)
"NSW, Yass to ACT Border",N of Murrumbateman,11,148.99285,-34.93071389,148.986682,-34.935764,148.999019,-34.925664,1542881.005,-3917706.805,1543881.005,-3916706.805,2022,2022/2/20,,
"NSW, Yass to ACT Border",N of Murrumbateman,11,148.99285,-34.93071389,148.986682,-34.935764,148.999019,-34.925664,1542881.005,-3917706.805,1543881.005,-3916706.805,2022,2022/2/13,,(cloud)
"NSW, Yass to ACT Border",N of Murrumbateman,11,148.99285,-34.93071389,148.986682,-34.935764,148.999019,-34.925664,1542881.005,-3917706.805,1543881.005,-3916706.805,2022,2022/2/8,,
"NSW, Yass to ACT Border",N of Murrumbateman,11,148.99285,-34.93071389,148.986682,-34.935764,148.999019,-34.925664,1542881.005,-3917706.805,1543881.005,-3916706.805,2022,2022/2/2,,(cloud)
"NSW, Yass to ACT Border",N of Murrumbateman,11,148.99285,-34.93071389,148.986682,-34.935764,148.999019,-34.925664,1542881.005,-3917706.805,1543881.005,-3916706.805,2022,2022/1/26,,(cloud)
"NSW, Yass to ACT Border",S of Murrumbateman,12,149.0016833,-35.01530833,148.99551,-35.020359,149.007857,-35.010257,1542429.703,-3927142.111,1543429.703,-3926142.111,2025,2025/12/24,,
"NSW, Yass to ACT Border",S of Murrumbateman,12,149.0016833,-35.01530833,148.99551,-35.020359,149.007857,-35.010257,1542429.703,-3927142.111,1543429.703,-3926142.111,2024,2024/9/6,,
"NSW, Yass to ACT Border",S of Murrumbateman,12,149.0016833,-35.01530833,148.99551,-35.020359,149.007857,-35.010257,1542429.703,-3927142.111,1543429.703,-3926142.111,2022,2022/5/21,,
"NSW, Yass to ACT Border",S of Murrumbateman,12,149.0016833,-35.01530833,148.99551,-35.020359,149.007857,-35.010257,1542429.703,-3927142.111,1543429.703,-3926142.111,2021,2021/4/13,,
"NSW, Yass to ACT Border",S of Murrumbateman,12,149.0016833,-35.01530833,148.99551,-35.020359,149.007857,-35.010257,1542429.703,-3927142.111,1543429.703,-3926142.111,2018,2018/9/20,,
"NSW, Yass to ACT Border",S of Murrumbateman,12,149.0016833,-35.01530833,148.99551,-35.020359,149.007857,-35.010257,1542429.703,-3927142.111,1543429.703,-3926142.111,2015,2015/10/20,,
"NSW, Yass to ACT Border",S of Murrumbateman,12,149.0016833,-35.01530833,148.99551,-35.020359,149.007857,-35.010257,1542429.703,-3927142.111,1543429.703,-3926142.111,2014,2014/12/25,,(cloud)
"NSW, Yass to ACT Border",S of Murrumbateman,12,149.0016833,-35.01530833,148.99551,-35.020359,149.007857,-35.010257,1542429.703,-3927142.111,1543429.703,-3926142.111,2013,2013/1/23,,(some cloud)
"NSW, Yass to ACT Border",S of Murrumbateman,12,149.0016833,-35.01530833,148.99551,-35.020359,149.007857,-35.010257,1542429.703,-3927142.111,1543429.703,-3926142.111,2025,2025/11/30,,
"NSW, Yass to ACT Border",S of Murrumbateman,12,149.0016833,-35.01530833,148.99551,-35.020359,149.007857,-35.010257,1542429.703,-3927142.111,1543429.703,-3926142.111,2022,2022/5/9,,
"NSW, Yass to ACT Border",S of Murrumbateman,12,149.0016833,-35.01530833,148.99551,-35.020359,149.007857,-35.010257,1542429.703,-3927142.111,1543429.703,-3926142.111,2021,2021/4/7,,(cloud)
"NSW, Yass to ACT Border",S of Murrumbateman,12,149.0016833,-35.01530833,148.99551,-35.020359,149.007857,-35.010257,1542429.703,-3927142.111,1543429.703,-3926142.111,2015,2015/1/7,,
"NSW, Yass to ACT Border",S of Murrumbateman,12,149.0016833,-35.01530833,148.99551,-35.020359,149.007857,-35.010257,1542429.703,-3927142.111,1543429.703,-3926142.111,2014,2014/8/20,,
"NSW, Yass to ACT Border",S of Murrumbateman,12,149.0016833,-35.01530833,148.99551,-35.020359,149.007857,-35.010257,1542429.703,-3927142.111,1543429.703,-3926142.111,2022,2022/4/1,,(cloud)
"NSW, Yass to ACT Border",S of Murrumbateman,12,149.0016833,-35.01530833,148.99551,-35.020359,149.007857,-35.010257,1542429.703,-3927142.111,1543429.703,-3926142.111,2022,2022/3/18,,(cloud)
"NSW, Yass to ACT Border",S of Murrumbateman,12,149.0016833,-35.01530833,148.99551,-35.020359,149.007857,-35.010257,1542429.703,-3927142.111,1543429.703,-3926142.111,2022,2022/2/21,,(cloud)
"NSW, Yass to ACT Border",S of Murrumbateman,12,149.0016833,-35.01530833,148.99551,-35.020359,149.007857,-35.010257,1542429.703,-3927142.111,1543429.703,-3926142.111,2022,2022/2/20,,(some cloud)
"NSW, Yass to ACT Border",S of Murrumbateman,12,149.0016833,-35.01530833,148.99551,-35.020359,149.007857,-35.010257,1542429.703,-3927142.111,1543429.703,-3926142.111,2022,2022/2/13,,(cloud)
"NSW, Yass to ACT Border",S of Murrumbateman,12,149.0016833,-35.01530833,148.99551,-35.020359,149.007857,-35.010257,1542429.703,-3927142.111,1543429.703,-3926142.111,2022,2022/2/2,,(some cloud?)
"NSW, Yass to ACT Border",S of Murrumbateman,12,149.0016833,-35.01530833,148.99551,-35.020359,149.007857,-35.010257,1542429.703,-3927142.111,1543429.703,-3926142.111,2022,2022/1/26,,(cloud)
"NSW, Yass to ACT Border",E of Jeir Park,13,149.0206917,-34.03586111,149.014575,-34.040902,149.026809,-34.03082,1558634.724,-3819254.305,1559634.724,-3818254.305,2021,2021/2/3,,
"NSW, Yass to ACT Border",E of Jeir Park,13,149.0206917,-34.03586111,149.014575,-34.040902,149.026809,-34.03082,1558634.724,-3819254.305,1559634.724,-3818254.305,2020,2020/12/26,,(some cloud)
"NSW, Yass to ACT Border",E of Jeir Park,13,149.0206917,-34.03586111,149.014575,-34.040902,149.026809,-34.03082,1558634.724,-3819254.305,1559634.724,-3818254.305,2018,2018/9/13,,
"NSW, Yass to ACT Border",E of Jeir Park,13,149.0206917,-34.03586111,149.014575,-34.040902,149.026809,-34.03082,1558634.724,-3819254.305,1559634.724,-3818254.305,2017,2017/11/21,,
"NSW, Yass to ACT Border",E of Jeir Park,13,149.0206917,-34.03586111,149.014575,-34.040902,149.026809,-34.03082,1558634.724,-3819254.305,1559634.724,-3818254.305,2016,2016/10/14,,
"NSW, Yass to ACT Border",E of Jeir Park,13,149.0206917,-34.03586111,149.014575,-34.040902,149.026809,-34.03082,1558634.724,-3819254.305,1559634.724,-3818254.305,2015,2015/11/10,,
"NSW, Yass to ACT Border",E of Jeir Park,13,149.0206917,-34.03586111,149.014575,-34.040902,149.026809,-34.03082,1558634.724,-3819254.305,1559634.724,-3818254.305,2013,2013/10/31,2,
"NSW, Yass to ACT Border",E of Jeir Park,13,149.0206917,-34.03586111,149.014575,-34.040902,149.026809,-34.03082,1558634.724,-3819254.305,1559634.724,-3818254.305,2021,2021/1/7,,(cloud)
"NSW, Yass to ACT Border",E of Jeir Park,13,149.0206917,-34.03586111,149.014575,-34.040902,149.026809,-34.03082,1558634.724,-3819254.305,1559634.724,-3818254.305,2020,2020/12/25,,(some cloud)
"NSW, Yass to ACT Border",E of Jeir Park,13,149.0206917,-34.03586111,149.014575,-34.040902,149.026809,-34.03082,1558634.724,-3819254.305,1559634.724,-3818254.305,2018,2018/9/3,,(cloud)
"NSW, Yass to ACT Border",E of Jeir Park,13,149.0206917,-34.03586111,149.014575,-34.040902,149.026809,-34.03082,1558634.724,-3819254.305,1559634.724,-3818254.305,2017,2017/11/13,,
"NSW, Yass to ACT Border",E of Jeir Park,13,149.0206917,-34.03586111,149.014575,-34.040902,149.026809,-34.03082,1558634.724,-3819254.305,1559634.724,-3818254.305,2015,2015/1/8,,
"NSW, Yass to ACT Border",E of Jeir Park,13,149.0206917,-34.03586111,149.014575,-34.040902,149.026809,-34.03082,1558634.724,-3819254.305,1559634.724,-3818254.305,2013,2013/10/29,2,(cloud)
"NSW, Yass to ACT Border",E of Jeir Park,13,149.0206917,-34.03586111,149.014575,-34.040902,149.026809,-34.03082,1558634.724,-3819254.305,1559634.724,-3818254.305,2020,2020/7/15,,
"NSW, Yass to ACT Border",E of Jeir Park,13,149.0206917,-34.03586111,149.014575,-34.040902,149.026809,-34.03082,1558634.724,-3819254.305,1559634.724,-3818254.305,2015,2015/1/7,,
"NSW, Yass to ACT Border",E of Jeir Park,13,149.0206917,-34.03586111,149.014575,-34.040902,149.026809,-34.03082,1558634.724,-3819254.305,1559634.724,-3818254.305,2013,2013/2/13,,
"NSW, Yass to ACT Border",E of Jeir Park,13,149.0206917,-34.03586111,149.014575,-34.040902,149.026809,-34.03082,1558634.724,-3819254.305,1559634.724,-3818254.305,2013,2013/1/23,,
"NSW, Yass to ACT Border",Hilly area behind horse stud,14,149.0472417,-35.05495,149.041065,-35.060003,149.05342,-35.049897,1545953.035,-3932063.704,1546953.035,-3931063.704,2025,2025/12/24,,
"NSW, Yass to ACT Border",Hilly area behind horse stud,14,149.0472417,-35.05495,149.041065,-35.060003,149.05342,-35.049897,1545953.035,-3932063.704,1546953.035,-3931063.704,2024,2024/9/6,,
"NSW, Yass to ACT Border",Hilly area behind horse stud,14,149.0472417,-35.05495,149.041065,-35.060003,149.05342,-35.049897,1545953.035,-3932063.704,1546953.035,-3931063.704,2023,2023/11/19,,
"NSW, Yass to ACT Border",Hilly area behind horse stud,14,149.0472417,-35.05495,149.041065,-35.060003,149.05342,-35.049897,1545953.035,-3932063.704,1546953.035,-3931063.704,2022,2022/5/21,,
"NSW, Yass to ACT Border",Hilly area behind horse stud,14,149.0472417,-35.05495,149.041065,-35.060003,149.05342,-35.049897,1545953.035,-3932063.704,1546953.035,-3931063.704,2021,2021/4/13,,
"NSW, Yass to ACT Border",Hilly area behind horse stud,14,149.0472417,-35.05495,149.041065,-35.060003,149.05342,-35.049897,1545953.035,-3932063.704,1546953.035,-3931063.704,2020,2020/7/15,,(some cloud?)
"NSW, Yass to ACT Border",Hilly area behind horse stud,14,149.0472417,-35.05495,149.041065,-35.060003,149.05342,-35.049897,1545953.035,-3932063.704,1546953.035,-3931063.704,2019,2019/4/10,,
"NSW, Yass to ACT Border",Hilly area behind horse stud,14,149.0472417,-35.05495,149.041065,-35.060003,149.05342,-35.049897,1545953.035,-3932063.704,1546953.035,-3931063.704,2018,2018/9/20,,
"NSW, Yass to ACT Border",Hilly area behind horse stud,14,149.0472417,-35.05495,149.041065,-35.060003,149.05342,-35.049897,1545953.035,-3932063.704,1546953.035,-3931063.704,2017,2017/11/20,,(cloud)
"NSW, Yass to ACT Border",Hilly area behind horse stud,14,149.0472417,-35.05495,149.041065,-35.060003,149.05342,-35.049897,1545953.035,-3932063.704,1546953.035,-3931063.704,2015,2015/10/20,,
"NSW, Yass to ACT Border",Hilly area behind horse stud,14,149.0472417,-35.05495,149.041065,-35.060003,149.05342,-35.049897,1545953.035,-3932063.704,1546953.035,-3931063.704,2013,2013/11/19,,
"NSW, Yass to ACT Border",Hilly area behind horse stud,14,149.0472417,-35.05495,149.041065,-35.060003,149.05342,-35.049897,1545953.035,-3932063.704,1546953.035,-3931063.704,2025,2025/11/30,,(cloud)
"NSW, Yass to ACT Border",Hilly area behind horse stud,14,149.0472417,-35.05495,149.041065,-35.060003,149.05342,-35.049897,1545953.035,-3932063.704,1546953.035,-3931063.704,2023,2023/11/6,,(cloud)
"NSW, Yass to ACT Border",Hilly area behind horse stud,14,149.0472417,-35.05495,149.041065,-35.060003,149.05342,-35.049897,1545953.035,-3932063.704,1546953.035,-3931063.704,2022,2022/5/9,,(cloud)
"NSW, Yass to ACT Border",Hilly area behind horse stud,14,149.0472417,-35.05495,149.041065,-35.060003,149.05342,-35.049897,1545953.035,-3932063.704,1546953.035,-3931063.704,2021,2021/4/7,,(cloud)
"NSW, Yass to ACT Border",Hilly area behind horse stud,14,149.0472417,-35.05495,149.041065,-35.060003,149.05342,-35.049897,1545953.035,-3932063.704,1546953.035,-3931063.704,2015,2015/10/20,,
"NSW, Yass to ACT Border",Hilly area behind horse stud,14,149.0472417,-35.05495,149.041065,-35.060003,149.05342,-35.049897,1545953.035,-3932063.704,1546953.035,-3931063.704,2013,2013/6/20,,
"NSW, Yass to ACT Border",Hilly area behind horse stud,14,149.0472417,-35.05495,149.041065,-35.060003,149.05342,-35.049897,1545953.035,-3932063.704,1546953.035,-3931063.704,2022,2022/4/1,,(cloud)
"NSW, Yass to ACT Border",Hilly area behind horse stud,14,149.0472417,-35.05495,149.041065,-35.060003,149.05342,-35.049897,1545953.035,-3932063.704,1546953.035,-3931063.704,2015,2015/3/2,,
"NSW, Yass to ACT Border",Hilly area behind horse stud,14,149.0472417,-35.05495,149.041065,-35.060003,149.05342,-35.049897,1545953.035,-3932063.704,1546953.035,-3931063.704,2013,2013/6/4,,
"NSW, Yass to ACT Border",Hilly area behind horse stud,14,149.0472417,-35.05495,149.041065,-35.060003,149.05342,-35.049897,1545953.035,-3932063.704,1546953.035,-3931063.704,2022,2022/3/18,,(some cloud)
"NSW, Yass to ACT Border",Hilly area behind horse stud,14,149.0472417,-35.05495,149.041065,-35.060003,149.05342,-35.049897,1545953.035,-3932063.704,1546953.035,-3931063.704,2015,2015/2/10,,(cloud)
"NSW, Yass to ACT Border",Hilly area behind horse stud,14,149.0472417,-35.05495,149.041065,-35.060003,149.05342,-35.049897,1545953.035,-3932063.704,1546953.035,-3931063.704,2013,2013/6/3,,
"NSW, Yass to ACT Border",Hilly area behind horse stud,14,149.0472417,-35.05495,149.041065,-35.060003,149.05342,-35.049897,1545953.035,-3932063.704,1546953.035,-3931063.704,2022,2022/2/21,,(cloud)
"NSW, Yass to ACT Border",Hilly area behind horse stud,14,149.0472417,-35.05495,149.041065,-35.060003,149.05342,-35.049897,1545953.035,-3932063.704,1546953.035,-3931063.704,2015,2015/2/9,,(cloud)
"NSW, Yass to ACT Border",Hilly area behind horse stud,14,149.0472417,-35.05495,149.041065,-35.060003,149.05342,-35.049897,1545953.035,-3932063.704,1546953.035,-3931063.704,2013,2013/5/26,,(cloud)
"NSW, Yass to ACT Border",Hilly area behind horse stud,14,149.0472417,-35.05495,149.041065,-35.060003,149.05342,-35.049897,1545953.035,-3932063.704,1546953.035,-3931063.704,2022,2022/2/20,,(some cloud)
"NSW, Yass to ACT Border",Hilly area behind horse stud,14,149.0472417,-35.05495,149.041065,-35.060003,149.05342,-35.049897,1545953.035,-3932063.704,1546953.035,-3931063.704,2015,2015/1/7,,
"NSW, Yass to ACT Border",Hilly area behind horse stud,14,149.0472417,-35.05495,149.041065,-35.060003,149.05342,-35.049897,1545953.035,-3932063.704,1546953.035,-3931063.704,2022,2022/2/13,,(cloud)
"NSW, Yass to ACT Border",Hilly area behind horse stud,14,149.0472417,-35.05495,149.041065,-35.060003,149.05342,-35.049897,1545953.035,-3932063.704,1546953.035,-3931063.704,2022,2022/2/2,,(cloud)
"NSW, Yass to ACT Border",Hilly area behind horse stud,14,149.0472417,-35.05495,149.041065,-35.060003,149.05342,-35.049897,1545953.035,-3932063.704,1546953.035,-3931063.704,2022,2022/1/26,, (cloud)
"NSW, Yass to ACT Border",N of Gooromon Ponds,15,149.0314583,-35.11667222,149.025278,-35.121725,149.037639,-35.111619,1543617.166,-3938677.01,1544617.166,-3937677.01,2026,2026/4/14,,
"NSW, Yass to ACT Border",N of Gooromon Ponds,15,149.0314583,-35.11667222,149.025278,-35.121725,149.037639,-35.111619,1543617.166,-3938677.01,1544617.166,-3937677.01,2025,2025/12/24,,
"NSW, Yass to ACT Border",N of Gooromon Ponds,15,149.0314583,-35.11667222,149.025278,-35.121725,149.037639,-35.111619,1543617.166,-3938677.01,1544617.166,-3937677.01,2024,2024/9/6,,
"NSW, Yass to ACT Border",N of Gooromon Ponds,15,149.0314583,-35.11667222,149.025278,-35.121725,149.037639,-35.111619,1543617.166,-3938677.01,1544617.166,-3937677.01,2023,2023/12/23,,
"NSW, Yass to ACT Border",N of Gooromon Ponds,15,149.0314583,-35.11667222,149.025278,-35.121725,149.037639,-35.111619,1543617.166,-3938677.01,1544617.166,-3937677.01,2022,2022/12/3,,
"NSW, Yass to ACT Border",N of Gooromon Ponds,15,149.0314583,-35.11667222,149.025278,-35.121725,149.037639,-35.111619,1543617.166,-3938677.01,1544617.166,-3937677.01,2021,2021/9/17,,
"NSW, Yass to ACT Border",N of Gooromon Ponds,15,149.0314583,-35.11667222,149.025278,-35.121725,149.037639,-35.111619,1543617.166,-3938677.01,1544617.166,-3937677.01,2020,2020/10/1,,
"NSW, Yass to ACT Border",N of Gooromon Ponds,15,149.0314583,-35.11667222,149.025278,-35.121725,149.037639,-35.111619,1543617.166,-3938677.01,1544617.166,-3937677.01,2019,2019/11/25,,
"NSW, Yass to ACT Border",N of Gooromon Ponds,15,149.0314583,-35.11667222,149.025278,-35.121725,149.037639,-35.111619,1543617.166,-3938677.01,1544617.166,-3937677.01,2018,2018/9/20,,
"NSW, Yass to ACT Border",N of Gooromon Ponds,15,149.0314583,-35.11667222,149.025278,-35.121725,149.037639,-35.111619,1543617.166,-3938677.01,1544617.166,-3937677.01,2017,2017/12/10,,
"NSW, Yass to ACT Border",N of Gooromon Ponds,15,149.0314583,-35.11667222,149.025278,-35.121725,149.037639,-35.111619,1543617.166,-3938677.01,1544617.166,-3937677.01,2016,2016/12/12,,(cloud)
"NSW, Yass to ACT Border",N of Gooromon Ponds,15,149.0314583,-35.11667222,149.025278,-35.121725,149.037639,-35.111619,1543617.166,-3938677.01,1544617.166,-3937677.01,2015,2015/10/20,,
"NSW, Yass to ACT Border",N of Gooromon Ponds,15,149.0314583,-35.11667222,149.025278,-35.121725,149.037639,-35.111619,1543617.166,-3938677.01,1544617.166,-3937677.01,2013,2013/11/19,,
"NSW, Yass to ACT Border",N of Gooromon Ponds,15,149.0314583,-35.11667222,149.025278,-35.121725,149.037639,-35.111619,1543617.166,-3938677.01,1544617.166,-3937677.01,2012,2012/12/28,,
"NSW, Yass to ACT Border",N of Gooromon Ponds,15,149.0314583,-35.11667222,149.025278,-35.121725,149.037639,-35.111619,1543617.166,-3938677.01,1544617.166,-3937677.01,2026,2026/4/9,,
"NSW, Yass to ACT Border",N of Gooromon Ponds,15,149.0314583,-35.11667222,149.025278,-35.121725,149.037639,-35.111619,1543617.166,-3938677.01,1544617.166,-3937677.01,2025,2025/12/7,,
"NSW, Yass to ACT Border",N of Gooromon Ponds,15,149.0314583,-35.11667222,149.025278,-35.121725,149.037639,-35.111619,1543617.166,-3938677.01,1544617.166,-3937677.01,2024,2024/9/6,,
"NSW, Yass to ACT Border",N of Gooromon Ponds,15,149.0314583,-35.11667222,149.025278,-35.121725,149.037639,-35.111619,1543617.166,-3938677.01,1544617.166,-3937677.01,2023,2023/12/2,,(cloud)
"NSW, Yass to ACT Border",N of Gooromon Ponds,15,149.0314583,-35.11667222,149.025278,-35.121725,149.037639,-35.111619,1543617.166,-3938677.01,1544617.166,-3937677.01,2022,2022/11/28,,(cloud)
"NSW, Yass to ACT Border",N of Gooromon Ponds,15,149.0314583,-35.11667222,149.025278,-35.121725,149.037639,-35.111619,1543617.166,-3938677.01,1544617.166,-3937677.01,2021,2021/4/13,,
"NSW, Yass to ACT Border",N of Gooromon Ponds,15,149.0314583,-35.11667222,149.025278,-35.121725,149.037639,-35.111619,1543617.166,-3938677.01,1544617.166,-3937677.01,2020,2020/8/30,,
"NSW, Yass to ACT Border",N of Gooromon Ponds,15,149.0314583,-35.11667222,149.025278,-35.121725,149.037639,-35.111619,1543617.166,-3938677.01,1544617.166,-3937677.01,2019,2019/11/17,,
"NSW, Yass to ACT Border",N of Gooromon Ponds,15,149.0314583,-35.11667222,149.025278,-35.121725,149.037639,-35.111619,1543617.166,-3938677.01,1544617.166,-3937677.01,2018,2018/9/14,,
"NSW, Yass to ACT Border",N of Gooromon Ponds,15,149.0314583,-35.11667222,149.025278,-35.121725,149.037639,-35.111619,1543617.166,-3938677.01,1544617.166,-3937677.01,2017,2017/12/9,,
"NSW, Yass to ACT Border",N of Gooromon Ponds,15,149.0314583,-35.11667222,149.025278,-35.121725,149.037639,-35.111619,1543617.166,-3938677.01,1544617.166,-3937677.01,2016,2016/12/11,,(some cloud)
"NSW, Yass to ACT Border",N of Gooromon Ponds,15,149.0314583,-35.11667222,149.025278,-35.121725,149.037639,-35.111619,1543617.166,-3938677.01,1544617.166,-3937677.01,2015,2015/1/7,,
"NSW, Yass to ACT Border",N of Gooromon Ponds,15,149.0314583,-35.11667222,149.025278,-35.121725,149.037639,-35.111619,1543617.166,-3938677.01,1544617.166,-3937677.01,2013,2013/9/7,2,
"NSW, Yass to ACT Border",N of Gooromon Ponds,15,149.0314583,-35.11667222,149.025278,-35.121725,149.037639,-35.111619,1543617.166,-3938677.01,1544617.166,-3937677.01,2026,2026/4/8,,
"NSW, Yass to ACT Border",N of Gooromon Ponds,15,149.0314583,-35.11667222,149.025278,-35.121725,149.037639,-35.111619,1543617.166,-3938677.01,1544617.166,-3937677.01,2025,2025/11/30,,(cloud)
"NSW, Yass to ACT Border",N of Gooromon Ponds,15,149.0314583,-35.11667222,149.025278,-35.121725,149.037639,-35.111619,1543617.166,-3938677.01,1544617.166,-3937677.01,2024,2024/1/22,,
"NSW, Yass to ACT Border",N of Gooromon Ponds,15,149.0314583,-35.11667222,149.025278,-35.121725,149.037639,-35.111619,1543617.166,-3938677.01,1544617.166,-3937677.01,2023,2023/11/6,,(cloud)
"NSW, Yass to ACT Border",N of Gooromon Ponds,15,149.0314583,-35.11667222,149.025278,-35.121725,149.037639,-35.111619,1543617.166,-3938677.01,1544617.166,-3937677.01,2022,2022/11/27,,(cloud)
"NSW, Yass to ACT Border",N of Gooromon Ponds,15,149.0314583,-35.11667222,149.025278,-35.121725,149.037639,-35.111619,1543617.166,-3938677.01,1544617.166,-3937677.01,2021,2021/4/7,,(cloud)
"NSW, Yass to ACT Border",N of Gooromon Ponds,15,149.0314583,-35.11667222,149.025278,-35.121725,149.037639,-35.111619,1543617.166,-3938677.01,1544617.166,-3937677.01,2020,2020/7/15,,
"NSW, Yass to ACT Border",N of Gooromon Ponds,15,149.0314583,-35.11667222,149.025278,-35.121725,149.037639,-35.111619,1543617.166,-3938677.01,1544617.166,-3937677.01,2019,2019/4/10,,
"NSW, Yass to ACT Border",N of Gooromon Ponds,15,149.0314583,-35.11667222,149.025278,-35.121725,149.037639,-35.111619,1543617.166,-3938677.01,1544617.166,-3937677.01,2018,2018/9/3,,
"NSW, Yass to ACT Border",N of Gooromon Ponds,15,149.0314583,-35.11667222,149.025278,-35.121725,149.037639,-35.111619,1543617.166,-3938677.01,1544617.166,-3937677.01,2017,2017/11/20,,
"NSW, Yass to ACT Border",N of Gooromon Ponds,15,149.0314583,-35.11667222,149.025278,-35.121725,149.037639,-35.111619,1543617.166,-3938677.01,1544617.166,-3937677.01,2016,2016/11/21,2,
"NSW, Yass to ACT Border",N of Gooromon Ponds,15,149.0314583,-35.11667222,149.025278,-35.121725,149.037639,-35.111619,1543617.166,-3938677.01,1544617.166,-3937677.01,2013,2013/6/20,,
"NSW, Yass to ACT Border",N of Gooromon Ponds,15,149.0314583,-35.11667222,149.025278,-35.121725,149.037639,-35.111619,1543617.166,-3938677.01,1544617.166,-3937677.01,2025,2025/9/5,,
"NSW, Yass to ACT Border",N of Gooromon Ponds,15,149.0314583,-35.11667222,149.025278,-35.121725,149.037639,-35.111619,1543617.166,-3938677.01,1544617.166,-3937677.01,2024,2024/1/11,,(cloud)
"NSW, Yass to ACT Border",N of Gooromon Ponds,15,149.0314583,-35.11667222,149.025278,-35.121725,149.037639,-35.111619,1543617.166,-3938677.01,1544617.166,-3937677.01,2023,2023/11/1,,
"NSW, Yass to ACT Border",N of Gooromon Ponds,15,149.0314583,-35.11667222,149.025278,-35.121725,149.037639,-35.111619,1543617.166,-3938677.01,1544617.166,-3937677.01,2022,2022/10/25,,(cloud)
"NSW, Yass to ACT Border",N of Gooromon Ponds,15,149.0314583,-35.11667222,149.025278,-35.121725,149.037639,-35.111619,1543617.166,-3938677.01,1544617.166,-3937677.01,2021,2021/2/15,,(cloud)
"NSW, Yass to ACT Border",N of Gooromon Ponds,15,149.0314583,-35.11667222,149.025278,-35.121725,149.037639,-35.111619,1543617.166,-3938677.01,1544617.166,-3937677.01,2018,2018/3/11,,
"NSW, Yass to ACT Border",N of Gooromon Ponds,15,149.0314583,-35.11667222,149.025278,-35.121725,149.037639,-35.111619,1543617.166,-3938677.01,1544617.166,-3937677.01,2017,2017/1/19,,(cloud)
"NSW, Yass to ACT Border",N of Gooromon Ponds,15,149.0314583,-35.11667222,149.025278,-35.121725,149.037639,-35.111619,1543617.166,-3938677.01,1544617.166,-3937677.01,2016,2016/8/15,,
"NSW, Yass to ACT Border",N of Gooromon Ponds,15,149.0314583,-35.11667222,149.025278,-35.121725,149.037639,-35.111619,1543617.166,-3938677.01,1544617.166,-3937677.01,2013,2013/6/4,,
"NSW, Yass to ACT Border",N of Gooromon Ponds,15,149.0314583,-35.11667222,149.025278,-35.121725,149.037639,-35.111619,1543617.166,-3938677.01,1544617.166,-3937677.01,2025,2025/8/11,,
"NSW, Yass to ACT Border",N of Gooromon Ponds,15,149.0314583,-35.11667222,149.025278,-35.121725,149.037639,-35.111619,1543617.166,-3938677.01,1544617.166,-3937677.01,2023,2023/9/21,,
"NSW, Yass to ACT Border",N of Gooromon Ponds,15,149.0314583,-35.11667222,149.025278,-35.121725,149.037639,-35.111619,1543617.166,-3938677.01,1544617.166,-3937677.01,2022,2022/5/21,,
"NSW, Yass to ACT Border",N of Gooromon Ponds,15,149.0314583,-35.11667222,149.025278,-35.121725,149.037639,-35.111619,1543617.166,-3938677.01,1544617.166,-3937677.01,2018,2018/3/10,,
"NSW, Yass to ACT Border",N of Gooromon Ponds,15,149.0314583,-35.11667222,149.025278,-35.121725,149.037639,-35.111619,1543617.166,-3938677.01,1544617.166,-3937677.01,2017,2017/1/18,,
"NSW, Yass to ACT Border",N of Gooromon Ponds,15,149.0314583,-35.11667222,149.025278,-35.121725,149.037639,-35.111619,1543617.166,-3938677.01,1544617.166,-3937677.01,2016,2016/6/25,,
"NSW, Yass to ACT Border",N of Gooromon Ponds,15,149.0314583,-35.11667222,149.025278,-35.121725,149.037639,-35.111619,1543617.166,-3938677.01,1544617.166,-3937677.01,2013,2013/6/3,,
"NSW, Yass to ACT Border",N of Gooromon Ponds,15,149.0314583,-35.11667222,149.025278,-35.121725,149.037639,-35.111619,1543617.166,-3938677.01,1544617.166,-3937677.01,2025,2025/8/10,,(cloud)
"NSW, Yass to ACT Border",N of Gooromon Ponds,15,149.0314583,-35.11667222,149.025278,-35.121725,149.037639,-35.111619,1543617.166,-3938677.01,1544617.166,-3937677.01,2023,2023/9/2,,
"NSW, Yass to ACT Border",N of Gooromon Ponds,15,149.0314583,-35.11667222,149.025278,-35.121725,149.037639,-35.111619,1543617.166,-3938677.01,1544617.166,-3937677.01,2022,2022/5/9,,(cloud)
"NSW, Yass to ACT Border",N of Gooromon Ponds,15,149.0314583,-35.11667222,149.025278,-35.121725,149.037639,-35.111619,1543617.166,-3938677.01,1544617.166,-3937677.01,2017,2017/1/12,2,
"NSW, Yass to ACT Border",N of Gooromon Ponds,15,149.0314583,-35.11667222,149.025278,-35.121725,149.037639,-35.111619,1543617.166,-3938677.01,1544617.166,-3937677.01,2016,2016/5/16,,
"NSW, Yass to ACT Border",N of Gooromon Ponds,15,149.0314583,-35.11667222,149.025278,-35.121725,149.037639,-35.111619,1543617.166,-3938677.01,1544617.166,-3937677.01,2013,2013/5/26,,(cloud)
"NSW, Yass to ACT Border",N of Gooromon Ponds,15,149.0314583,-35.11667222,149.025278,-35.121725,149.037639,-35.111619,1543617.166,-3938677.01,1544617.166,-3937677.01,2023,2023/8/26,,
"NSW, Yass to ACT Border",N of Gooromon Ponds,15,149.0314583,-35.11667222,149.025278,-35.121725,149.037639,-35.111619,1543617.166,-3938677.01,1544617.166,-3937677.01,2022,2022/4/1,,(cloud)
"NSW, Yass to ACT Border",N of Gooromon Ponds,15,149.0314583,-35.11667222,149.025278,-35.121725,149.037639,-35.111619,1543617.166,-3938677.01,1544617.166,-3937677.01,2017,2017/1/11,,(some cloud)
"NSW, Yass to ACT Border",N of Gooromon Ponds,15,149.0314583,-35.11667222,149.025278,-35.121725,149.037639,-35.111619,1543617.166,-3938677.01,1544617.166,-3937677.01,2016,2016/4/14,,
"NSW, Yass to ACT Border",N of Gooromon Ponds,15,149.0314583,-35.11667222,149.025278,-35.121725,149.037639,-35.111619,1543617.166,-3938677.01,1544617.166,-3937677.01,2013,2013/1/23,,
"NSW, Yass to ACT Border",N of Gooromon Ponds,15,149.0314583,-35.11667222,149.025278,-35.121725,149.037639,-35.111619,1543617.166,-3938677.01,1544617.166,-3937677.01,2023,2023/4/5,,
"NSW, Yass to ACT Border",N of Gooromon Ponds,15,149.0314583,-35.11667222,149.025278,-35.121725,149.037639,-35.111619,1543617.166,-3938677.01,1544617.166,-3937677.01,2022,2022/3/18,,
"NSW, Yass to ACT Border",N of Gooromon Ponds,15,149.0314583,-35.11667222,149.025278,-35.121725,149.037639,-35.111619,1543617.166,-3938677.01,1544617.166,-3937677.01,2017,2017/1/6,,
"NSW, Yass to ACT Border",N of Gooromon Ponds,15,149.0314583,-35.11667222,149.025278,-35.121725,149.037639,-35.111619,1543617.166,-3938677.01,1544617.166,-3937677.01,2016,2016/4/12,,(cloud)
"NSW, Yass to ACT Border",N of Gooromon Ponds,15,149.0314583,-35.11667222,149.025278,-35.121725,149.037639,-35.111619,1543617.166,-3938677.01,1544617.166,-3937677.01,2013,2013/1/11,,
"NSW, Yass to ACT Border",N of Gooromon Ponds,15,149.0314583,-35.11667222,149.025278,-35.121725,149.037639,-35.111619,1543617.166,-3938677.01,1544617.166,-3937677.01,2022,2022/2/21,,(cloud)
"NSW, Yass to ACT Border",N of Gooromon Ponds,15,149.0314583,-35.11667222,149.025278,-35.121725,149.037639,-35.111619,1543617.166,-3938677.01,1544617.166,-3937677.01,2016,2016/3/19,,
"NSW, Yass to ACT Border",N of Gooromon Ponds,15,149.0314583,-35.11667222,149.025278,-35.121725,149.037639,-35.111619,1543617.166,-3938677.01,1544617.166,-3937677.01,2022,2022/2/20,,(cloud)
"NSW, Yass to ACT Border",N of Gooromon Ponds,15,149.0314583,-35.11667222,149.025278,-35.121725,149.037639,-35.111619,1543617.166,-3938677.01,1544617.166,-3937677.01,2016,2016/2/23,,
"NSW, Yass to ACT Border",N of Gooromon Ponds,15,149.0314583,-35.11667222,149.025278,-35.121725,149.037639,-35.111619,1543617.166,-3938677.01,1544617.166,-3937677.01,2022,2022/2/13,,(cloud)
"NSW, Yass to ACT Border",N of Gooromon Ponds,15,149.0314583,-35.11667222,149.025278,-35.121725,149.037639,-35.111619,1543617.166,-3938677.01,1544617.166,-3937677.01,2016,2016/2/22,,
"NSW, Yass to ACT Border",N of Gooromon Ponds,15,149.0314583,-35.11667222,149.025278,-35.121725,149.037639,-35.111619,1543617.166,-3938677.01,1544617.166,-3937677.01,2022,2022/1/26,,(cloud)
ACT,From Holt,16,149.0155056,-35.254025,149.009318,-35.25908,149.021694,-35.24897,1540151.226,-3953622.696,1541151.226,-3952622.696,2025,2025/12/24,,
ACT,From Holt,16,149.0155056,-35.254025,149.009318,-35.25908,149.021694,-35.24897,1540151.226,-3953622.696,1541151.226,-3952622.696,2024,2024/9/6,,
ACT,From Holt,16,149.0155056,-35.254025,149.009318,-35.25908,149.021694,-35.24897,1540151.226,-3953622.696,1541151.226,-3952622.696,2023,2023/10/24,,
ACT,From Holt,16,149.0155056,-35.254025,149.009318,-35.25908,149.021694,-35.24897,1540151.226,-3953622.696,1541151.226,-3952622.696,2022,2022/5/21,,
ACT,From Holt,16,149.0155056,-35.254025,149.009318,-35.25908,149.021694,-35.24897,1540151.226,-3953622.696,1541151.226,-3952622.696,2021,2021/4/13,,
ACT,From Holt,16,149.0155056,-35.254025,149.009318,-35.25908,149.021694,-35.24897,1540151.226,-3953622.696,1541151.226,-3952622.696,2020,2020/8/30,,
ACT,From Holt,16,149.0155056,-35.254025,149.009318,-35.25908,149.021694,-35.24897,1540151.226,-3953622.696,1541151.226,-3952622.696,2018,2018/12/27,,
ACT,From Holt,16,149.0155056,-35.254025,149.009318,-35.25908,149.021694,-35.24897,1540151.226,-3953622.696,1541151.226,-3952622.696,2017,2017/10/30,,(some cloud?)
ACT,From Holt,16,149.0155056,-35.254025,149.009318,-35.25908,149.021694,-35.24897,1540151.226,-3953622.696,1541151.226,-3952622.696,2016,2016/10/14,,
ACT,From Holt,16,149.0155056,-35.254025,149.009318,-35.25908,149.021694,-35.24897,1540151.226,-3953622.696,1541151.226,-3952622.696,2015,2015/10/20,,(some cloud?)
ACT,From Holt,16,149.0155056,-35.254025,149.009318,-35.25908,149.021694,-35.24897,1540151.226,-3953622.696,1541151.226,-3952622.696,2014,2014/12/25,,(cloud)
ACT,From Holt,16,149.0155056,-35.254025,149.009318,-35.25908,149.021694,-35.24897,1540151.226,-3953622.696,1541151.226,-3952622.696,2013,2013/10/30,2,
ACT,From Holt,16,149.0155056,-35.254025,149.009318,-35.25908,149.021694,-35.24897,1540151.226,-3953622.696,1541151.226,-3952622.696,2025,2025/11/30,,(cloud)
ACT,From Holt,16,149.0155056,-35.254025,149.009318,-35.25908,149.021694,-35.24897,1540151.226,-3953622.696,1541151.226,-3952622.696,2023,2023/10/28,,(cloud)
ACT,From Holt,16,149.0155056,-35.254025,149.009318,-35.25908,149.021694,-35.24897,1540151.226,-3953622.696,1541151.226,-3952622.696,2022,2022/5/9,,(cloud)
ACT,From Holt,16,149.0155056,-35.254025,149.009318,-35.25908,149.021694,-35.24897,1540151.226,-3953622.696,1541151.226,-3952622.696,2021,2021/4/7,,(cloud)
ACT,From Holt,16,149.0155056,-35.254025,149.009318,-35.25908,149.021694,-35.24897,1540151.226,-3953622.696,1541151.226,-3952622.696,2020,2020/7/14,,(cloud)
ACT,From Holt,16,149.0155056,-35.254025,149.009318,-35.25908,149.021694,-35.24897,1540151.226,-3953622.696,1541151.226,-3952622.696,2018,2018/12/1,,
ACT,From Holt,16,149.0155056,-35.254025,149.009318,-35.25908,149.021694,-35.24897,1540151.226,-3953622.696,1541151.226,-3952622.696,2016,2016/10/13,,(some cloud)
ACT,From Holt,16,149.0155056,-35.254025,149.009318,-35.25908,149.021694,-35.24897,1540151.226,-3953622.696,1541151.226,-3952622.696,2015,2015/1/7,,
ACT,From Holt,16,149.0155056,-35.254025,149.009318,-35.25908,149.021694,-35.24897,1540151.226,-3953622.696,1541151.226,-3952622.696,2014,2014/8/20,,
ACT,From Holt,16,149.0155056,-35.254025,149.009318,-35.25908,149.021694,-35.24897,1540151.226,-3953622.696,1541151.226,-3952622.696,2013,2013/1/23,,
ACT,From Holt,16,149.0155056,-35.254025,149.009318,-35.25908,149.021694,-35.24897,1540151.226,-3953622.696,1541151.226,-3952622.696,2023,2023/10/17,,
ACT,From Holt,16,149.0155056,-35.254025,149.009318,-35.25908,149.021694,-35.24897,1540151.226,-3953622.696,1541151.226,-3952622.696,2022,2022/4/14,,(some cloud)
ACT,From Holt,16,149.0155056,-35.254025,149.009318,-35.25908,149.021694,-35.24897,1540151.226,-3953622.696,1541151.226,-3952622.696,2021,2021/2/22,,(some cloud)
ACT,From Holt,16,149.0155056,-35.254025,149.009318,-35.25908,149.021694,-35.24897,1540151.226,-3953622.696,1541151.226,-3952622.696,2018,2018/11/19,,
ACT,From Holt,16,149.0155056,-35.254025,149.009318,-35.25908,149.021694,-35.24897,1540151.226,-3953622.696,1541151.226,-3952622.696,2016,2016/10/8,,
ACT,From Holt,16,149.0155056,-35.254025,149.009318,-35.25908,149.021694,-35.24897,1540151.226,-3953622.696,1541151.226,-3952622.696,2022,2022/4/13,,(cloud)
ACT,From Holt,16,149.0155056,-35.254025,149.009318,-35.25908,149.021694,-35.24897,1540151.226,-3953622.696,1541151.226,-3952622.696,2021,2021/2/8,,(cloud)
ACT,From Holt,16,149.0155056,-35.254025,149.009318,-35.25908,149.021694,-35.24897,1540151.226,-3953622.696,1541151.226,-3952622.696,2018,2018/11/18,,
ACT,From Holt,16,149.0155056,-35.254025,149.009318,-35.25908,149.021694,-35.24897,1540151.226,-3953622.696,1541151.226,-3952622.696,2022,2022/4/12,,(cloud)
ACT,From Holt,16,149.0155056,-35.254025,149.009318,-35.25908,149.021694,-35.24897,1540151.226,-3953622.696,1541151.226,-3952622.696,2018,2018/9/20,,
ACT,From Holt,16,149.0155056,-35.254025,149.009318,-35.25908,149.021694,-35.24897,1540151.226,-3953622.696,1541151.226,-3952622.696,2022,2022/4/1,,(cloud)
ACT,From Holt,16,149.0155056,-35.254025,149.009318,-35.25908,149.021694,-35.24897,1540151.226,-3953622.696,1541151.226,-3952622.696,2018,2018/9/9,,
ACT,From Holt,16,149.0155056,-35.254025,149.009318,-35.25908,149.021694,-35.24897,1540151.226,-3953622.696,1541151.226,-3952622.696,2022,2022/3/30,,(cloud)
ACT,From Holt,16,149.0155056,-35.254025,149.009318,-35.25908,149.021694,-35.24897,1540151.226,-3953622.696,1541151.226,-3952622.696,2022,2022/3/18,,
ACT,From Holt,16,149.0155056,-35.254025,149.009318,-35.25908,149.021694,-35.24897,1540151.226,-3953622.696,1541151.226,-3952622.696,2022,2022/3/17,,(cloud)
ACT,From Holt,16,149.0155056,-35.254025,149.009318,-35.25908,149.021694,-35.24897,1540151.226,-3953622.696,1541151.226,-3952622.696,2022,2022/3/13,,(cloud)
ACT,From Holt,16,149.0155056,-35.254025,149.009318,-35.25908,149.021694,-35.24897,1540151.226,-3953622.696,1541151.226,-3952622.696,2022,2022/3/12,,
ACT,From Holt,16,149.0155056,-35.254025,149.009318,-35.25908,149.021694,-35.24897,1540151.226,-3953622.696,1541151.226,-3952622.696,2022,2022/2/28,,(cloud)
ACT,From Holt,16,149.0155056,-35.254025,149.009318,-35.25908,149.021694,-35.24897,1540151.226,-3953622.696,1541151.226,-3952622.696,2022,2022/2/21,,(cloud)
ACT,From Holt,16,149.0155056,-35.254025,149.009318,-35.25908,149.021694,-35.24897,1540151.226,-3953622.696,1541151.226,-3952622.696,2022,2022/2/20,,
ACT,From Holt,16,149.0155056,-35.254025,149.009318,-35.25908,149.021694,-35.24897,1540151.226,-3953622.696,1541151.226,-3952622.696,2022,2022/2/13,,(cloud)
ACT,From Holt,16,149.0155056,-35.254025,149.009318,-35.25908,149.021694,-35.24897,1540151.226,-3953622.696,1541151.226,-3952622.696,2022,2022/2/8,,(cloud shade?)
ACT,From Holt,16,149.0155056,-35.254025,149.009318,-35.25908,149.021694,-35.24897,1540151.226,-3953622.696,1541151.226,-3952622.696,2022,2022/2/2,,(cloud)
ACT,From Holt,16,149.0155056,-35.254025,149.009318,-35.25908,149.021694,-35.24897,1540151.226,-3953622.696,1541151.226,-3952622.696,2022,2022/1/26,,(cloud)
ACT,"Spring Valley Farm, ANU",17,149.0056639,-35.28135556,148.999475,-35.286411,149.011854,-35.276301,1538862.089,-3956515.742,1539862.089,-3955515.742,2026,2026/4/14,,(some cloud?)
ACT,"Spring Valley Farm, ANU",17,149.0056639,-35.28135556,148.999475,-35.286411,149.011854,-35.276301,1538862.089,-3956515.742,1539862.089,-3955515.742,2025,2025/12/7,,
ACT,"Spring Valley Farm, ANU",17,149.0056639,-35.28135556,148.999475,-35.286411,149.011854,-35.276301,1538862.089,-3956515.742,1539862.089,-3955515.742,2024,2024/9/6,2,
ACT,"Spring Valley Farm, ANU",17,149.0056639,-35.28135556,148.999475,-35.286411,149.011854,-35.276301,1538862.089,-3956515.742,1539862.089,-3955515.742,2023,2023/12/23,,(cloud)
ACT,"Spring Valley Farm, ANU",17,149.0056639,-35.28135556,148.999475,-35.286411,149.011854,-35.276301,1538862.089,-3956515.742,1539862.089,-3955515.742,2022,2022/12/3,,
ACT,"Spring Valley Farm, ANU",17,149.0056639,-35.28135556,148.999475,-35.286411,149.011854,-35.276301,1538862.089,-3956515.742,1539862.089,-3955515.742,2021,2021/9/17,,
ACT,"Spring Valley Farm, ANU",17,149.0056639,-35.28135556,148.999475,-35.286411,149.011854,-35.276301,1538862.089,-3956515.742,1539862.089,-3955515.742,2020,2020/10/1,,
ACT,"Spring Valley Farm, ANU",17,149.0056639,-35.28135556,148.999475,-35.286411,149.011854,-35.276301,1538862.089,-3956515.742,1539862.089,-3955515.742,2019,2019/11/25,,
ACT,"Spring Valley Farm, ANU",17,149.0056639,-35.28135556,148.999475,-35.286411,149.011854,-35.276301,1538862.089,-3956515.742,1539862.089,-3955515.742,2018,2018/9/14,,(cloud)
ACT,"Spring Valley Farm, ANU",17,149.0056639,-35.28135556,148.999475,-35.286411,149.011854,-35.276301,1538862.089,-3956515.742,1539862.089,-3955515.742,2017,2017/12/10,,
ACT,"Spring Valley Farm, ANU",17,149.0056639,-35.28135556,148.999475,-35.286411,149.011854,-35.276301,1538862.089,-3956515.742,1539862.089,-3955515.742,2016,2016/12/12,,
ACT,"Spring Valley Farm, ANU",17,149.0056639,-35.28135556,148.999475,-35.286411,149.011854,-35.276301,1538862.089,-3956515.742,1539862.089,-3955515.742,2015,2015/4/29,,
ACT,"Spring Valley Farm, ANU",17,149.0056639,-35.28135556,148.999475,-35.286411,149.011854,-35.276301,1538862.089,-3956515.742,1539862.089,-3955515.742,2014,2014/8/20,,
ACT,"Spring Valley Farm, ANU",17,149.0056639,-35.28135556,148.999475,-35.286411,149.011854,-35.276301,1538862.089,-3956515.742,1539862.089,-3955515.742,2013,2013/11/19,,
ACT,"Spring Valley Farm, ANU",17,149.0056639,-35.28135556,148.999475,-35.286411,149.011854,-35.276301,1538862.089,-3956515.742,1539862.089,-3955515.742,2012,2012/12/28,,
ACT,"Spring Valley Farm, ANU",17,149.0056639,-35.28135556,148.999475,-35.286411,149.011854,-35.276301,1538862.089,-3956515.742,1539862.089,-3955515.742,2026,2026/4/14,,(cloud)
ACT,"Spring Valley Farm, ANU",17,149.0056639,-35.28135556,148.999475,-35.286411,149.011854,-35.276301,1538862.089,-3956515.742,1539862.089,-3955515.742,2025,2025/9/5,,
ACT,"Spring Valley Farm, ANU",17,149.0056639,-35.28135556,148.999475,-35.286411,149.011854,-35.276301,1538862.089,-3956515.742,1539862.089,-3955515.742,2024,2024/9/1,,(cloud)
ACT,"Spring Valley Farm, ANU",17,149.0056639,-35.28135556,148.999475,-35.286411,149.011854,-35.276301,1538862.089,-3956515.742,1539862.089,-3955515.742,2023,2023/11/6,,
ACT,"Spring Valley Farm, ANU",17,149.0056639,-35.28135556,148.999475,-35.286411,149.011854,-35.276301,1538862.089,-3956515.742,1539862.089,-3955515.742,2022,2022/11/28,,
ACT,"Spring Valley Farm, ANU",17,149.0056639,-35.28135556,148.999475,-35.286411,149.011854,-35.276301,1538862.089,-3956515.742,1539862.089,-3955515.742,2021,2021/2/15,2,
ACT,"Spring Valley Farm, ANU",17,149.0056639,-35.28135556,148.999475,-35.286411,149.011854,-35.276301,1538862.089,-3956515.742,1539862.089,-3955515.742,2020,2020/8/30,,
ACT,"Spring Valley Farm, ANU",17,149.0056639,-35.28135556,148.999475,-35.286411,149.011854,-35.276301,1538862.089,-3956515.742,1539862.089,-3955515.742,2019,2019/11/17,,
ACT,"Spring Valley Farm, ANU",17,149.0056639,-35.28135556,148.999475,-35.286411,149.011854,-35.276301,1538862.089,-3956515.742,1539862.089,-3955515.742,2018,2018/9/3,,(cloud)
ACT,"Spring Valley Farm, ANU",17,149.0056639,-35.28135556,148.999475,-35.286411,149.011854,-35.276301,1538862.089,-3956515.742,1539862.089,-3955515.742,2017,2017/8/28,,
ACT,"Spring Valley Farm, ANU",17,149.0056639,-35.28135556,148.999475,-35.286411,149.011854,-35.276301,1538862.089,-3956515.742,1539862.089,-3955515.742,2016,2016/12/11,,
ACT,"Spring Valley Farm, ANU",17,149.0056639,-35.28135556,148.999475,-35.286411,149.011854,-35.276301,1538862.089,-3956515.742,1539862.089,-3955515.742,2015,2015/4/28,,
ACT,"Spring Valley Farm, ANU",17,149.0056639,-35.28135556,148.999475,-35.286411,149.011854,-35.276301,1538862.089,-3956515.742,1539862.089,-3955515.742,2014,2014/2/10,,
ACT,"Spring Valley Farm, ANU",17,149.0056639,-35.28135556,148.999475,-35.286411,149.011854,-35.276301,1538862.089,-3956515.742,1539862.089,-3955515.742,2013,2013/9/7,,(cloud)
ACT,"Spring Valley Farm, ANU",17,149.0056639,-35.28135556,148.999475,-35.286411,149.011854,-35.276301,1538862.089,-3956515.742,1539862.089,-3955515.742,2026,2026/4/9,,
ACT,"Spring Valley Farm, ANU",17,149.0056639,-35.28135556,148.999475,-35.286411,149.011854,-35.276301,1538862.089,-3956515.742,1539862.089,-3955515.742,2025,2025/8/11,,
ACT,"Spring Valley Farm, ANU",17,149.0056639,-35.28135556,148.999475,-35.286411,149.011854,-35.276301,1538862.089,-3956515.742,1539862.089,-3955515.742,2024,2024/12/18,,
ACT,"Spring Valley Farm, ANU",17,149.0056639,-35.28135556,148.999475,-35.286411,149.011854,-35.276301,1538862.089,-3956515.742,1539862.089,-3955515.742,2023,2023/10/29,,
ACT,"Spring Valley Farm, ANU",17,149.0056639,-35.28135556,148.999475,-35.286411,149.011854,-35.276301,1538862.089,-3956515.742,1539862.089,-3955515.742,2022,2022/11/27,,(cloud)
ACT,"Spring Valley Farm, ANU",17,149.0056639,-35.28135556,148.999475,-35.286411,149.011854,-35.276301,1538862.089,-3956515.742,1539862.089,-3955515.742,2021,2020/12/6,,(some cloud)
ACT,"Spring Valley Farm, ANU",17,149.0056639,-35.28135556,148.999475,-35.286411,149.011854,-35.276301,1538862.089,-3956515.742,1539862.089,-3955515.742,2020,2020/7/21,2,
ACT,"Spring Valley Farm, ANU",17,149.0056639,-35.28135556,148.999475,-35.286411,149.011854,-35.276301,1538862.089,-3956515.742,1539862.089,-3955515.742,2019,2019/4/10,2,
ACT,"Spring Valley Farm, ANU",17,149.0056639,-35.28135556,148.999475,-35.286411,149.011854,-35.276301,1538862.089,-3956515.742,1539862.089,-3955515.742,2018,2018/3/13,,(cloud)
ACT,"Spring Valley Farm, ANU",17,149.0056639,-35.28135556,148.999475,-35.286411,149.011854,-35.276301,1538862.089,-3956515.742,1539862.089,-3955515.742,2017,2017/2/13,,
ACT,"Spring Valley Farm, ANU",17,149.0056639,-35.28135556,148.999475,-35.286411,149.011854,-35.276301,1538862.089,-3956515.742,1539862.089,-3955515.742,2016,2016/12/10,,
ACT,"Spring Valley Farm, ANU",17,149.0056639,-35.28135556,148.999475,-35.286411,149.011854,-35.276301,1538862.089,-3956515.742,1539862.089,-3955515.742,2015,2015/4/22,,(cloud)
ACT,"Spring Valley Farm, ANU",17,149.0056639,-35.28135556,148.999475,-35.286411,149.011854,-35.276301,1538862.089,-3956515.742,1539862.089,-3955515.742,2013,2013/6/4,,
ACT,"Spring Valley Farm, ANU",17,149.0056639,-35.28135556,148.999475,-35.286411,149.011854,-35.276301,1538862.089,-3956515.742,1539862.089,-3955515.742,2026,2026/4/8,,
ACT,"Spring Valley Farm, ANU",17,149.0056639,-35.28135556,148.999475,-35.286411,149.011854,-35.276301,1538862.089,-3956515.742,1539862.089,-3955515.742,2025,2025/8/10,,(some cloud)
ACT,"Spring Valley Farm, ANU",17,149.0056639,-35.28135556,148.999475,-35.286411,149.011854,-35.276301,1538862.089,-3956515.742,1539862.089,-3955515.742,2024,2024/1/11,,(cloud)
ACT,"Spring Valley Farm, ANU",17,149.0056639,-35.28135556,148.999475,-35.286411,149.011854,-35.276301,1538862.089,-3956515.742,1539862.089,-3955515.742,2023,2023/10/27,,(cloud)
ACT,"Spring Valley Farm, ANU",17,149.0056639,-35.28135556,148.999475,-35.286411,149.011854,-35.276301,1538862.089,-3956515.742,1539862.089,-3955515.742,2022,2022/10/25,,(cloud)
ACT,"Spring Valley Farm, ANU",17,149.0056639,-35.28135556,148.999475,-35.286411,149.011854,-35.276301,1538862.089,-3956515.742,1539862.089,-3955515.742,2020,2020/7/9,2,
ACT,"Spring Valley Farm, ANU",17,149.0056639,-35.28135556,148.999475,-35.286411,149.011854,-35.276301,1538862.089,-3956515.742,1539862.089,-3955515.742,2019,2019/3/15,,(cloud)
ACT,"Spring Valley Farm, ANU",17,149.0056639,-35.28135556,148.999475,-35.286411,149.011854,-35.276301,1538862.089,-3956515.742,1539862.089,-3955515.742,2018,2018/3/11,,
ACT,"Spring Valley Farm, ANU",17,149.0056639,-35.28135556,148.999475,-35.286411,149.011854,-35.276301,1538862.089,-3956515.742,1539862.089,-3955515.742,2017,2017/1/12,2,
ACT,"Spring Valley Farm, ANU",17,149.0056639,-35.28135556,148.999475,-35.286411,149.011854,-35.276301,1538862.089,-3956515.742,1539862.089,-3955515.742,2016,2016/11/21,2,
ACT,"Spring Valley Farm, ANU",17,149.0056639,-35.28135556,148.999475,-35.286411,149.011854,-35.276301,1538862.089,-3956515.742,1539862.089,-3955515.742,2015,2015/3/15,,
ACT,"Spring Valley Farm, ANU",17,149.0056639,-35.28135556,148.999475,-35.286411,149.011854,-35.276301,1538862.089,-3956515.742,1539862.089,-3955515.742,2013,2013/6/3,,
ACT,"Spring Valley Farm, ANU",17,149.0056639,-35.28135556,148.999475,-35.286411,149.011854,-35.276301,1538862.089,-3956515.742,1539862.089,-3955515.742,2023,2023/10/11,,
ACT,"Spring Valley Farm, ANU",17,149.0056639,-35.28135556,148.999475,-35.286411,149.011854,-35.276301,1538862.089,-3956515.742,1539862.089,-3955515.742,2022,2022/5/2,,
ACT,"Spring Valley Farm, ANU",17,149.0056639,-35.28135556,148.999475,-35.286411,149.011854,-35.276301,1538862.089,-3956515.742,1539862.089,-3955515.742,2020,2020/6/19,,(some cloud?) another with cloud
ACT,"Spring Valley Farm, ANU",17,149.0056639,-35.28135556,148.999475,-35.286411,149.011854,-35.276301,1538862.089,-3956515.742,1539862.089,-3955515.742,2019,2019/3/10,,
ACT,"Spring Valley Farm, ANU",17,149.0056639,-35.28135556,148.999475,-35.286411,149.011854,-35.276301,1538862.089,-3956515.742,1539862.089,-3955515.742,2018,2018/3/10,,
ACT,"Spring Valley Farm, ANU",17,149.0056639,-35.28135556,148.999475,-35.286411,149.011854,-35.276301,1538862.089,-3956515.742,1539862.089,-3955515.742,2017,2017/1/11,,(cloud)
ACT,"Spring Valley Farm, ANU",17,149.0056639,-35.28135556,148.999475,-35.286411,149.011854,-35.276301,1538862.089,-3956515.742,1539862.089,-3955515.742,2016,2016/8/15,3,
ACT,"Spring Valley Farm, ANU",17,149.0056639,-35.28135556,148.999475,-35.286411,149.011854,-35.276301,1538862.089,-3956515.742,1539862.089,-3955515.742,2015,2015/3/14,,
ACT,"Spring Valley Farm, ANU",17,149.0056639,-35.28135556,148.999475,-35.286411,149.011854,-35.276301,1538862.089,-3956515.742,1539862.089,-3955515.742,2013,2013/5/26,,(cloud)
ACT,"Spring Valley Farm, ANU",17,149.0056639,-35.28135556,148.999475,-35.286411,149.011854,-35.276301,1538862.089,-3956515.742,1539862.089,-3955515.742,2023,2023/9/5,,
ACT,"Spring Valley Farm, ANU",17,149.0056639,-35.28135556,148.999475,-35.286411,149.011854,-35.276301,1538862.089,-3956515.742,1539862.089,-3955515.742,2022,2022/5/1,,
ACT,"Spring Valley Farm, ANU",17,149.0056639,-35.28135556,148.999475,-35.286411,149.011854,-35.276301,1538862.089,-3956515.742,1539862.089,-3955515.742,2020,2020/3/1,,
ACT,"Spring Valley Farm, ANU",17,149.0056639,-35.28135556,148.999475,-35.286411,149.011854,-35.276301,1538862.089,-3956515.742,1539862.089,-3955515.742,2019,2019/3/9,,(cloud)
ACT,"Spring Valley Farm, ANU",17,149.0056639,-35.28135556,148.999475,-35.286411,149.011854,-35.276301,1538862.089,-3956515.742,1539862.089,-3955515.742,2017,2017/1/6,,
ACT,"Spring Valley Farm, ANU",17,149.0056639,-35.28135556,148.999475,-35.286411,149.011854,-35.276301,1538862.089,-3956515.742,1539862.089,-3955515.742,2016,2016/8/3,,
ACT,"Spring Valley Farm, ANU",17,149.0056639,-35.28135556,148.999475,-35.286411,149.011854,-35.276301,1538862.089,-3956515.742,1539862.089,-3955515.742,2015,2015/2/10,,(cloud)
ACT,"Spring Valley Farm, ANU",17,149.0056639,-35.28135556,148.999475,-35.286411,149.011854,-35.276301,1538862.089,-3956515.742,1539862.089,-3955515.742,2013,2013/1/11,,
ACT,"Spring Valley Farm, ANU",17,149.0056639,-35.28135556,148.999475,-35.286411,149.011854,-35.276301,1538862.089,-3956515.742,1539862.089,-3955515.742,2023,2023/9/4,,
ACT,"Spring Valley Farm, ANU",17,149.0056639,-35.28135556,148.999475,-35.286411,149.011854,-35.276301,1538862.089,-3956515.742,1539862.089,-3955515.742,2022,2022/4/5,,
ACT,"Spring Valley Farm, ANU",17,149.0056639,-35.28135556,148.999475,-35.286411,149.011854,-35.276301,1538862.089,-3956515.742,1539862.089,-3955515.742,2016,2016/7/14,,
ACT,"Spring Valley Farm, ANU",17,149.0056639,-35.28135556,148.999475,-35.286411,149.011854,-35.276301,1538862.089,-3956515.742,1539862.089,-3955515.742,2015,2015/2/9,,(cloud)
ACT,"Spring Valley Farm, ANU",17,149.0056639,-35.28135556,148.999475,-35.286411,149.011854,-35.276301,1538862.089,-3956515.742,1539862.089,-3955515.742,2023,2023/9/1,,
ACT,"Spring Valley Farm, ANU",17,149.0056639,-35.28135556,148.999475,-35.286411,149.011854,-35.276301,1538862.089,-3956515.742,1539862.089,-3955515.742,2022,2022/4/1,,(cloud)
ACT,"Spring Valley Farm, ANU",17,149.0056639,-35.28135556,148.999475,-35.286411,149.011854,-35.276301,1538862.089,-3956515.742,1539862.089,-3955515.742,2016,2016/6/25,2,
ACT,"Spring Valley Farm, ANU",17,149.0056639,-35.28135556,148.999475,-35.286411,149.011854,-35.276301,1538862.089,-3956515.742,1539862.089,-3955515.742,2015,2015/1/14,,(cloud)
ACT,"Spring Valley Farm, ANU",17,149.0056639,-35.28135556,148.999475,-35.286411,149.011854,-35.276301,1538862.089,-3956515.742,1539862.089,-3955515.742,2023,2023/8/26,,
ACT,"Spring Valley Farm, ANU",17,149.0056639,-35.28135556,148.999475,-35.286411,149.011854,-35.276301,1538862.089,-3956515.742,1539862.089,-3955515.742,2022,2022/5/11,,
ACT,"Spring Valley Farm, ANU",17,149.0056639,-35.28135556,148.999475,-35.286411,149.011854,-35.276301,1538862.089,-3956515.742,1539862.089,-3955515.742,2016,2016/6/16,,
ACT,"Spring Valley Farm, ANU",17,149.0056639,-35.28135556,148.999475,-35.286411,149.011854,-35.276301,1538862.089,-3956515.742,1539862.089,-3955515.742,2023,2023/4/5,,
ACT,"Spring Valley Farm, ANU",17,149.0056639,-35.28135556,148.999475,-35.286411,149.011854,-35.276301,1538862.089,-3956515.742,1539862.089,-3955515.742,2022,2022/2/13,,(cloud)
ACT,"Spring Valley Farm, ANU",17,149.0056639,-35.28135556,148.999475,-35.286411,149.011854,-35.276301,1538862.089,-3956515.742,1539862.089,-3955515.742,2016,2016/4/19,,
ACT,"Spring Valley Farm, ANU",17,149.0056639,-35.28135556,148.999475,-35.286411,149.011854,-35.276301,1538862.089,-3956515.742,1539862.089,-3955515.742,2022,2022/2/12,,
ACT,"Spring Valley Farm, ANU",17,149.0056639,-35.28135556,148.999475,-35.286411,149.011854,-35.276301,1538862.089,-3956515.742,1539862.089,-3955515.742,2016,2016/4/14,,
ACT,"Spring Valley Farm, ANU",17,149.0056639,-35.28135556,148.999475,-35.286411,149.011854,-35.276301,1538862.089,-3956515.742,1539862.089,-3955515.742,2022,2022/2/8,,(cloud)
ACT,"Spring Valley Farm, ANU",17,149.0056639,-35.28135556,148.999475,-35.286411,149.011854,-35.276301,1538862.089,-3956515.742,1539862.089,-3955515.742,2016,2016/4/13,,(cloud)
ACT,"Spring Valley Farm, ANU",17,149.0056639,-35.28135556,148.999475,-35.286411,149.011854,-35.276301,1538862.089,-3956515.742,1539862.089,-3955515.742,2022,2022/2/8,,(some cloud)
ACT,"Spring Valley Farm, ANU",17,149.0056639,-35.28135556,148.999475,-35.286411,149.011854,-35.276301,1538862.089,-3956515.742,1539862.089,-3955515.742,2016,2016/4/12,2,Cloud)
ACT,"Spring Valley Farm, ANU",17,149.0056639,-35.28135556,148.999475,-35.286411,149.011854,-35.276301,1538862.089,-3956515.742,1539862.089,-3955515.742,2022,2022/2/7,,(cloud)
ACT,"Spring Valley Farm, ANU",17,149.0056639,-35.28135556,148.999475,-35.286411,149.011854,-35.276301,1538862.089,-3956515.742,1539862.089,-3955515.742,2016,2016/3/19,2,
ACT,"Spring Valley Farm, ANU",17,149.0056639,-35.28135556,148.999475,-35.286411,149.011854,-35.276301,1538862.089,-3956515.742,1539862.089,-3955515.742,2022,2022/1/26,,(cloud)
ACT,"Spring Valley Farm, ANU",17,149.0056639,-35.28135556,148.999475,-35.286411,149.011854,-35.276301,1538862.089,-3956515.742,1539862.089,-3955515.742,2016,2016/2/23,,
ACT,"Spring Valley Farm, ANU",17,149.0056639,-35.28135556,148.999475,-35.286411,149.011854,-35.276301,1538862.089,-3956515.742,1539862.089,-3955515.742,2022,2022/1/20,,(cloud)
ACT,"Spring Valley Farm, ANU",17,149.0056639,-35.28135556,148.999475,-35.286411,149.011854,-35.276301,1538862.089,-3956515.742,1539862.089,-3955515.742,2016,2016/2/22,2,
ACT,On way to Uriarra,18,148.9642278,-35.26542222,148.958041,-35.270475,148.970415,-35.260369,1535367.912,-3954261.199,1536367.912,-3953261.199,2026,2026/4/14,,
ACT,On way to Uriarra,18,148.9642278,-35.26542222,148.958041,-35.270475,148.970415,-35.260369,1535367.912,-3954261.199,1536367.912,-3953261.199,2025,2025/12/24,,(cloud)
ACT,On way to Uriarra,18,148.9642278,-35.26542222,148.958041,-35.270475,148.970415,-35.260369,1535367.912,-3954261.199,1536367.912,-3953261.199,2024,2024/9/6,3,
ACT,On way to Uriarra,18,148.9642278,-35.26542222,148.958041,-35.270475,148.970415,-35.260369,1535367.912,-3954261.199,1536367.912,-3953261.199,2023,2023/12/28,,
ACT,On way to Uriarra,18,148.9642278,-35.26542222,148.958041,-35.270475,148.970415,-35.260369,1535367.912,-3954261.199,1536367.912,-3953261.199,2022,2022/12/3,,
ACT,On way to Uriarra,18,148.9642278,-35.26542222,148.958041,-35.270475,148.970415,-35.260369,1535367.912,-3954261.199,1536367.912,-3953261.199,2021,2021/9/17,,
ACT,On way to Uriarra,18,148.9642278,-35.26542222,148.958041,-35.270475,148.970415,-35.260369,1535367.912,-3954261.199,1536367.912,-3953261.199,2020,2020/8/30,,
ACT,On way to Uriarra,18,148.9642278,-35.26542222,148.958041,-35.270475,148.970415,-35.260369,1535367.912,-3954261.199,1536367.912,-3953261.199,2019,2019/11/25,,
ACT,On way to Uriarra,18,148.9642278,-35.26542222,148.958041,-35.270475,148.970415,-35.260369,1535367.912,-3954261.199,1536367.912,-3953261.199,2018,2018/9/14,,
ACT,On way to Uriarra,18,148.9642278,-35.26542222,148.958041,-35.270475,148.970415,-35.260369,1535367.912,-3954261.199,1536367.912,-3953261.199,2017,2017/12/10,,
ACT,On way to Uriarra,18,148.9642278,-35.26542222,148.958041,-35.270475,148.970415,-35.260369,1535367.912,-3954261.199,1536367.912,-3953261.199,2016,2016/12/23,,
ACT,On way to Uriarra,18,148.9642278,-35.26542222,148.958041,-35.270475,148.970415,-35.260369,1535367.912,-3954261.199,1536367.912,-3953261.199,2015,2015/4/29,,
ACT,On way to Uriarra,18,148.9642278,-35.26542222,148.958041,-35.270475,148.970415,-35.260369,1535367.912,-3954261.199,1536367.912,-3953261.199,2014,2014/2/10,,
ACT,On way to Uriarra,18,148.9642278,-35.26542222,148.958041,-35.270475,148.970415,-35.260369,1535367.912,-3954261.199,1536367.912,-3953261.199,2013,2013/11/19,,
ACT,On way to Uriarra,18,148.9642278,-35.26542222,148.958041,-35.270475,148.970415,-35.260369,1535367.912,-3954261.199,1536367.912,-3953261.199,2012,2012/12/28,,
ACT,On way to Uriarra,18,148.9642278,-35.26542222,148.958041,-35.270475,148.970415,-35.260369,1535367.912,-3954261.199,1536367.912,-3953261.199,2026,2026/4/9,,(cloud)
ACT,On way to Uriarra,18,148.9642278,-35.26542222,148.958041,-35.270475,148.970415,-35.260369,1535367.912,-3954261.199,1536367.912,-3953261.199,2025,2025/12/7,,
ACT,On way to Uriarra,18,148.9642278,-35.26542222,148.958041,-35.270475,148.970415,-35.260369,1535367.912,-3954261.199,1536367.912,-3953261.199,2024,2024/1/29,,
ACT,On way to Uriarra,18,148.9642278,-35.26542222,148.958041,-35.270475,148.970415,-35.260369,1535367.912,-3954261.199,1536367.912,-3953261.199,2023,2023/12/23,2,cloud)
ACT,On way to Uriarra,18,148.9642278,-35.26542222,148.958041,-35.270475,148.970415,-35.260369,1535367.912,-3954261.199,1536367.912,-3953261.199,2022,2022/11/28,,
ACT,On way to Uriarra,18,148.9642278,-35.26542222,148.958041,-35.270475,148.970415,-35.260369,1535367.912,-3954261.199,1536367.912,-3953261.199,2021,2021/4/1,,
ACT,On way to Uriarra,18,148.9642278,-35.26542222,148.958041,-35.270475,148.970415,-35.260369,1535367.912,-3954261.199,1536367.912,-3953261.199,2020,2020/8/30,,
ACT,On way to Uriarra,18,148.9642278,-35.26542222,148.958041,-35.270475,148.970415,-35.260369,1535367.912,-3954261.199,1536367.912,-3953261.199,2019,2019/11/17,,
ACT,On way to Uriarra,18,148.9642278,-35.26542222,148.958041,-35.270475,148.970415,-35.260369,1535367.912,-3954261.199,1536367.912,-3953261.199,2018,2018/9/14,,
ACT,On way to Uriarra,18,148.9642278,-35.26542222,148.958041,-35.270475,148.970415,-35.260369,1535367.912,-3954261.199,1536367.912,-3953261.199,2017,2017/12/9,,
ACT,On way to Uriarra,18,148.9642278,-35.26542222,148.958041,-35.270475,148.970415,-35.260369,1535367.912,-3954261.199,1536367.912,-3953261.199,2016,2016/12/12,,(some cloud?)
ACT,On way to Uriarra,18,148.9642278,-35.26542222,148.958041,-35.270475,148.970415,-35.260369,1535367.912,-3954261.199,1536367.912,-3953261.199,2015,2015/4/28,,
ACT,On way to Uriarra,18,148.9642278,-35.26542222,148.958041,-35.270475,148.970415,-35.260369,1535367.912,-3954261.199,1536367.912,-3953261.199,2013,2013/9/7,,
ACT,On way to Uriarra,18,148.9642278,-35.26542222,148.958041,-35.270475,148.970415,-35.260369,1535367.912,-3954261.199,1536367.912,-3953261.199,2026,2026/4/8,,
ACT,On way to Uriarra,18,148.9642278,-35.26542222,148.958041,-35.270475,148.970415,-35.260369,1535367.912,-3954261.199,1536367.912,-3953261.199,2025,2025/11/16,,(some cloud)
ACT,On way to Uriarra,18,148.9642278,-35.26542222,148.958041,-35.270475,148.970415,-35.260369,1535367.912,-3954261.199,1536367.912,-3953261.199,2024,2024/1/22,2,
ACT,On way to Uriarra,18,148.9642278,-35.26542222,148.958041,-35.270475,148.970415,-35.260369,1535367.912,-3954261.199,1536367.912,-3953261.199,2023,2023/12/15,,(some cloud and shade?
ACT,On way to Uriarra,18,148.9642278,-35.26542222,148.958041,-35.270475,148.970415,-35.260369,1535367.912,-3954261.199,1536367.912,-3953261.199,2022,2022/11/27,,(cloud)
ACT,On way to Uriarra,18,148.9642278,-35.26542222,148.958041,-35.270475,148.970415,-35.260369,1535367.912,-3954261.199,1536367.912,-3953261.199,2021,2021/2/15,,
ACT,On way to Uriarra,18,148.9642278,-35.26542222,148.958041,-35.270475,148.970415,-35.260369,1535367.912,-3954261.199,1536367.912,-3953261.199,2020,2020/8/10,,
ACT,On way to Uriarra,18,148.9642278,-35.26542222,148.958041,-35.270475,148.970415,-35.260369,1535367.912,-3954261.199,1536367.912,-3953261.199,2019,2019/4/10,2,
ACT,On way to Uriarra,18,148.9642278,-35.26542222,148.958041,-35.270475,148.970415,-35.260369,1535367.912,-3954261.199,1536367.912,-3953261.199,2018,2018/9/3,,(cloud)
ACT,On way to Uriarra,18,148.9642278,-35.26542222,148.958041,-35.270475,148.970415,-35.260369,1535367.912,-3954261.199,1536367.912,-3953261.199,2017,2017/11/25,,
ACT,On way to Uriarra,18,148.9642278,-35.26542222,148.958041,-35.270475,148.970415,-35.260369,1535367.912,-3954261.199,1536367.912,-3953261.199,2016,2016/8/15,,
ACT,On way to Uriarra,18,148.9642278,-35.26542222,148.958041,-35.270475,148.970415,-35.260369,1535367.912,-3954261.199,1536367.912,-3953261.199,2015,2015/4/22,,(cloud/fog)
ACT,On way to Uriarra,18,148.9642278,-35.26542222,148.958041,-35.270475,148.970415,-35.260369,1535367.912,-3954261.199,1536367.912,-3953261.199,2013,2013/6/4,,
ACT,On way to Uriarra,18,148.9642278,-35.26542222,148.958041,-35.270475,148.970415,-35.260369,1535367.912,-3954261.199,1536367.912,-3953261.199,2025,2025/9/5,,
ACT,On way to Uriarra,18,148.9642278,-35.26542222,148.958041,-35.270475,148.970415,-35.260369,1535367.912,-3954261.199,1536367.912,-3953261.199,2024,2024/1/11,2,cloud)
ACT,On way to Uriarra,18,148.9642278,-35.26542222,148.958041,-35.270475,148.970415,-35.260369,1535367.912,-3954261.199,1536367.912,-3953261.199,2023,2023/12/2,2,cloud)
ACT,On way to Uriarra,18,148.9642278,-35.26542222,148.958041,-35.270475,148.970415,-35.260369,1535367.912,-3954261.199,1536367.912,-3953261.199,2022,2022/12/25,,(cloud)
ACT,On way to Uriarra,18,148.9642278,-35.26542222,148.958041,-35.270475,148.970415,-35.260369,1535367.912,-3954261.199,1536367.912,-3953261.199,2021,2020/10/1,,
ACT,On way to Uriarra,18,148.9642278,-35.26542222,148.958041,-35.270475,148.970415,-35.260369,1535367.912,-3954261.199,1536367.912,-3953261.199,2020,2020/7/21,,
ACT,On way to Uriarra,18,148.9642278,-35.26542222,148.958041,-35.270475,148.970415,-35.260369,1535367.912,-3954261.199,1536367.912,-3953261.199,2019,2019/3/15,,(cloud)
ACT,On way to Uriarra,18,148.9642278,-35.26542222,148.958041,-35.270475,148.970415,-35.260369,1535367.912,-3954261.199,1536367.912,-3953261.199,2018,2018/3/13,,(cloud)
ACT,On way to Uriarra,18,148.9642278,-35.26542222,148.958041,-35.270475,148.970415,-35.260369,1535367.912,-3954261.199,1536367.912,-3953261.199,2017,2017/10/31,,(some cloud and shade?
ACT,On way to Uriarra,18,148.9642278,-35.26542222,148.958041,-35.270475,148.970415,-35.260369,1535367.912,-3954261.199,1536367.912,-3953261.199,2016,2016/6/25,,
ACT,On way to Uriarra,18,148.9642278,-35.26542222,148.958041,-35.270475,148.970415,-35.260369,1535367.912,-3954261.199,1536367.912,-3953261.199,2015,2015/3/15,,
ACT,On way to Uriarra,18,148.9642278,-35.26542222,148.958041,-35.270475,148.970415,-35.260369,1535367.912,-3954261.199,1536367.912,-3953261.199,2013,2013/6/3,,
ACT,On way to Uriarra,18,148.9642278,-35.26542222,148.958041,-35.270475,148.970415,-35.260369,1535367.912,-3954261.199,1536367.912,-3953261.199,2025,2025/8/11,,
ACT,On way to Uriarra,18,148.9642278,-35.26542222,148.958041,-35.270475,148.970415,-35.260369,1535367.912,-3954261.199,1536367.912,-3953261.199,2023,2023/11/6,2,
ACT,On way to Uriarra,18,148.9642278,-35.26542222,148.958041,-35.270475,148.970415,-35.260369,1535367.912,-3954261.199,1536367.912,-3953261.199,2022,2022/5/9,,
ACT,On way to Uriarra,18,148.9642278,-35.26542222,148.958041,-35.270475,148.970415,-35.260369,1535367.912,-3954261.199,1536367.912,-3953261.199,2020,2020/7/21,,
ACT,On way to Uriarra,18,148.9642278,-35.26542222,148.958041,-35.270475,148.970415,-35.260369,1535367.912,-3954261.199,1536367.912,-3953261.199,2019,2019/3/9,,
ACT,On way to Uriarra,18,148.9642278,-35.26542222,148.958041,-35.270475,148.970415,-35.260369,1535367.912,-3954261.199,1536367.912,-3953261.199,2018,2018/3/11,2,
ACT,On way to Uriarra,18,148.9642278,-35.26542222,148.958041,-35.270475,148.970415,-35.260369,1535367.912,-3954261.199,1536367.912,-3953261.199,2017,2017/2/13,,
ACT,On way to Uriarra,18,148.9642278,-35.26542222,148.958041,-35.270475,148.970415,-35.260369,1535367.912,-3954261.199,1536367.912,-3953261.199,2016,2016/5/16,,
ACT,On way to Uriarra,18,148.9642278,-35.26542222,148.958041,-35.270475,148.970415,-35.260369,1535367.912,-3954261.199,1536367.912,-3953261.199,2015,2015/3/14,,
ACT,On way to Uriarra,18,148.9642278,-35.26542222,148.958041,-35.270475,148.970415,-35.260369,1535367.912,-3954261.199,1536367.912,-3953261.199,2013,2013/5/26,,(cloud)
ACT,On way to Uriarra,18,148.9642278,-35.26542222,148.958041,-35.270475,148.970415,-35.260369,1535367.912,-3954261.199,1536367.912,-3953261.199,2025,2025/8/10,,(cloud and shade?
ACT,On way to Uriarra,18,148.9642278,-35.26542222,148.958041,-35.270475,148.970415,-35.260369,1535367.912,-3954261.199,1536367.912,-3953261.199,2023,2023/11/1,,(cloud)
ACT,On way to Uriarra,18,148.9642278,-35.26542222,148.958041,-35.270475,148.970415,-35.260369,1535367.912,-3954261.199,1536367.912,-3953261.199,2022,2022/4/14,,
ACT,On way to Uriarra,18,148.9642278,-35.26542222,148.958041,-35.270475,148.970415,-35.260369,1535367.912,-3954261.199,1536367.912,-3953261.199,2020,2020/6/19,2,
ACT,On way to Uriarra,18,148.9642278,-35.26542222,148.958041,-35.270475,148.970415,-35.260369,1535367.912,-3954261.199,1536367.912,-3953261.199,2019,2019/1/15,,
ACT,On way to Uriarra,18,148.9642278,-35.26542222,148.958041,-35.270475,148.970415,-35.260369,1535367.912,-3954261.199,1536367.912,-3953261.199,2018,2018/3/10,2,
ACT,On way to Uriarra,18,148.9642278,-35.26542222,148.958041,-35.270475,148.970415,-35.260369,1535367.912,-3954261.199,1536367.912,-3953261.199,2017,2017/1/12,2,
ACT,On way to Uriarra,18,148.9642278,-35.26542222,148.958041,-35.270475,148.970415,-35.260369,1535367.912,-3954261.199,1536367.912,-3953261.199,2016,2016/4/19,,
ACT,On way to Uriarra,18,148.9642278,-35.26542222,148.958041,-35.270475,148.970415,-35.260369,1535367.912,-3954261.199,1536367.912,-3953261.199,2015,2015/2/10,,(cloud)
ACT,On way to Uriarra,18,148.9642278,-35.26542222,148.958041,-35.270475,148.970415,-35.260369,1535367.912,-3954261.199,1536367.912,-3953261.199,2013,2013/1/11,,
ACT,On way to Uriarra,18,148.9642278,-35.26542222,148.958041,-35.270475,148.970415,-35.260369,1535367.912,-3954261.199,1536367.912,-3953261.199,2023,2023/10/27,,(shade?)
ACT,On way to Uriarra,18,148.9642278,-35.26542222,148.958041,-35.270475,148.970415,-35.260369,1535367.912,-3954261.199,1536367.912,-3953261.199,2022,2022/4/13,,(cloud)
ACT,On way to Uriarra,18,148.9642278,-35.26542222,148.958041,-35.270475,148.970415,-35.260369,1535367.912,-3954261.199,1536367.912,-3953261.199,2020,2020/3/1,,
ACT,On way to Uriarra,18,148.9642278,-35.26542222,148.958041,-35.270475,148.970415,-35.260369,1535367.912,-3954261.199,1536367.912,-3953261.199,2017,2017/1/11,,
ACT,On way to Uriarra,18,148.9642278,-35.26542222,148.958041,-35.270475,148.970415,-35.260369,1535367.912,-3954261.199,1536367.912,-3953261.199,2016,2016/4/13,,(cloud)
ACT,On way to Uriarra,18,148.9642278,-35.26542222,148.958041,-35.270475,148.970415,-35.260369,1535367.912,-3954261.199,1536367.912,-3953261.199,2015,2015/2/9,,(cloud)
ACT,On way to Uriarra,18,148.9642278,-35.26542222,148.958041,-35.270475,148.970415,-35.260369,1535367.912,-3954261.199,1536367.912,-3953261.199,2023,2023/10/24,,
ACT,On way to Uriarra,18,148.9642278,-35.26542222,148.958041,-35.270475,148.970415,-35.260369,1535367.912,-3954261.199,1536367.912,-3953261.199,2022,2022/4/1,,(cloud shade?
ACT,On way to Uriarra,18,148.9642278,-35.26542222,148.958041,-35.270475,148.970415,-35.260369,1535367.912,-3954261.199,1536367.912,-3953261.199,2017,2017/1/6,,
ACT,On way to Uriarra,18,148.9642278,-35.26542222,148.958041,-35.270475,148.970415,-35.260369,1535367.912,-3954261.199,1536367.912,-3953261.199,2016,2016/4/12,2,cloud)
ACT,On way to Uriarra,18,148.9642278,-35.26542222,148.958041,-35.270475,148.970415,-35.260369,1535367.912,-3954261.199,1536367.912,-3953261.199,2015,2015/1/14,,(cloud)
ACT,On way to Uriarra,18,148.9642278,-35.26542222,148.958041,-35.270475,148.970415,-35.260369,1535367.912,-3954261.199,1536367.912,-3953261.199,2023,2023/9/21,,(cloud)
ACT,On way to Uriarra,18,148.9642278,-35.26542222,148.958041,-35.270475,148.970415,-35.260369,1535367.912,-3954261.199,1536367.912,-3953261.199,2022,2022/3/18,,
ACT,On way to Uriarra,18,148.9642278,-35.26542222,148.958041,-35.270475,148.970415,-35.260369,1535367.912,-3954261.199,1536367.912,-3953261.199,2016,2016/3/19,,
ACT,On way to Uriarra,18,148.9642278,-35.26542222,148.958041,-35.270475,148.970415,-35.260369,1535367.912,-3954261.199,1536367.912,-3953261.199,2023,2023/9/5,,
ACT,On way to Uriarra,18,148.9642278,-35.26542222,148.958041,-35.270475,148.970415,-35.260369,1535367.912,-3954261.199,1536367.912,-3953261.199,2022,2022/2/20,,(cloud)
ACT,On way to Uriarra,18,148.9642278,-35.26542222,148.958041,-35.270475,148.970415,-35.260369,1535367.912,-3954261.199,1536367.912,-3953261.199,2016,2016/2/23,,
ACT,On way to Uriarra,18,148.9642278,-35.26542222,148.958041,-35.270475,148.970415,-35.260369,1535367.912,-3954261.199,1536367.912,-3953261.199,2023,2023/9/2,,
ACT,On way to Uriarra,18,148.9642278,-35.26542222,148.958041,-35.270475,148.970415,-35.260369,1535367.912,-3954261.199,1536367.912,-3953261.199,2022,2022/2/13,,(cloud)
ACT,On way to Uriarra,18,148.9642278,-35.26542222,148.958041,-35.270475,148.970415,-35.260369,1535367.912,-3954261.199,1536367.912,-3953261.199,2016,2016/2/22,,
ACT,On way to Uriarra,18,148.9642278,-35.26542222,148.958041,-35.270475,148.970415,-35.260369,1535367.912,-3954261.199,1536367.912,-3953261.199,2023,2023/8/26,,
ACT,On way to Uriarra,18,148.9642278,-35.26542222,148.958041,-35.270475,148.970415,-35.260369,1535367.912,-3954261.199,1536367.912,-3953261.199,2022,2022/2/2,,(cloud)
ACT,On way to Uriarra,18,148.9642278,-35.26542222,148.958041,-35.270475,148.970415,-35.260369,1535367.912,-3954261.199,1536367.912,-3953261.199,2023,2023/4/5,,(some cloud)
ACT,Junction N of Uriarra village,19,148.9206472,-35.27976389,148.914461,-35.284816,148.926833,-35.274712,1531234.838,-3955318.459,1532234.838,-3954318.459,2025,2025/12/24,,
ACT,Junction N of Uriarra village,19,148.9206472,-35.27976389,148.914461,-35.284816,148.926833,-35.274712,1531234.838,-3955318.459,1532234.838,-3954318.459,2024,2024/9/6,,
ACT,Junction N of Uriarra village,19,148.9206472,-35.27976389,148.914461,-35.284816,148.926833,-35.274712,1531234.838,-3955318.459,1532234.838,-3954318.459,2023,2023/12/28,,(cloud)
ACT,Junction N of Uriarra village,19,148.9206472,-35.27976389,148.914461,-35.284816,148.926833,-35.274712,1531234.838,-3955318.459,1532234.838,-3954318.459,2022,2022/5/9,,
ACT,Junction N of Uriarra village,19,148.9206472,-35.27976389,148.914461,-35.284816,148.926833,-35.274712,1531234.838,-3955318.459,1532234.838,-3954318.459,2021,2021/4/1,,
ACT,Junction N of Uriarra village,19,148.9206472,-35.27976389,148.914461,-35.284816,148.926833,-35.274712,1531234.838,-3955318.459,1532234.838,-3954318.459,2020,2020/8/30,,
ACT,Junction N of Uriarra village,19,148.9206472,-35.27976389,148.914461,-35.284816,148.926833,-35.274712,1531234.838,-3955318.459,1532234.838,-3954318.459,2019,2019/1/15,,
ACT,Junction N of Uriarra village,19,148.9206472,-35.27976389,148.914461,-35.284816,148.926833,-35.274712,1531234.838,-3955318.459,1532234.838,-3954318.459,2018,2018/9/14,,
ACT,Junction N of Uriarra village,19,148.9206472,-35.27976389,148.914461,-35.284816,148.926833,-35.274712,1531234.838,-3955318.459,1532234.838,-3954318.459,2017,2017/11/25,,
ACT,Junction N of Uriarra village,19,148.9206472,-35.27976389,148.914461,-35.284816,148.926833,-35.274712,1531234.838,-3955318.459,1532234.838,-3954318.459,2016,2016/12/23,,
ACT,Junction N of Uriarra village,19,148.9206472,-35.27976389,148.914461,-35.284816,148.926833,-35.274712,1531234.838,-3955318.459,1532234.838,-3954318.459,2015,2015/3/15,,
ACT,Junction N of Uriarra village,19,148.9206472,-35.27976389,148.914461,-35.284816,148.926833,-35.274712,1531234.838,-3955318.459,1532234.838,-3954318.459,2014,2014/2/10,,
ACT,Junction N of Uriarra village,19,148.9206472,-35.27976389,148.914461,-35.284816,148.926833,-35.274712,1531234.838,-3955318.459,1532234.838,-3954318.459,2013,2013/11/19,,
ACT,Junction N of Uriarra village,19,148.9206472,-35.27976389,148.914461,-35.284816,148.926833,-35.274712,1531234.838,-3955318.459,1532234.838,-3954318.459,2012,2012/12/28,,
ACT,Junction N of Uriarra village,19,148.9206472,-35.27976389,148.914461,-35.284816,148.926833,-35.274712,1531234.838,-3955318.459,1532234.838,-3954318.459,2025,2025/11/16,,(cloud)
ACT,Junction N of Uriarra village,19,148.9206472,-35.27976389,148.914461,-35.284816,148.926833,-35.274712,1531234.838,-3955318.459,1532234.838,-3954318.459,2024,2024/1/29,,
ACT,Junction N of Uriarra village,19,148.9206472,-35.27976389,148.914461,-35.284816,148.926833,-35.274712,1531234.838,-3955318.459,1532234.838,-3954318.459,2023,2023/12/2,,(cloud)
ACT,Junction N of Uriarra village,19,148.9206472,-35.27976389,148.914461,-35.284816,148.926833,-35.274712,1531234.838,-3955318.459,1532234.838,-3954318.459,2022,2022/4/14,,
ACT,Junction N of Uriarra village,19,148.9206472,-35.27976389,148.914461,-35.284816,148.926833,-35.274712,1531234.838,-3955318.459,1532234.838,-3954318.459,2020,2020/8/10,,
ACT,Junction N of Uriarra village,19,148.9206472,-35.27976389,148.914461,-35.284816,148.926833,-35.274712,1531234.838,-3955318.459,1532234.838,-3954318.459,2018,2018/3/13,,
ACT,Junction N of Uriarra village,19,148.9206472,-35.27976389,148.914461,-35.284816,148.926833,-35.274712,1531234.838,-3955318.459,1532234.838,-3954318.459,2017,2017/10/31,,
ACT,Junction N of Uriarra village,19,148.9206472,-35.27976389,148.914461,-35.284816,148.926833,-35.274712,1531234.838,-3955318.459,1532234.838,-3954318.459,2016,2016/12/10,,
ACT,Junction N of Uriarra village,19,148.9206472,-35.27976389,148.914461,-35.284816,148.926833,-35.274712,1531234.838,-3955318.459,1532234.838,-3954318.459,2015,2015/3/14,,
ACT,Junction N of Uriarra village,19,148.9206472,-35.27976389,148.914461,-35.284816,148.926833,-35.274712,1531234.838,-3955318.459,1532234.838,-3954318.459,2013,2013/9/7,,
ACT,Junction N of Uriarra village,19,148.9206472,-35.27976389,148.914461,-35.284816,148.926833,-35.274712,1531234.838,-3955318.459,1532234.838,-3954318.459,2024,2024/1/11,,(some cloud)
ACT,Junction N of Uriarra village,19,148.9206472,-35.27976389,148.914461,-35.284816,148.926833,-35.274712,1531234.838,-3955318.459,1532234.838,-3954318.459,2023,2023/11/6,,
ACT,Junction N of Uriarra village,19,148.9206472,-35.27976389,148.914461,-35.284816,148.926833,-35.274712,1531234.838,-3955318.459,1532234.838,-3954318.459,2022,2022/4/13,,(some cloud and shade?
ACT,Junction N of Uriarra village,19,148.9206472,-35.27976389,148.914461,-35.284816,148.926833,-35.274712,1531234.838,-3955318.459,1532234.838,-3954318.459,2018,2018/3/11,,
ACT,Junction N of Uriarra village,19,148.9206472,-35.27976389,148.914461,-35.284816,148.926833,-35.274712,1531234.838,-3955318.459,1532234.838,-3954318.459,2017,2017/1/12,,
ACT,Junction N of Uriarra village,19,148.9206472,-35.27976389,148.914461,-35.284816,148.926833,-35.274712,1531234.838,-3955318.459,1532234.838,-3954318.459,2016,2016/11/21,2,
ACT,Junction N of Uriarra village,19,148.9206472,-35.27976389,148.914461,-35.284816,148.926833,-35.274712,1531234.838,-3955318.459,1532234.838,-3954318.459,2015,2015/2/10,,(cloud)
ACT,Junction N of Uriarra village,19,148.9206472,-35.27976389,148.914461,-35.284816,148.926833,-35.274712,1531234.838,-3955318.459,1532234.838,-3954318.459,2013,2013/6/4,2,
ACT,Junction N of Uriarra village,19,148.9206472,-35.27976389,148.914461,-35.284816,148.926833,-35.274712,1531234.838,-3955318.459,1532234.838,-3954318.459,2023,2023/10/27,,(cloud)
ACT,Junction N of Uriarra village,19,148.9206472,-35.27976389,148.914461,-35.284816,148.926833,-35.274712,1531234.838,-3955318.459,1532234.838,-3954318.459,2022,2022/4/1,,(some cloud)
ACT,Junction N of Uriarra village,19,148.9206472,-35.27976389,148.914461,-35.284816,148.926833,-35.274712,1531234.838,-3955318.459,1532234.838,-3954318.459,2018,2018/3/10,,
ACT,Junction N of Uriarra village,19,148.9206472,-35.27976389,148.914461,-35.284816,148.926833,-35.274712,1531234.838,-3955318.459,1532234.838,-3954318.459,2016,2016/11/15,,
ACT,Junction N of Uriarra village,19,148.9206472,-35.27976389,148.914461,-35.284816,148.926833,-35.274712,1531234.838,-3955318.459,1532234.838,-3954318.459,2015,2015/9/9,,(cloud)
ACT,Junction N of Uriarra village,19,148.9206472,-35.27976389,148.914461,-35.284816,148.926833,-35.274712,1531234.838,-3955318.459,1532234.838,-3954318.459,2013,2013/6/3,2,"one with cloud, one ok)"
ACT,Junction N of Uriarra village,19,148.9206472,-35.27976389,148.914461,-35.284816,148.926833,-35.274712,1531234.838,-3955318.459,1532234.838,-3954318.459,2023,2023/10/24,,(fog)
ACT,Junction N of Uriarra village,19,148.9206472,-35.27976389,148.914461,-35.284816,148.926833,-35.274712,1531234.838,-3955318.459,1532234.838,-3954318.459,2022,2022/2/20,,(cloud)
ACT,Junction N of Uriarra village,19,148.9206472,-35.27976389,148.914461,-35.284816,148.926833,-35.274712,1531234.838,-3955318.459,1532234.838,-3954318.459,2016,2016/6/25,,
ACT,Junction N of Uriarra village,19,148.9206472,-35.27976389,148.914461,-35.284816,148.926833,-35.274712,1531234.838,-3955318.459,1532234.838,-3954318.459,2015,2015/1/14,,(cloud)
ACT,Junction N of Uriarra village,19,148.9206472,-35.27976389,148.914461,-35.284816,148.926833,-35.274712,1531234.838,-3955318.459,1532234.838,-3954318.459,2013,2013/5/26,2,cloud)
ACT,Junction N of Uriarra village,19,148.9206472,-35.27976389,148.914461,-35.284816,148.926833,-35.274712,1531234.838,-3955318.459,1532234.838,-3954318.459,2023,2023/9/5,,
ACT,Junction N of Uriarra village,19,148.9206472,-35.27976389,148.914461,-35.284816,148.926833,-35.274712,1531234.838,-3955318.459,1532234.838,-3954318.459,2022,2022/2/15,,
ACT,Junction N of Uriarra village,19,148.9206472,-35.27976389,148.914461,-35.284816,148.926833,-35.274712,1531234.838,-3955318.459,1532234.838,-3954318.459,2016,2016/5/16,,
ACT,Junction N of Uriarra village,19,148.9206472,-35.27976389,148.914461,-35.284816,148.926833,-35.274712,1531234.838,-3955318.459,1532234.838,-3954318.459,2013,2013/1/11,,
ACT,Junction N of Uriarra village,19,148.9206472,-35.27976389,148.914461,-35.284816,148.926833,-35.274712,1531234.838,-3955318.459,1532234.838,-3954318.459,2022,2022/2/13,,(cloud)
ACT,Junction N of Uriarra village,19,148.9206472,-35.27976389,148.914461,-35.284816,148.926833,-35.274712,1531234.838,-3955318.459,1532234.838,-3954318.459,2016,2016/4/19,,
ACT,Junction N of Uriarra village,19,148.9206472,-35.27976389,148.914461,-35.284816,148.926833,-35.274712,1531234.838,-3955318.459,1532234.838,-3954318.459,2022,2022/2/2,,(cloud)
ACT,Junction N of Uriarra village,19,148.9206472,-35.27976389,148.914461,-35.284816,148.926833,-35.274712,1531234.838,-3955318.459,1532234.838,-3954318.459,2016,2016/4/12,,(cloud)
ACT,Junction N of Uriarra village,19,148.9206472,-35.27976389,148.914461,-35.284816,148.926833,-35.274712,1531234.838,-3955318.459,1532234.838,-3954318.459,2016,2016/3/19,,
ACT,Junction N of Uriarra village,19,148.9206472,-35.27976389,148.914461,-35.284816,148.926833,-35.274712,1531234.838,-3955318.459,1532234.838,-3954318.459,2016,2016/2/23,,
ACT,Junction N of Uriarra village,19,148.9206472,-35.27976389,148.914461,-35.284816,148.926833,-35.274712,1531234.838,-3955318.459,1532234.838,-3954318.459,2016,2016/2/22,,
ACT,W of Uriarra,20,148.9128028,-35.28957778,148.906617,-35.29463,148.91899,-35.284526,1530384.902,-3956305.932,1531384.902,-3955305.932,2025,2025/12/24,,(Site 20 some overlapping with 19)
ACT,W of Uriarra,20,148.9128028,-35.28957778,148.906617,-35.29463,148.91899,-35.284526,1530384.902,-3956305.932,1531384.902,-3955305.932,2024,2024/9/6,,(shade?
ACT,W of Uriarra,20,148.9128028,-35.28957778,148.906617,-35.29463,148.91899,-35.284526,1530384.902,-3956305.932,1531384.902,-3955305.932,2023,2023/11/6,,(shade?
ACT,W of Uriarra,20,148.9128028,-35.28957778,148.906617,-35.29463,148.91899,-35.284526,1530384.902,-3956305.932,1531384.902,-3955305.932,2021,2022/2/15,,
ACT,W of Uriarra,20,148.9128028,-35.28957778,148.906617,-35.29463,148.91899,-35.284526,1530384.902,-3956305.932,1531384.902,-3955305.932,2020,2021/4/1,,
ACT,W of Uriarra,20,148.9128028,-35.28957778,148.906617,-35.29463,148.91899,-35.284526,1530384.902,-3956305.932,1531384.902,-3955305.932,2019,2019/1/15,,
ACT,W of Uriarra,20,148.9128028,-35.28957778,148.906617,-35.29463,148.91899,-35.284526,1530384.902,-3956305.932,1531384.902,-3955305.932,2018,2018/9/14,,
ACT,W of Uriarra,20,148.9128028,-35.28957778,148.906617,-35.29463,148.91899,-35.284526,1530384.902,-3956305.932,1531384.902,-3955305.932,2017,2017/11/25,,
ACT,W of Uriarra,20,148.9128028,-35.28957778,148.906617,-35.29463,148.91899,-35.284526,1530384.902,-3956305.932,1531384.902,-3955305.932,2016,2016/12/23,,
ACT,W of Uriarra,20,148.9128028,-35.28957778,148.906617,-35.29463,148.91899,-35.284526,1530384.902,-3956305.932,1531384.902,-3955305.932,2015,2015/3/15,,
ACT,W of Uriarra,20,148.9128028,-35.28957778,148.906617,-35.29463,148.91899,-35.284526,1530384.902,-3956305.932,1531384.902,-3955305.932,2013,2013/11/19,,
ACT,W of Uriarra,20,148.9128028,-35.28957778,148.906617,-35.29463,148.91899,-35.284526,1530384.902,-3956305.932,1531384.902,-3955305.932,2012,2012/12/28,,
ACT,W of Uriarra,20,148.9128028,-35.28957778,148.906617,-35.29463,148.91899,-35.284526,1530384.902,-3956305.932,1531384.902,-3955305.932,2025,2025/11/16,,(shade?
ACT,W of Uriarra,20,148.9128028,-35.28957778,148.906617,-35.29463,148.91899,-35.284526,1530384.902,-3956305.932,1531384.902,-3955305.932,2023,2023/10/27,,(shade? very dark)
ACT,W of Uriarra,20,148.9128028,-35.28957778,148.906617,-35.29463,148.91899,-35.284526,1530384.902,-3956305.932,1531384.902,-3955305.932,2021,2022/2/13,,(cloud)
ACT,W of Uriarra,20,148.9128028,-35.28957778,148.906617,-35.29463,148.91899,-35.284526,1530384.902,-3956305.932,1531384.902,-3955305.932,2020,2020/8/30,,
ACT,W of Uriarra,20,148.9128028,-35.28957778,148.906617,-35.29463,148.91899,-35.284526,1530384.902,-3956305.932,1531384.902,-3955305.932,2018,2018/3/13,,(cloud)
ACT,W of Uriarra,20,148.9128028,-35.28957778,148.906617,-35.29463,148.91899,-35.284526,1530384.902,-3956305.932,1531384.902,-3955305.932,2017,2017/10/31,,
ACT,W of Uriarra,20,148.9128028,-35.28957778,148.906617,-35.29463,148.91899,-35.284526,1530384.902,-3956305.932,1531384.902,-3955305.932,2016,2016/12/10,,
ACT,W of Uriarra,20,148.9128028,-35.28957778,148.906617,-35.29463,148.91899,-35.284526,1530384.902,-3956305.932,1531384.902,-3955305.932,2015,2015/1/14,,(cloud)
ACT,W of Uriarra,20,148.9128028,-35.28957778,148.906617,-35.29463,148.91899,-35.284526,1530384.902,-3956305.932,1531384.902,-3955305.932,2013,2013/9/7,,
ACT,W of Uriarra,20,148.9128028,-35.28957778,148.906617,-35.29463,148.91899,-35.284526,1530384.902,-3956305.932,1531384.902,-3955305.932,2012,2012/12/21,,
ACT,W of Uriarra,20,148.9128028,-35.28957778,148.906617,-35.29463,148.91899,-35.284526,1530384.902,-3956305.932,1531384.902,-3955305.932,2023,2023/10/24,,(shade? very bright)
ACT,W of Uriarra,20,148.9128028,-35.28957778,148.906617,-35.29463,148.91899,-35.284526,1530384.902,-3956305.932,1531384.902,-3955305.932,2021,2022/2/2,,(cloud)
ACT,W of Uriarra,20,148.9128028,-35.28957778,148.906617,-35.29463,148.91899,-35.284526,1530384.902,-3956305.932,1531384.902,-3955305.932,2018,2018/3/11,,
ACT,W of Uriarra,20,148.9128028,-35.28957778,148.906617,-35.29463,148.91899,-35.284526,1530384.902,-3956305.932,1531384.902,-3955305.932,2017,2017/1/12,,
ACT,W of Uriarra,20,148.9128028,-35.28957778,148.906617,-35.29463,148.91899,-35.284526,1530384.902,-3956305.932,1531384.902,-3955305.932,2016,2016/11/21,2,
ACT,W of Uriarra,20,148.9128028,-35.28957778,148.906617,-35.29463,148.91899,-35.284526,1530384.902,-3956305.932,1531384.902,-3955305.932,2013,2013/6/4,2,
ACT,W of Uriarra,20,148.9128028,-35.28957778,148.906617,-35.29463,148.91899,-35.284526,1530384.902,-3956305.932,1531384.902,-3955305.932,2018,2018/3/10,,
ACT,W of Uriarra,20,148.9128028,-35.28957778,148.906617,-35.29463,148.91899,-35.284526,1530384.902,-3956305.932,1531384.902,-3955305.932,2016,2016/8/15,,
ACT,W of Uriarra,20,148.9128028,-35.28957778,148.906617,-35.29463,148.91899,-35.284526,1530384.902,-3956305.932,1531384.902,-3955305.932,2013,2013/6/3,,
ACT,W of Uriarra,20,148.9128028,-35.28957778,148.906617,-35.29463,148.91899,-35.284526,1530384.902,-3956305.932,1531384.902,-3955305.932,2016,2016/6/25,,
ACT,W of Uriarra,20,148.9128028,-35.28957778,148.906617,-35.29463,148.91899,-35.284526,1530384.902,-3956305.932,1531384.902,-3955305.932,2013,2013/6/3,,"(fog, cloud)"
ACT,W of Uriarra,20,148.9128028,-35.28957778,148.906617,-35.29463,148.91899,-35.284526,1530384.902,-3956305.932,1531384.902,-3955305.932,2016,2016/5/16,,
ACT,W of Uriarra,20,148.9128028,-35.28957778,148.906617,-35.29463,148.91899,-35.284526,1530384.902,-3956305.932,1531384.902,-3955305.932,2013,2013/5/26,2,cloud)
ACT,W of Uriarra,20,148.9128028,-35.28957778,148.906617,-35.29463,148.91899,-35.284526,1530384.902,-3956305.932,1531384.902,-3955305.932,2016,2016/4/19,,
ACT,W of Uriarra,20,148.9128028,-35.28957778,148.906617,-35.29463,148.91899,-35.284526,1530384.902,-3956305.932,1531384.902,-3955305.932,2013,2013/1/11,,
ACT,W of Uriarra,20,148.9128028,-35.28957778,148.906617,-35.29463,148.91899,-35.284526,1530384.902,-3956305.932,1531384.902,-3955305.932,2016,2016/4/12,,(cloud)
ACT,W of Uriarra,20,148.9128028,-35.28957778,148.906617,-35.29463,148.91899,-35.284526,1530384.902,-3956305.932,1531384.902,-3955305.932,2016,2016/3/19,,
ACT,W of Uriarra,20,148.9128028,-35.28957778,148.906617,-35.29463,148.91899,-35.284526,1530384.902,-3956305.932,1531384.902,-3955305.932,2016,2016/2/23,,
ACT,W of Uriarra,20,148.9128028,-35.28957778,148.906617,-35.29463,148.91899,-35.284526,1530384.902,-3956305.932,1531384.902,-3955305.932,2016,2016/2/22,,
ACT,S of National Equestrian Centre,21,148.9995,-35.35339167,148.993307,-35.358447,149.005694,-35.348337,1537245.031,-3964378.433,1538245.031,-3963378.433,2026,2026/4/14,,
ACT,S of National Equestrian Centre,21,148.9995,-35.35339167,148.993307,-35.358447,149.005694,-35.348337,1537245.031,-3964378.433,1538245.031,-3963378.433,2025,2025/12/7,,
ACT,S of National Equestrian Centre,21,148.9995,-35.35339167,148.993307,-35.358447,149.005694,-35.348337,1537245.031,-3964378.433,1538245.031,-3963378.433,2024,2024/9/1,,
ACT,S of National Equestrian Centre,21,148.9995,-35.35339167,148.993307,-35.358447,149.005694,-35.348337,1537245.031,-3964378.433,1538245.031,-3963378.433,2023,2023/10/11,,
ACT,S of National Equestrian Centre,21,148.9995,-35.35339167,148.993307,-35.358447,149.005694,-35.348337,1537245.031,-3964378.433,1538245.031,-3963378.433,2022,2022/12/3,,
ACT,S of National Equestrian Centre,21,148.9995,-35.35339167,148.993307,-35.358447,149.005694,-35.348337,1537245.031,-3964378.433,1538245.031,-3963378.433,2021,2021/9/17,,
ACT,S of National Equestrian Centre,21,148.9995,-35.35339167,148.993307,-35.358447,149.005694,-35.348337,1537245.031,-3964378.433,1538245.031,-3963378.433,2020,2020/10/1,,
ACT,S of National Equestrian Centre,21,148.9995,-35.35339167,148.993307,-35.358447,149.005694,-35.348337,1537245.031,-3964378.433,1538245.031,-3963378.433,2019,2019/11/25,,
ACT,S of National Equestrian Centre,21,148.9995,-35.35339167,148.993307,-35.358447,149.005694,-35.348337,1537245.031,-3964378.433,1538245.031,-3963378.433,2018,2018/11/7,,(weird image red)
ACT,S of National Equestrian Centre,21,148.9995,-35.35339167,148.993307,-35.358447,149.005694,-35.348337,1537245.031,-3964378.433,1538245.031,-3963378.433,2017,2017/8/28,,
ACT,S of National Equestrian Centre,21,148.9995,-35.35339167,148.993307,-35.358447,149.005694,-35.348337,1537245.031,-3964378.433,1538245.031,-3963378.433,2016,2016/12/12,,
ACT,S of National Equestrian Centre,21,148.9995,-35.35339167,148.993307,-35.358447,149.005694,-35.348337,1537245.031,-3964378.433,1538245.031,-3963378.433,2015,2015/4/29,,
ACT,S of National Equestrian Centre,21,148.9995,-35.35339167,148.993307,-35.358447,149.005694,-35.348337,1537245.031,-3964378.433,1538245.031,-3963378.433,2014,2014/8/20,,
ACT,S of National Equestrian Centre,21,148.9995,-35.35339167,148.993307,-35.358447,149.005694,-35.348337,1537245.031,-3964378.433,1538245.031,-3963378.433,2013,2013/9/7,,
ACT,S of National Equestrian Centre,21,148.9995,-35.35339167,148.993307,-35.358447,149.005694,-35.348337,1537245.031,-3964378.433,1538245.031,-3963378.433,2012,2012/12/28,,
ACT,S of National Equestrian Centre,21,148.9995,-35.35339167,148.993307,-35.358447,149.005694,-35.348337,1537245.031,-3964378.433,1538245.031,-3963378.433,2026,2026/4/9,,(cloud)
ACT,S of National Equestrian Centre,21,148.9995,-35.35339167,148.993307,-35.358447,149.005694,-35.348337,1537245.031,-3964378.433,1538245.031,-3963378.433,2025,2025/9/5,,
ACT,S of National Equestrian Centre,21,148.9995,-35.35339167,148.993307,-35.358447,149.005694,-35.348337,1537245.031,-3964378.433,1538245.031,-3963378.433,2024,2024/2/18,,
ACT,S of National Equestrian Centre,21,148.9995,-35.35339167,148.993307,-35.358447,149.005694,-35.348337,1537245.031,-3964378.433,1538245.031,-3963378.433,2023,2023/8/26,,
ACT,S of National Equestrian Centre,21,148.9995,-35.35339167,148.993307,-35.358447,149.005694,-35.348337,1537245.031,-3964378.433,1538245.031,-3963378.433,2022,2022/11/28,,(cloud)
ACT,S of National Equestrian Centre,21,148.9995,-35.35339167,148.993307,-35.358447,149.005694,-35.348337,1537245.031,-3964378.433,1538245.031,-3963378.433,2021,2021/2/15,2,
ACT,S of National Equestrian Centre,21,148.9995,-35.35339167,148.993307,-35.358447,149.005694,-35.348337,1537245.031,-3964378.433,1538245.031,-3963378.433,2020,2020/8/30,,
ACT,S of National Equestrian Centre,21,148.9995,-35.35339167,148.993307,-35.358447,149.005694,-35.348337,1537245.031,-3964378.433,1538245.031,-3963378.433,2019,2019/11/17,,
ACT,S of National Equestrian Centre,21,148.9995,-35.35339167,148.993307,-35.358447,149.005694,-35.348337,1537245.031,-3964378.433,1538245.031,-3963378.433,2018,2018/11/6,,(cloud)
ACT,S of National Equestrian Centre,21,148.9995,-35.35339167,148.993307,-35.358447,149.005694,-35.348337,1537245.031,-3964378.433,1538245.031,-3963378.433,2017,2017/2/13,,
ACT,S of National Equestrian Centre,21,148.9995,-35.35339167,148.993307,-35.358447,149.005694,-35.348337,1537245.031,-3964378.433,1538245.031,-3963378.433,2016,2016/12/11,,(some cloud)
ACT,S of National Equestrian Centre,21,148.9995,-35.35339167,148.993307,-35.358447,149.005694,-35.348337,1537245.031,-3964378.433,1538245.031,-3963378.433,2015,2015/4/28,,
ACT,S of National Equestrian Centre,21,148.9995,-35.35339167,148.993307,-35.358447,149.005694,-35.348337,1537245.031,-3964378.433,1538245.031,-3963378.433,2014,2014/2/10,,
ACT,S of National Equestrian Centre,21,148.9995,-35.35339167,148.993307,-35.358447,149.005694,-35.348337,1537245.031,-3964378.433,1538245.031,-3963378.433,2013,2013/6/4,,
ACT,S of National Equestrian Centre,21,148.9995,-35.35339167,148.993307,-35.358447,149.005694,-35.348337,1537245.031,-3964378.433,1538245.031,-3963378.433,2012,2012/12/21,,
ACT,S of National Equestrian Centre,21,148.9995,-35.35339167,148.993307,-35.358447,149.005694,-35.348337,1537245.031,-3964378.433,1538245.031,-3963378.433,2026,2026/4/8,,
ACT,S of National Equestrian Centre,21,148.9995,-35.35339167,148.993307,-35.358447,149.005694,-35.348337,1537245.031,-3964378.433,1538245.031,-3963378.433,2025,2025/8/11,,
ACT,S of National Equestrian Centre,21,148.9995,-35.35339167,148.993307,-35.358447,149.005694,-35.348337,1537245.031,-3964378.433,1538245.031,-3963378.433,2023,2023/4/5,,(cloud)
ACT,S of National Equestrian Centre,21,148.9995,-35.35339167,148.993307,-35.358447,149.005694,-35.348337,1537245.031,-3964378.433,1538245.031,-3963378.433,2022,2022/11/27,,(cloud)
ACT,S of National Equestrian Centre,21,148.9995,-35.35339167,148.993307,-35.358447,149.005694,-35.348337,1537245.031,-3964378.433,1538245.031,-3963378.433,2020,2020/7/9,2,
ACT,S of National Equestrian Centre,21,148.9995,-35.35339167,148.993307,-35.358447,149.005694,-35.348337,1537245.031,-3964378.433,1538245.031,-3963378.433,2019,2019/4/10,,
ACT,S of National Equestrian Centre,21,148.9995,-35.35339167,148.993307,-35.358447,149.005694,-35.348337,1537245.031,-3964378.433,1538245.031,-3963378.433,2018,2018/11/5,,(cloud)
ACT,S of National Equestrian Centre,21,148.9995,-35.35339167,148.993307,-35.358447,149.005694,-35.348337,1537245.031,-3964378.433,1538245.031,-3963378.433,2017,2017/1/12,3,
ACT,S of National Equestrian Centre,21,148.9995,-35.35339167,148.993307,-35.358447,149.005694,-35.348337,1537245.031,-3964378.433,1538245.031,-3963378.433,2016,2016/12/10,,
ACT,S of National Equestrian Centre,21,148.9995,-35.35339167,148.993307,-35.358447,149.005694,-35.348337,1537245.031,-3964378.433,1538245.031,-3963378.433,2015,2015/4/22,,
ACT,S of National Equestrian Centre,21,148.9995,-35.35339167,148.993307,-35.358447,149.005694,-35.348337,1537245.031,-3964378.433,1538245.031,-3963378.433,2014,2014/1/30,,
ACT,S of National Equestrian Centre,21,148.9995,-35.35339167,148.993307,-35.358447,149.005694,-35.348337,1537245.031,-3964378.433,1538245.031,-3963378.433,2013,2013/6/3,,
ACT,S of National Equestrian Centre,21,148.9995,-35.35339167,148.993307,-35.358447,149.005694,-35.348337,1537245.031,-3964378.433,1538245.031,-3963378.433,2025,2025/8/10,,"(fog, very dark)"
ACT,S of National Equestrian Centre,21,148.9995,-35.35339167,148.993307,-35.358447,149.005694,-35.348337,1537245.031,-3964378.433,1538245.031,-3963378.433,2022,2022/10/25,,(cloud shade?
ACT,S of National Equestrian Centre,21,148.9995,-35.35339167,148.993307,-35.358447,149.005694,-35.348337,1537245.031,-3964378.433,1538245.031,-3963378.433,2020,2020/6/19,2,
ACT,S of National Equestrian Centre,21,148.9995,-35.35339167,148.993307,-35.358447,149.005694,-35.348337,1537245.031,-3964378.433,1538245.031,-3963378.433,2019,2019/3/15,,(cloud)
ACT,S of National Equestrian Centre,21,148.9995,-35.35339167,148.993307,-35.358447,149.005694,-35.348337,1537245.031,-3964378.433,1538245.031,-3963378.433,2018,2018/11/4,,(fog)
ACT,S of National Equestrian Centre,21,148.9995,-35.35339167,148.993307,-35.358447,149.005694,-35.348337,1537245.031,-3964378.433,1538245.031,-3963378.433,2017,2017/1/11,,(darker)
ACT,S of National Equestrian Centre,21,148.9995,-35.35339167,148.993307,-35.358447,149.005694,-35.348337,1537245.031,-3964378.433,1538245.031,-3963378.433,2016,2016/11/21,2,
ACT,S of National Equestrian Centre,21,148.9995,-35.35339167,148.993307,-35.358447,149.005694,-35.348337,1537245.031,-3964378.433,1538245.031,-3963378.433,2015,2015/3/15,,
ACT,S of National Equestrian Centre,21,148.9995,-35.35339167,148.993307,-35.358447,149.005694,-35.348337,1537245.031,-3964378.433,1538245.031,-3963378.433,2014,2014/1/29,,
ACT,S of National Equestrian Centre,21,148.9995,-35.35339167,148.993307,-35.358447,149.005694,-35.348337,1537245.031,-3964378.433,1538245.031,-3963378.433,2013,2013/5/26,,(cloud)
ACT,S of National Equestrian Centre,21,148.9995,-35.35339167,148.993307,-35.358447,149.005694,-35.348337,1537245.031,-3964378.433,1538245.031,-3963378.433,2022,2022/1/26,,(cloud)
ACT,S of National Equestrian Centre,21,148.9995,-35.35339167,148.993307,-35.358447,149.005694,-35.348337,1537245.031,-3964378.433,1538245.031,-3963378.433,2020,2020/3/1,,(cloud?)
ACT,S of National Equestrian Centre,21,148.9995,-35.35339167,148.993307,-35.358447,149.005694,-35.348337,1537245.031,-3964378.433,1538245.031,-3963378.433,2019,2019/3/10,,
ACT,S of National Equestrian Centre,21,148.9995,-35.35339167,148.993307,-35.358447,149.005694,-35.348337,1537245.031,-3964378.433,1538245.031,-3963378.433,2018,2018/9/14,,
ACT,S of National Equestrian Centre,21,148.9995,-35.35339167,148.993307,-35.358447,149.005694,-35.348337,1537245.031,-3964378.433,1538245.031,-3963378.433,2017,2017/1/6,,(some cloud?)
ACT,S of National Equestrian Centre,21,148.9995,-35.35339167,148.993307,-35.358447,149.005694,-35.348337,1537245.031,-3964378.433,1538245.031,-3963378.433,2016,2016/8/15,3,
ACT,S of National Equestrian Centre,21,148.9995,-35.35339167,148.993307,-35.358447,149.005694,-35.348337,1537245.031,-3964378.433,1538245.031,-3963378.433,2015,2015/3/14,,
ACT,S of National Equestrian Centre,21,148.9995,-35.35339167,148.993307,-35.358447,149.005694,-35.348337,1537245.031,-3964378.433,1538245.031,-3963378.433,2013,2013/1/11,,
ACT,S of National Equestrian Centre,21,148.9995,-35.35339167,148.993307,-35.358447,149.005694,-35.348337,1537245.031,-3964378.433,1538245.031,-3963378.433,2022,2022/1/20,,(cloud)
ACT,S of National Equestrian Centre,21,148.9995,-35.35339167,148.993307,-35.358447,149.005694,-35.348337,1537245.031,-3964378.433,1538245.031,-3963378.433,2019,2019/3/9,,
ACT,S of National Equestrian Centre,21,148.9995,-35.35339167,148.993307,-35.358447,149.005694,-35.348337,1537245.031,-3964378.433,1538245.031,-3963378.433,2018,2018/9/3,,(cloud)
ACT,S of National Equestrian Centre,21,148.9995,-35.35339167,148.993307,-35.358447,149.005694,-35.348337,1537245.031,-3964378.433,1538245.031,-3963378.433,2016,2016/8/3,,
ACT,S of National Equestrian Centre,21,148.9995,-35.35339167,148.993307,-35.358447,149.005694,-35.348337,1537245.031,-3964378.433,1538245.031,-3963378.433,2015,2015/2/10,,"(cloud, very dark)"
ACT,S of National Equestrian Centre,21,148.9995,-35.35339167,148.993307,-35.358447,149.005694,-35.348337,1537245.031,-3964378.433,1538245.031,-3963378.433,2018,2018/3/13,,(cloud)
ACT,S of National Equestrian Centre,21,148.9995,-35.35339167,148.993307,-35.358447,149.005694,-35.348337,1537245.031,-3964378.433,1538245.031,-3963378.433,2016,2016/7/14,,
ACT,S of National Equestrian Centre,21,148.9995,-35.35339167,148.993307,-35.358447,149.005694,-35.348337,1537245.031,-3964378.433,1538245.031,-3963378.433,2015,2015/2/9,,
ACT,S of National Equestrian Centre,21,148.9995,-35.35339167,148.993307,-35.358447,149.005694,-35.348337,1537245.031,-3964378.433,1538245.031,-3963378.433,2018,2018/3/11,,
ACT,S of National Equestrian Centre,21,148.9995,-35.35339167,148.993307,-35.358447,149.005694,-35.348337,1537245.031,-3964378.433,1538245.031,-3963378.433,2016,2016/6/25,2,
ACT,S of National Equestrian Centre,21,148.9995,-35.35339167,148.993307,-35.358447,149.005694,-35.348337,1537245.031,-3964378.433,1538245.031,-3963378.433,2015,2015/1/14,,
ACT,S of National Equestrian Centre,21,148.9995,-35.35339167,148.993307,-35.358447,149.005694,-35.348337,1537245.031,-3964378.433,1538245.031,-3963378.433,2018,2018/3/10,,
ACT,S of National Equestrian Centre,21,148.9995,-35.35339167,148.993307,-35.358447,149.005694,-35.348337,1537245.031,-3964378.433,1538245.031,-3963378.433,2016,2016/5/16,,
ACT,S of National Equestrian Centre,21,148.9995,-35.35339167,148.993307,-35.358447,149.005694,-35.348337,1537245.031,-3964378.433,1538245.031,-3963378.433,2016,2016/4/19,,
ACT,S of National Equestrian Centre,21,148.9995,-35.35339167,148.993307,-35.358447,149.005694,-35.348337,1537245.031,-3964378.433,1538245.031,-3963378.433,2016,2016/4/14,,
ACT,S of National Equestrian Centre,21,148.9995,-35.35339167,148.993307,-35.358447,149.005694,-35.348337,1537245.031,-3964378.433,1538245.031,-3963378.433,2016,2016/4/13,,(cloud)
ACT,S of National Equestrian Centre,21,148.9995,-35.35339167,148.993307,-35.358447,149.005694,-35.348337,1537245.031,-3964378.433,1538245.031,-3963378.433,2016,2016/4/12,2,cloud)
ACT,S of National Equestrian Centre,21,148.9995,-35.35339167,148.993307,-35.358447,149.005694,-35.348337,1537245.031,-3964378.433,1538245.031,-3963378.433,2016,2016/3/19,2,
ACT,S of National Equestrian Centre,21,148.9995,-35.35339167,148.993307,-35.358447,149.005694,-35.348337,1537245.031,-3964378.433,1538245.031,-3963378.433,2016,2016/3/23,2,
ACT,S of National Equestrian Centre,21,148.9995,-35.35339167,148.993307,-35.358447,149.005694,-35.348337,1537245.031,-3964378.433,1538245.031,-3963378.433,2016,2016/2/22,,
ACT,Lambrigg Lookout,22,149.0468056,-35.47409722,149.040604,-35.479155,149.053009,-35.469039,1539714.223,-3978243.976,1540714.223,-3977243.976,2026,2026/4/14,,
ACT,Lambrigg Lookout,22,149.0468056,-35.47409722,149.040604,-35.479155,149.053009,-35.469039,1539714.223,-3978243.976,1540714.223,-3977243.976,2025,2025/12/19,,
ACT,Lambrigg Lookout,22,149.0468056,-35.47409722,149.040604,-35.479155,149.053009,-35.469039,1539714.223,-3978243.976,1540714.223,-3977243.976,2024,2024/9/1,,
ACT,Lambrigg Lookout,22,149.0468056,-35.47409722,149.040604,-35.479155,149.053009,-35.469039,1539714.223,-3978243.976,1540714.223,-3977243.976,2023,2023/10/11,,
ACT,Lambrigg Lookout,22,149.0468056,-35.47409722,149.040604,-35.479155,149.053009,-35.469039,1539714.223,-3978243.976,1540714.223,-3977243.976,2022,2022/12/11,,
ACT,Lambrigg Lookout,22,149.0468056,-35.47409722,149.040604,-35.479155,149.053009,-35.469039,1539714.223,-3978243.976,1540714.223,-3977243.976,2021,2021/9/17,,
ACT,Lambrigg Lookout,22,149.0468056,-35.47409722,149.040604,-35.479155,149.053009,-35.469039,1539714.223,-3978243.976,1540714.223,-3977243.976,2020,2020/10/15,,
ACT,Lambrigg Lookout,22,149.0468056,-35.47409722,149.040604,-35.479155,149.053009,-35.469039,1539714.223,-3978243.976,1540714.223,-3977243.976,2019,2019/11/25,,
ACT,Lambrigg Lookout,22,149.0468056,-35.47409722,149.040604,-35.479155,149.053009,-35.469039,1539714.223,-3978243.976,1540714.223,-3977243.976,2018,2018/9/14,,
ACT,Lambrigg Lookout,22,149.0468056,-35.47409722,149.040604,-35.479155,149.053009,-35.469039,1539714.223,-3978243.976,1540714.223,-3977243.976,2017,2017/11/20,,
ACT,Lambrigg Lookout,22,149.0468056,-35.47409722,149.040604,-35.479155,149.053009,-35.469039,1539714.223,-3978243.976,1540714.223,-3977243.976,2016,2016/12/12,,(some cloud)
ACT,Lambrigg Lookout,22,149.0468056,-35.47409722,149.040604,-35.479155,149.053009,-35.469039,1539714.223,-3978243.976,1540714.223,-3977243.976,2015,2015/4/29,,
ACT,Lambrigg Lookout,22,149.0468056,-35.47409722,149.040604,-35.479155,149.053009,-35.469039,1539714.223,-3978243.976,1540714.223,-3977243.976,2014,2024/8/20,,
ACT,Lambrigg Lookout,22,149.0468056,-35.47409722,149.040604,-35.479155,149.053009,-35.469039,1539714.223,-3978243.976,1540714.223,-3977243.976,2013,2013/9/7,2,
ACT,Lambrigg Lookout,22,149.0468056,-35.47409722,149.040604,-35.479155,149.053009,-35.469039,1539714.223,-3978243.976,1540714.223,-3977243.976,2012,2012/12/28,,
ACT,Lambrigg Lookout,22,149.0468056,-35.47409722,149.040604,-35.479155,149.053009,-35.469039,1539714.223,-3978243.976,1540714.223,-3977243.976,2026,2026/4/9,,
ACT,Lambrigg Lookout,22,149.0468056,-35.47409722,149.040604,-35.479155,149.053009,-35.469039,1539714.223,-3978243.976,1540714.223,-3977243.976,2025,2025/12/7,,
ACT,Lambrigg Lookout,22,149.0468056,-35.47409722,149.040604,-35.479155,149.053009,-35.469039,1539714.223,-3978243.976,1540714.223,-3977243.976,2024,2024/2/26,,(cloud)
ACT,Lambrigg Lookout,22,149.0468056,-35.47409722,149.040604,-35.479155,149.053009,-35.469039,1539714.223,-3978243.976,1540714.223,-3977243.976,2023,2023/8/26,,
ACT,Lambrigg Lookout,22,149.0468056,-35.47409722,149.040604,-35.479155,149.053009,-35.469039,1539714.223,-3978243.976,1540714.223,-3977243.976,2022,2022/12/10,,(some cloud and shade?
ACT,Lambrigg Lookout,22,149.0468056,-35.47409722,149.040604,-35.479155,149.053009,-35.469039,1539714.223,-3978243.976,1540714.223,-3977243.976,2021,2021/2/15,,
ACT,Lambrigg Lookout,22,149.0468056,-35.47409722,149.040604,-35.479155,149.053009,-35.469039,1539714.223,-3978243.976,1540714.223,-3977243.976,2020,2020/10/8,,(some cloud and shade?
ACT,Lambrigg Lookout,22,149.0468056,-35.47409722,149.040604,-35.479155,149.053009,-35.469039,1539714.223,-3978243.976,1540714.223,-3977243.976,2019,2019/11/24,,(cloud)
ACT,Lambrigg Lookout,22,149.0468056,-35.47409722,149.040604,-35.479155,149.053009,-35.469039,1539714.223,-3978243.976,1540714.223,-3977243.976,2018,2018/9/3,,(cloud)
ACT,Lambrigg Lookout,22,149.0468056,-35.47409722,149.040604,-35.479155,149.053009,-35.469039,1539714.223,-3978243.976,1540714.223,-3977243.976,2017,2017/5/16,,
ACT,Lambrigg Lookout,22,149.0468056,-35.47409722,149.040604,-35.479155,149.053009,-35.469039,1539714.223,-3978243.976,1540714.223,-3977243.976,2016,2016/12/11,,(some cloud?)
ACT,Lambrigg Lookout,22,149.0468056,-35.47409722,149.040604,-35.479155,149.053009,-35.469039,1539714.223,-3978243.976,1540714.223,-3977243.976,2015,2015/4/28,,
ACT,Lambrigg Lookout,22,149.0468056,-35.47409722,149.040604,-35.479155,149.053009,-35.469039,1539714.223,-3978243.976,1540714.223,-3977243.976,2014,2014/2/10,,
ACT,Lambrigg Lookout,22,149.0468056,-35.47409722,149.040604,-35.479155,149.053009,-35.469039,1539714.223,-3978243.976,1540714.223,-3977243.976,2013,2013/6/4,,
ACT,Lambrigg Lookout,22,149.0468056,-35.47409722,149.040604,-35.479155,149.053009,-35.469039,1539714.223,-3978243.976,1540714.223,-3977243.976,2025,2025/9/5,,
ACT,Lambrigg Lookout,22,149.0468056,-35.47409722,149.040604,-35.479155,149.053009,-35.469039,1539714.223,-3978243.976,1540714.223,-3977243.976,2024,2024/2/25,2,one with cloud
ACT,Lambrigg Lookout,22,149.0468056,-35.47409722,149.040604,-35.479155,149.053009,-35.469039,1539714.223,-3978243.976,1540714.223,-3977243.976,2023,2023/4/5,,
ACT,Lambrigg Lookout,22,149.0468056,-35.47409722,149.040604,-35.479155,149.053009,-35.469039,1539714.223,-3978243.976,1540714.223,-3977243.976,2022,2022/12/9,,
ACT,Lambrigg Lookout,22,149.0468056,-35.47409722,149.040604,-35.479155,149.053009,-35.469039,1539714.223,-3978243.976,1540714.223,-3977243.976,2020,2020/8/30,,
ACT,Lambrigg Lookout,22,149.0468056,-35.47409722,149.040604,-35.479155,149.053009,-35.469039,1539714.223,-3978243.976,1540714.223,-3977243.976,2019,2019/11/17,2,
ACT,Lambrigg Lookout,22,149.0468056,-35.47409722,149.040604,-35.479155,149.053009,-35.469039,1539714.223,-3978243.976,1540714.223,-3977243.976,2018,2018/3/11,,
ACT,Lambrigg Lookout,22,149.0468056,-35.47409722,149.040604,-35.479155,149.053009,-35.469039,1539714.223,-3978243.976,1540714.223,-3977243.976,2017,2017/2/13,,
ACT,Lambrigg Lookout,22,149.0468056,-35.47409722,149.040604,-35.479155,149.053009,-35.469039,1539714.223,-3978243.976,1540714.223,-3977243.976,2016,2016/11/21,,
ACT,Lambrigg Lookout,22,149.0468056,-35.47409722,149.040604,-35.479155,149.053009,-35.469039,1539714.223,-3978243.976,1540714.223,-3977243.976,2015,2015/4/22,,(a lot of dark shade?
ACT,Lambrigg Lookout,22,149.0468056,-35.47409722,149.040604,-35.479155,149.053009,-35.469039,1539714.223,-3978243.976,1540714.223,-3977243.976,2013,2013/6/3,,(some cloud?)
ACT,Lambrigg Lookout,22,149.0468056,-35.47409722,149.040604,-35.479155,149.053009,-35.469039,1539714.223,-3978243.976,1540714.223,-3977243.976,2025,2025/8/11,,
ACT,Lambrigg Lookout,22,149.0468056,-35.47409722,149.040604,-35.479155,149.053009,-35.469039,1539714.223,-3978243.976,1540714.223,-3977243.976,2024,2024/2/19,,(cloud)
ACT,Lambrigg Lookout,22,149.0468056,-35.47409722,149.040604,-35.479155,149.053009,-35.469039,1539714.223,-3978243.976,1540714.223,-3977243.976,2022,2022/12/3,,
ACT,Lambrigg Lookout,22,149.0468056,-35.47409722,149.040604,-35.479155,149.053009,-35.469039,1539714.223,-3978243.976,1540714.223,-3977243.976,2020,2020/3/1,,(cloud)
ACT,Lambrigg Lookout,22,149.0468056,-35.47409722,149.040604,-35.479155,149.053009,-35.469039,1539714.223,-3978243.976,1540714.223,-3977243.976,2019,2019/4/17,,
ACT,Lambrigg Lookout,22,149.0468056,-35.47409722,149.040604,-35.479155,149.053009,-35.469039,1539714.223,-3978243.976,1540714.223,-3977243.976,2018,2018/3/10,,
ACT,Lambrigg Lookout,22,149.0468056,-35.47409722,149.040604,-35.479155,149.053009,-35.469039,1539714.223,-3978243.976,1540714.223,-3977243.976,2017,2017/1/12,2,
ACT,Lambrigg Lookout,22,149.0468056,-35.47409722,149.040604,-35.479155,149.053009,-35.469039,1539714.223,-3978243.976,1540714.223,-3977243.976,2016,2016/8/15,2,
ACT,Lambrigg Lookout,22,149.0468056,-35.47409722,149.040604,-35.479155,149.053009,-35.469039,1539714.223,-3978243.976,1540714.223,-3977243.976,2015,2015/2/23,,
ACT,Lambrigg Lookout,22,149.0468056,-35.47409722,149.040604,-35.479155,149.053009,-35.469039,1539714.223,-3978243.976,1540714.223,-3977243.976,2013,2013/5/26,,(cloud)
ACT,Lambrigg Lookout,22,149.0468056,-35.47409722,149.040604,-35.479155,149.053009,-35.469039,1539714.223,-3978243.976,1540714.223,-3977243.976,2025,2025/8/10,,
ACT,Lambrigg Lookout,22,149.0468056,-35.47409722,149.040604,-35.479155,149.053009,-35.469039,1539714.223,-3978243.976,1540714.223,-3977243.976,2024,2024/2/18,,
ACT,Lambrigg Lookout,22,149.0468056,-35.47409722,149.040604,-35.479155,149.053009,-35.469039,1539714.223,-3978243.976,1540714.223,-3977243.976,2022,2022/11/28,,(cloud)
ACT,Lambrigg Lookout,22,149.0468056,-35.47409722,149.040604,-35.479155,149.053009,-35.469039,1539714.223,-3978243.976,1540714.223,-3977243.976,2020,2020/2/24,,
ACT,Lambrigg Lookout,22,149.0468056,-35.47409722,149.040604,-35.479155,149.053009,-35.469039,1539714.223,-3978243.976,1540714.223,-3977243.976,2019,2019/4/10,,
ACT,Lambrigg Lookout,22,149.0468056,-35.47409722,149.040604,-35.479155,149.053009,-35.469039,1539714.223,-3978243.976,1540714.223,-3977243.976,2017,2017/1/11,,
ACT,Lambrigg Lookout,22,149.0468056,-35.47409722,149.040604,-35.479155,149.053009,-35.469039,1539714.223,-3978243.976,1540714.223,-3977243.976,2016,2016/6/29,,
ACT,Lambrigg Lookout,22,149.0468056,-35.47409722,149.040604,-35.479155,149.053009,-35.469039,1539714.223,-3978243.976,1540714.223,-3977243.976,2015,2015/2/22,,(cloud)
ACT,Lambrigg Lookout,22,149.0468056,-35.47409722,149.040604,-35.479155,149.053009,-35.469039,1539714.223,-3978243.976,1540714.223,-3977243.976,2013,2013/1/11,,
ACT,Lambrigg Lookout,22,149.0468056,-35.47409722,149.040604,-35.479155,149.053009,-35.469039,1539714.223,-3978243.976,1540714.223,-3977243.976,2025,2025/8/4,,(cloud)
ACT,Lambrigg Lookout,22,149.0468056,-35.47409722,149.040604,-35.479155,149.053009,-35.469039,1539714.223,-3978243.976,1540714.223,-3977243.976,2022,2022/11/27,,(cloud)
ACT,Lambrigg Lookout,22,149.0468056,-35.47409722,149.040604,-35.479155,149.053009,-35.469039,1539714.223,-3978243.976,1540714.223,-3977243.976,2020,2020/2/23,,(cloud)
ACT,Lambrigg Lookout,22,149.0468056,-35.47409722,149.040604,-35.479155,149.053009,-35.469039,1539714.223,-3978243.976,1540714.223,-3977243.976,2019,2019/3/15,,(cloud)
ACT,Lambrigg Lookout,22,149.0468056,-35.47409722,149.040604,-35.479155,149.053009,-35.469039,1539714.223,-3978243.976,1540714.223,-3977243.976,2017,2017/1/6,,(some cloud and shade?
ACT,Lambrigg Lookout,22,149.0468056,-35.47409722,149.040604,-35.479155,149.053009,-35.469039,1539714.223,-3978243.976,1540714.223,-3977243.976,2016,2016/5/16,,
ACT,Lambrigg Lookout,22,149.0468056,-35.47409722,149.040604,-35.479155,149.053009,-35.469039,1539714.223,-3978243.976,1540714.223,-3977243.976,2015,2015/2/10,,(cloud)
ACT,Lambrigg Lookout,22,149.0468056,-35.47409722,149.040604,-35.479155,149.053009,-35.469039,1539714.223,-3978243.976,1540714.223,-3977243.976,2013,2013/1/4,,
ACT,Lambrigg Lookout,22,149.0468056,-35.47409722,149.040604,-35.479155,149.053009,-35.469039,1539714.223,-3978243.976,1540714.223,-3977243.976,2022,2022/11/15,,(cloud)
ACT,Lambrigg Lookout,22,149.0468056,-35.47409722,149.040604,-35.479155,149.053009,-35.469039,1539714.223,-3978243.976,1540714.223,-3977243.976,2019,2019/3/10,,
ACT,Lambrigg Lookout,22,149.0468056,-35.47409722,149.040604,-35.479155,149.053009,-35.469039,1539714.223,-3978243.976,1540714.223,-3977243.976,2016,2016/4/26,,
ACT,Lambrigg Lookout,22,149.0468056,-35.47409722,149.040604,-35.479155,149.053009,-35.469039,1539714.223,-3978243.976,1540714.223,-3977243.976,2015,2015/2/9,,(cloud)
ACT,Lambrigg Lookout,22,149.0468056,-35.47409722,149.040604,-35.479155,149.053009,-35.469039,1539714.223,-3978243.976,1540714.223,-3977243.976,2019,2019/3/9,,
ACT,Lambrigg Lookout,22,149.0468056,-35.47409722,149.040604,-35.479155,149.053009,-35.469039,1539714.223,-3978243.976,1540714.223,-3977243.976,2016,2016/4/25,,
ACT,Lambrigg Lookout,22,149.0468056,-35.47409722,149.040604,-35.479155,149.053009,-35.469039,1539714.223,-3978243.976,1540714.223,-3977243.976,2015,2015/1/15,,
ACT,Lambrigg Lookout,22,149.0468056,-35.47409722,149.040604,-35.479155,149.053009,-35.469039,1539714.223,-3978243.976,1540714.223,-3977243.976,2019,2019/1/30,,
ACT,Lambrigg Lookout,22,149.0468056,-35.47409722,149.040604,-35.479155,149.053009,-35.469039,1539714.223,-3978243.976,1540714.223,-3977243.976,2016,2016/4/13,,(cloud)
ACT,Lambrigg Lookout,22,149.0468056,-35.47409722,149.040604,-35.479155,149.053009,-35.469039,1539714.223,-3978243.976,1540714.223,-3977243.976,2015,2015/1/14,,(cloud)
ACT,Lambrigg Lookout,22,149.0468056,-35.47409722,149.040604,-35.479155,149.053009,-35.469039,1539714.223,-3978243.976,1540714.223,-3977243.976,2016,2016/3/19,,
ACT,Lambrigg Lookout,22,149.0468056,-35.47409722,149.040604,-35.479155,149.053009,-35.469039,1539714.223,-3978243.976,1540714.223,-3977243.976,2016,2016/2/23,,
ACT,Lambrigg Lookout,22,149.0468056,-35.47409722,149.040604,-35.479155,149.053009,-35.469039,1539714.223,-3978243.976,1540714.223,-3977243.976,2016,2016/2/22,,
ACT,Lambrigg Lookout,22,149.0468056,-35.47409722,149.040604,-35.479155,149.053009,-35.469039,1539714.223,-3978243.976,1540714.223,-3977243.976,2016,2016/2/21,,(cloud)
ACT,Lambrigg Lookout,22,149.0468056,-35.47409722,149.040604,-35.479155,149.053009,-35.469039,1539714.223,-3978243.976,1540714.223,-3977243.976,2016,2016/2/20,,(cloud)
ACT,Road S of Lambrigg,23,149.0490361,-35.49891667,149.042832,-35.503976,149.05524,-35.493858,1539547.566,-3981004.198,1540547.566,-3980004.198,2026,2026/4/14,,
ACT,Road S of Lambrigg,23,149.0490361,-35.49891667,149.042832,-35.503976,149.05524,-35.493858,1539547.566,-3981004.198,1540547.566,-3980004.198,2025,2025/12/19,,
ACT,Road S of Lambrigg,23,149.0490361,-35.49891667,149.042832,-35.503976,149.05524,-35.493858,1539547.566,-3981004.198,1540547.566,-3980004.198,2024,2024/9/1,,
ACT,Road S of Lambrigg,23,149.0490361,-35.49891667,149.042832,-35.503976,149.05524,-35.493858,1539547.566,-3981004.198,1540547.566,-3980004.198,2023,2023/10/11,,
ACT,Road S of Lambrigg,23,149.0490361,-35.49891667,149.042832,-35.503976,149.05524,-35.493858,1539547.566,-3981004.198,1540547.566,-3980004.198,2022,2022/12/11,,
ACT,Road S of Lambrigg,23,149.0490361,-35.49891667,149.042832,-35.503976,149.05524,-35.493858,1539547.566,-3981004.198,1540547.566,-3980004.198,2021,2021/9/17,,
ACT,Road S of Lambrigg,23,149.0490361,-35.49891667,149.042832,-35.503976,149.05524,-35.493858,1539547.566,-3981004.198,1540547.566,-3980004.198,2020,2020/2/24,,
ACT,Road S of Lambrigg,23,149.0490361,-35.49891667,149.042832,-35.503976,149.05524,-35.493858,1539547.566,-3981004.198,1540547.566,-3980004.198,2019,2019/11/25,,
ACT,Road S of Lambrigg,23,149.0490361,-35.49891667,149.042832,-35.503976,149.05524,-35.493858,1539547.566,-3981004.198,1540547.566,-3980004.198,2018,2018/3/11,,
ACT,Road S of Lambrigg,23,149.0490361,-35.49891667,149.042832,-35.503976,149.05524,-35.493858,1539547.566,-3981004.198,1540547.566,-3980004.198,2017,2017/11/20,,
ACT,Road S of Lambrigg,23,149.0490361,-35.49891667,149.042832,-35.503976,149.05524,-35.493858,1539547.566,-3981004.198,1540547.566,-3980004.198,2016,2016/12/12,,(some cloud?)
ACT,Road S of Lambrigg,23,149.0490361,-35.49891667,149.042832,-35.503976,149.05524,-35.493858,1539547.566,-3981004.198,1540547.566,-3980004.198,2015,2015/4/29,,
ACT,Road S of Lambrigg,23,149.0490361,-35.49891667,149.042832,-35.503976,149.05524,-35.493858,1539547.566,-3981004.198,1540547.566,-3980004.198,2014,2014/2/11,,
ACT,Road S of Lambrigg,23,149.0490361,-35.49891667,149.042832,-35.503976,149.05524,-35.493858,1539547.566,-3981004.198,1540547.566,-3980004.198,2013,2013/9/7,,
ACT,Road S of Lambrigg,23,149.0490361,-35.49891667,149.042832,-35.503976,149.05524,-35.493858,1539547.566,-3981004.198,1540547.566,-3980004.198,2012,2012/12/28,,
ACT,Road S of Lambrigg,23,149.0490361,-35.49891667,149.042832,-35.503976,149.05524,-35.493858,1539547.566,-3981004.198,1540547.566,-3980004.198,2026,2026/4/9,,
ACT,Road S of Lambrigg,23,149.0490361,-35.49891667,149.042832,-35.503976,149.05524,-35.493858,1539547.566,-3981004.198,1540547.566,-3980004.198,2025,2025/12/7,,
ACT,Road S of Lambrigg,23,149.0490361,-35.49891667,149.042832,-35.503976,149.05524,-35.493858,1539547.566,-3981004.198,1540547.566,-3980004.198,2024,2024/2/26,,(cloud)
ACT,Road S of Lambrigg,23,149.0490361,-35.49891667,149.042832,-35.503976,149.05524,-35.493858,1539547.566,-3981004.198,1540547.566,-3980004.198,2023,2023/8/26,,
ACT,Road S of Lambrigg,23,149.0490361,-35.49891667,149.042832,-35.503976,149.05524,-35.493858,1539547.566,-3981004.198,1540547.566,-3980004.198,2022,2022/12/10,,
ACT,Road S of Lambrigg,23,149.0490361,-35.49891667,149.042832,-35.503976,149.05524,-35.493858,1539547.566,-3981004.198,1540547.566,-3980004.198,2021,2021/2/15,,
ACT,Road S of Lambrigg,23,149.0490361,-35.49891667,149.042832,-35.503976,149.05524,-35.493858,1539547.566,-3981004.198,1540547.566,-3980004.198,2020,2020/2/23,,(fog)
ACT,Road S of Lambrigg,23,149.0490361,-35.49891667,149.042832,-35.503976,149.05524,-35.493858,1539547.566,-3981004.198,1540547.566,-3980004.198,2019,2019/11/24,,(cloud)
ACT,Road S of Lambrigg,23,149.0490361,-35.49891667,149.042832,-35.503976,149.05524,-35.493858,1539547.566,-3981004.198,1540547.566,-3980004.198,2018,2018/3/10,,
ACT,Road S of Lambrigg,23,149.0490361,-35.49891667,149.042832,-35.503976,149.05524,-35.493858,1539547.566,-3981004.198,1540547.566,-3980004.198,2017,2017/5/16,,
ACT,Road S of Lambrigg,23,149.0490361,-35.49891667,149.042832,-35.503976,149.05524,-35.493858,1539547.566,-3981004.198,1540547.566,-3980004.198,2016,2016/12/11,,(some cloud and shade?
ACT,Road S of Lambrigg,23,149.0490361,-35.49891667,149.042832,-35.503976,149.05524,-35.493858,1539547.566,-3981004.198,1540547.566,-3980004.198,2015,2015/4/28,,
ACT,Road S of Lambrigg,23,149.0490361,-35.49891667,149.042832,-35.503976,149.05524,-35.493858,1539547.566,-3981004.198,1540547.566,-3980004.198,2014,2014/2/10,,
ACT,Road S of Lambrigg,23,149.0490361,-35.49891667,149.042832,-35.503976,149.05524,-35.493858,1539547.566,-3981004.198,1540547.566,-3980004.198,2013,2013/9/7,,
ACT,Road S of Lambrigg,23,149.0490361,-35.49891667,149.042832,-35.503976,149.05524,-35.493858,1539547.566,-3981004.198,1540547.566,-3980004.198,2025,2025/9/5,,
ACT,Road S of Lambrigg,23,149.0490361,-35.49891667,149.042832,-35.503976,149.05524,-35.493858,1539547.566,-3981004.198,1540547.566,-3980004.198,2024,2024/2/25,,
ACT,Road S of Lambrigg,23,149.0490361,-35.49891667,149.042832,-35.503976,149.05524,-35.493858,1539547.566,-3981004.198,1540547.566,-3980004.198,2023,2023/4/5,,
ACT,Road S of Lambrigg,23,149.0490361,-35.49891667,149.042832,-35.503976,149.05524,-35.493858,1539547.566,-3981004.198,1540547.566,-3980004.198,2022,2022/12/9,,
ACT,Road S of Lambrigg,23,149.0490361,-35.49891667,149.042832,-35.503976,149.05524,-35.493858,1539547.566,-3981004.198,1540547.566,-3980004.198,2021,2021/1/8,,
ACT,Road S of Lambrigg,23,149.0490361,-35.49891667,149.042832,-35.503976,149.05524,-35.493858,1539547.566,-3981004.198,1540547.566,-3980004.198,2019,2019/11/17,,
ACT,Road S of Lambrigg,23,149.0490361,-35.49891667,149.042832,-35.503976,149.05524,-35.493858,1539547.566,-3981004.198,1540547.566,-3980004.198,2017,2017/2/13,,
ACT,Road S of Lambrigg,23,149.0490361,-35.49891667,149.042832,-35.503976,149.05524,-35.493858,1539547.566,-3981004.198,1540547.566,-3980004.198,2016,2016/8/15,,
ACT,Road S of Lambrigg,23,149.0490361,-35.49891667,149.042832,-35.503976,149.05524,-35.493858,1539547.566,-3981004.198,1540547.566,-3980004.198,2015,2015/4/22,,(fog)
ACT,Road S of Lambrigg,23,149.0490361,-35.49891667,149.042832,-35.503976,149.05524,-35.493858,1539547.566,-3981004.198,1540547.566,-3980004.198,2013,2013/6/4,,
ACT,Road S of Lambrigg,23,149.0490361,-35.49891667,149.042832,-35.503976,149.05524,-35.493858,1539547.566,-3981004.198,1540547.566,-3980004.198,2025,2025/8/11,,
ACT,Road S of Lambrigg,23,149.0490361,-35.49891667,149.042832,-35.503976,149.05524,-35.493858,1539547.566,-3981004.198,1540547.566,-3980004.198,2024,2024/2/24,,(cloud)
ACT,Road S of Lambrigg,23,149.0490361,-35.49891667,149.042832,-35.503976,149.05524,-35.493858,1539547.566,-3981004.198,1540547.566,-3980004.198,2022,2022/12/3,,
ACT,Road S of Lambrigg,23,149.0490361,-35.49891667,149.042832,-35.503976,149.05524,-35.493858,1539547.566,-3981004.198,1540547.566,-3980004.198,2021,2020/10/15,,(cloud)
ACT,Road S of Lambrigg,23,149.0490361,-35.49891667,149.042832,-35.503976,149.05524,-35.493858,1539547.566,-3981004.198,1540547.566,-3980004.198,2019,2019/4/19,,
ACT,Road S of Lambrigg,23,149.0490361,-35.49891667,149.042832,-35.503976,149.05524,-35.493858,1539547.566,-3981004.198,1540547.566,-3980004.198,2017,2017/1/12,2,
ACT,Road S of Lambrigg,23,149.0490361,-35.49891667,149.042832,-35.503976,149.05524,-35.493858,1539547.566,-3981004.198,1540547.566,-3980004.198,2016,2016/6/29,,
ACT,Road S of Lambrigg,23,149.0490361,-35.49891667,149.042832,-35.503976,149.05524,-35.493858,1539547.566,-3981004.198,1540547.566,-3980004.198,2015,2015/2/23,,
ACT,Road S of Lambrigg,23,149.0490361,-35.49891667,149.042832,-35.503976,149.05524,-35.493858,1539547.566,-3981004.198,1540547.566,-3980004.198,2013,2013/6/3,,(fog)
ACT,Road S of Lambrigg,23,149.0490361,-35.49891667,149.042832,-35.503976,149.05524,-35.493858,1539547.566,-3981004.198,1540547.566,-3980004.198,2025,2025/8/10,,(some cloud)
ACT,Road S of Lambrigg,23,149.0490361,-35.49891667,149.042832,-35.503976,149.05524,-35.493858,1539547.566,-3981004.198,1540547.566,-3980004.198,2024,2024/2/19,,(some cloud)
ACT,Road S of Lambrigg,23,149.0490361,-35.49891667,149.042832,-35.503976,149.05524,-35.493858,1539547.566,-3981004.198,1540547.566,-3980004.198,2022,2022/11/28,,
ACT,Road S of Lambrigg,23,149.0490361,-35.49891667,149.042832,-35.503976,149.05524,-35.493858,1539547.566,-3981004.198,1540547.566,-3980004.198,2019,2019/3/10,,
ACT,Road S of Lambrigg,23,149.0490361,-35.49891667,149.042832,-35.503976,149.05524,-35.493858,1539547.566,-3981004.198,1540547.566,-3980004.198,2017,2017/1/11,,
ACT,Road S of Lambrigg,23,149.0490361,-35.49891667,149.042832,-35.503976,149.05524,-35.493858,1539547.566,-3981004.198,1540547.566,-3980004.198,2016,2016/5/16,,
ACT,Road S of Lambrigg,23,149.0490361,-35.49891667,149.042832,-35.503976,149.05524,-35.493858,1539547.566,-3981004.198,1540547.566,-3980004.198,2015,2015/2/22,,(some cloud)
ACT,Road S of Lambrigg,23,149.0490361,-35.49891667,149.042832,-35.503976,149.05524,-35.493858,1539547.566,-3981004.198,1540547.566,-3980004.198,2013,,,201300526 (some cloud)
ACT,Road S of Lambrigg,23,149.0490361,-35.49891667,149.042832,-35.503976,149.05524,-35.493858,1539547.566,-3981004.198,1540547.566,-3980004.198,2025,2025/8/4,,(cloud)
ACT,Road S of Lambrigg,23,149.0490361,-35.49891667,149.042832,-35.503976,149.05524,-35.493858,1539547.566,-3981004.198,1540547.566,-3980004.198,2024,2024/2/18,,
ACT,Road S of Lambrigg,23,149.0490361,-35.49891667,149.042832,-35.503976,149.05524,-35.493858,1539547.566,-3981004.198,1540547.566,-3980004.198,2022,2022/11/27,,
ACT,Road S of Lambrigg,23,149.0490361,-35.49891667,149.042832,-35.503976,149.05524,-35.493858,1539547.566,-3981004.198,1540547.566,-3980004.198,2019,2019/1/30,,
ACT,Road S of Lambrigg,23,149.0490361,-35.49891667,149.042832,-35.503976,149.05524,-35.493858,1539547.566,-3981004.198,1540547.566,-3980004.198,2017,2017/1/6,,
ACT,Road S of Lambrigg,23,149.0490361,-35.49891667,149.042832,-35.503976,149.05524,-35.493858,1539547.566,-3981004.198,1540547.566,-3980004.198,2016,2016/4/26,,
ACT,Road S of Lambrigg,23,149.0490361,-35.49891667,149.042832,-35.503976,149.05524,-35.493858,1539547.566,-3981004.198,1540547.566,-3980004.198,2015,2015/2/10,,(cloud)
ACT,Road S of Lambrigg,23,149.0490361,-35.49891667,149.042832,-35.503976,149.05524,-35.493858,1539547.566,-3981004.198,1540547.566,-3980004.198,2013,2013/1/11,,(some cloud)
ACT,Road S of Lambrigg,23,149.0490361,-35.49891667,149.042832,-35.503976,149.05524,-35.493858,1539547.566,-3981004.198,1540547.566,-3980004.198,2022,2022/11/15,,
ACT,Road S of Lambrigg,23,149.0490361,-35.49891667,149.042832,-35.503976,149.05524,-35.493858,1539547.566,-3981004.198,1540547.566,-3980004.198,2016,2016/4/25,,
ACT,Road S of Lambrigg,23,149.0490361,-35.49891667,149.042832,-35.503976,149.05524,-35.493858,1539547.566,-3981004.198,1540547.566,-3980004.198,2015,2015/2/9,,(cloud)
ACT,Road S of Lambrigg,23,149.0490361,-35.49891667,149.042832,-35.503976,149.05524,-35.493858,1539547.566,-3981004.198,1540547.566,-3980004.198,2013,2013/1/4,,
ACT,Road S of Lambrigg,23,149.0490361,-35.49891667,149.042832,-35.503976,149.05524,-35.493858,1539547.566,-3981004.198,1540547.566,-3980004.198,2016,2016/4/13,,(cloud)
ACT,Road S of Lambrigg,23,149.0490361,-35.49891667,149.042832,-35.503976,149.05524,-35.493858,1539547.566,-3981004.198,1540547.566,-3980004.198,2015,2015/1/15,,
ACT,Road S of Lambrigg,23,149.0490361,-35.49891667,149.042832,-35.503976,149.05524,-35.493858,1539547.566,-3981004.198,1540547.566,-3980004.198,2016,2016/3/19,,
ACT,Road S of Lambrigg,23,149.0490361,-35.49891667,149.042832,-35.503976,149.05524,-35.493858,1539547.566,-3981004.198,1540547.566,-3980004.198,2015,2015/1/14,,(cloud)
ACT,Road S of Lambrigg,23,149.0490361,-35.49891667,149.042832,-35.503976,149.05524,-35.493858,1539547.566,-3981004.198,1540547.566,-3980004.198,2016,2016/2/23,,
ACT,Road S of Lambrigg,23,149.0490361,-35.49891667,149.042832,-35.503976,149.05524,-35.493858,1539547.566,-3981004.198,1540547.566,-3980004.198,2016,2016/2/22,,
ACT,Road S of Lambrigg,23,149.0490361,-35.49891667,149.042832,-35.503976,149.05524,-35.493858,1539547.566,-3981004.198,1540547.566,-3980004.198,2016,2016/2/21,,(cloud)
ACT,Road S of Lambrigg,23,149.0490361,-35.49891667,149.042832,-35.503976,149.05524,-35.493858,1539547.566,-3981004.198,1540547.566,-3980004.198,2016,2016/2/20,,(cloud)
ACT,E of Tharwa,24,149.0879194,-35.50103611,149.081714,-35.506096,149.094125,-35.495976,1543007.544,-3981706.789,1544007.544,-3980706.789,2026,2026/4/14,,
ACT,E of Tharwa,24,149.0879194,-35.50103611,149.081714,-35.506096,149.094125,-35.495976,1543007.544,-3981706.789,1544007.544,-3980706.789,2025,2025/12/19,,
ACT,E of Tharwa,24,149.0879194,-35.50103611,149.081714,-35.506096,149.094125,-35.495976,1543007.544,-3981706.789,1544007.544,-3980706.789,2024,2024/9/1,,
ACT,E of Tharwa,24,149.0879194,-35.50103611,149.081714,-35.506096,149.094125,-35.495976,1543007.544,-3981706.789,1544007.544,-3980706.789,2023,2023/10/11,,
ACT,E of Tharwa,24,149.0879194,-35.50103611,149.081714,-35.506096,149.094125,-35.495976,1543007.544,-3981706.789,1544007.544,-3980706.789,2022,2022/12/11,,
ACT,E of Tharwa,24,149.0879194,-35.50103611,149.081714,-35.506096,149.094125,-35.495976,1543007.544,-3981706.789,1544007.544,-3980706.789,2021,2021/9/17,,
ACT,E of Tharwa,24,149.0879194,-35.50103611,149.081714,-35.506096,149.094125,-35.495976,1543007.544,-3981706.789,1544007.544,-3980706.789,2020,2020/10/15,,
ACT,E of Tharwa,24,149.0879194,-35.50103611,149.081714,-35.506096,149.094125,-35.495976,1543007.544,-3981706.789,1544007.544,-3980706.789,2019,2019/11/25,,
ACT,E of Tharwa,24,149.0879194,-35.50103611,149.081714,-35.506096,149.094125,-35.495976,1543007.544,-3981706.789,1544007.544,-3980706.789,2018,2018/3/11,,
ACT,E of Tharwa,24,149.0879194,-35.50103611,149.081714,-35.506096,149.094125,-35.495976,1543007.544,-3981706.789,1544007.544,-3980706.789,2017,2017/11/20,,
ACT,E of Tharwa,24,149.0879194,-35.50103611,149.081714,-35.506096,149.094125,-35.495976,1543007.544,-3981706.789,1544007.544,-3980706.789,2016,2016/12/12,,(some cloud and shade?
ACT,E of Tharwa,24,149.0879194,-35.50103611,149.081714,-35.506096,149.094125,-35.495976,1543007.544,-3981706.789,1544007.544,-3980706.789,2015,2015/11/18,,(some shade?)
ACT,E of Tharwa,24,149.0879194,-35.50103611,149.081714,-35.506096,149.094125,-35.495976,1543007.544,-3981706.789,1544007.544,-3980706.789,2014,2014/2/12,,very dark
ACT,E of Tharwa,24,149.0879194,-35.50103611,149.081714,-35.506096,149.094125,-35.495976,1543007.544,-3981706.789,1544007.544,-3980706.789,2013,2013/6/4,2,
ACT,E of Tharwa,24,149.0879194,-35.50103611,149.081714,-35.506096,149.094125,-35.495976,1543007.544,-3981706.789,1544007.544,-3980706.789,2012,2012/12/21,,
ACT,E of Tharwa,24,149.0879194,-35.50103611,149.081714,-35.506096,149.094125,-35.495976,1543007.544,-3981706.789,1544007.544,-3980706.789,2026,2026/4/9,,
ACT,E of Tharwa,24,149.0879194,-35.50103611,149.081714,-35.506096,149.094125,-35.495976,1543007.544,-3981706.789,1544007.544,-3980706.789,2025,2025/12/7,,
ACT,E of Tharwa,24,149.0879194,-35.50103611,149.081714,-35.506096,149.094125,-35.495976,1543007.544,-3981706.789,1544007.544,-3980706.789,2024,2024/2/26,,(cloud)
ACT,E of Tharwa,24,149.0879194,-35.50103611,149.081714,-35.506096,149.094125,-35.495976,1543007.544,-3981706.789,1544007.544,-3980706.789,2023,2023/8/26,,
ACT,E of Tharwa,24,149.0879194,-35.50103611,149.081714,-35.506096,149.094125,-35.495976,1543007.544,-3981706.789,1544007.544,-3980706.789,2022,2022/12/10,,(some cloud?)
ACT,E of Tharwa,24,149.0879194,-35.50103611,149.081714,-35.506096,149.094125,-35.495976,1543007.544,-3981706.789,1544007.544,-3980706.789,2021,2021/2/15,,
ACT,E of Tharwa,24,149.0879194,-35.50103611,149.081714,-35.506096,149.094125,-35.495976,1543007.544,-3981706.789,1544007.544,-3980706.789,2020,2020/10/8,,(cloud)
ACT,E of Tharwa,24,149.0879194,-35.50103611,149.081714,-35.506096,149.094125,-35.495976,1543007.544,-3981706.789,1544007.544,-3980706.789,2019,2019/11/24,,(cloud)
ACT,E of Tharwa,24,149.0879194,-35.50103611,149.081714,-35.506096,149.094125,-35.495976,1543007.544,-3981706.789,1544007.544,-3980706.789,2018,2018/3/10,,(some shade?)
ACT,E of Tharwa,24,149.0879194,-35.50103611,149.081714,-35.506096,149.094125,-35.495976,1543007.544,-3981706.789,1544007.544,-3980706.789,2017,2017/5/16,,
ACT,E of Tharwa,24,149.0879194,-35.50103611,149.081714,-35.506096,149.094125,-35.495976,1543007.544,-3981706.789,1544007.544,-3980706.789,2016,2016/12/11,,(some shade?
ACT,E of Tharwa,24,149.0879194,-35.50103611,149.081714,-35.506096,149.094125,-35.495976,1543007.544,-3981706.789,1544007.544,-3980706.789,2015,2015/4/29,,
ACT,E of Tharwa,24,149.0879194,-35.50103611,149.081714,-35.506096,149.094125,-35.495976,1543007.544,-3981706.789,1544007.544,-3980706.789,2014,2014/2/11,2,
ACT,E of Tharwa,24,149.0879194,-35.50103611,149.081714,-35.506096,149.094125,-35.495976,1543007.544,-3981706.789,1544007.544,-3980706.789,2013,2013/6/3,,
ACT,E of Tharwa,24,149.0879194,-35.50103611,149.081714,-35.506096,149.094125,-35.495976,1543007.544,-3981706.789,1544007.544,-3980706.789,2012,2012/11/13,,
ACT,E of Tharwa,24,149.0879194,-35.50103611,149.081714,-35.506096,149.094125,-35.495976,1543007.544,-3981706.789,1544007.544,-3980706.789,2025,2025/9/5,,
ACT,E of Tharwa,24,149.0879194,-35.50103611,149.081714,-35.506096,149.094125,-35.495976,1543007.544,-3981706.789,1544007.544,-3980706.789,2024,2024/2/25,,
ACT,E of Tharwa,24,149.0879194,-35.50103611,149.081714,-35.506096,149.094125,-35.495976,1543007.544,-3981706.789,1544007.544,-3980706.789,2023,2023/4/5,,
ACT,E of Tharwa,24,149.0879194,-35.50103611,149.081714,-35.506096,149.094125,-35.495976,1543007.544,-3981706.789,1544007.544,-3980706.789,2022,2022/12/9,,
ACT,E of Tharwa,24,149.0879194,-35.50103611,149.081714,-35.506096,149.094125,-35.495976,1543007.544,-3981706.789,1544007.544,-3980706.789,2021,2021/1/8,,(cloud)
ACT,E of Tharwa,24,149.0879194,-35.50103611,149.081714,-35.506096,149.094125,-35.495976,1543007.544,-3981706.789,1544007.544,-3980706.789,2020,2020/2/24,,
ACT,E of Tharwa,24,149.0879194,-35.50103611,149.081714,-35.506096,149.094125,-35.495976,1543007.544,-3981706.789,1544007.544,-3980706.789,2019,2019/11/17,,
ACT,E of Tharwa,24,149.0879194,-35.50103611,149.081714,-35.506096,149.094125,-35.495976,1543007.544,-3981706.789,1544007.544,-3980706.789,2017,2017/2/13,,
ACT,E of Tharwa,24,149.0879194,-35.50103611,149.081714,-35.506096,149.094125,-35.495976,1543007.544,-3981706.789,1544007.544,-3980706.789,2016,2016/8/15,,
ACT,E of Tharwa,24,149.0879194,-35.50103611,149.081714,-35.506096,149.094125,-35.495976,1543007.544,-3981706.789,1544007.544,-3980706.789,2015,2015/4/28,,
ACT,E of Tharwa,24,149.0879194,-35.50103611,149.081714,-35.506096,149.094125,-35.495976,1543007.544,-3981706.789,1544007.544,-3980706.789,2014,2014/2/10,2,
ACT,E of Tharwa,24,149.0879194,-35.50103611,149.081714,-35.506096,149.094125,-35.495976,1543007.544,-3981706.789,1544007.544,-3980706.789,2013,2013/5/25,,(cloud)
ACT,E of Tharwa,24,149.0879194,-35.50103611,149.081714,-35.506096,149.094125,-35.495976,1543007.544,-3981706.789,1544007.544,-3980706.789,2025,2025/8/11,,
ACT,E of Tharwa,24,149.0879194,-35.50103611,149.081714,-35.506096,149.094125,-35.495976,1543007.544,-3981706.789,1544007.544,-3980706.789,2024,2024/2/24,,(some shade?
ACT,E of Tharwa,24,149.0879194,-35.50103611,149.081714,-35.506096,149.094125,-35.495976,1543007.544,-3981706.789,1544007.544,-3980706.789,2022,2022/12/3,,
ACT,E of Tharwa,24,149.0879194,-35.50103611,149.081714,-35.506096,149.094125,-35.495976,1543007.544,-3981706.789,1544007.544,-3980706.789,2020,2020/2/23,,(cloud)
ACT,E of Tharwa,24,149.0879194,-35.50103611,149.081714,-35.506096,149.094125,-35.495976,1543007.544,-3981706.789,1544007.544,-3980706.789,2019,2019/4/17,,
ACT,E of Tharwa,24,149.0879194,-35.50103611,149.081714,-35.506096,149.094125,-35.495976,1543007.544,-3981706.789,1544007.544,-3980706.789,2017,2017/1/12,,
ACT,E of Tharwa,24,149.0879194,-35.50103611,149.081714,-35.506096,149.094125,-35.495976,1543007.544,-3981706.789,1544007.544,-3980706.789,2016,2016/6/29,,
ACT,E of Tharwa,24,149.0879194,-35.50103611,149.081714,-35.506096,149.094125,-35.495976,1543007.544,-3981706.789,1544007.544,-3980706.789,2015,2015/4/22,,
ACT,E of Tharwa,24,149.0879194,-35.50103611,149.081714,-35.506096,149.094125,-35.495976,1543007.544,-3981706.789,1544007.544,-3980706.789,2014,2014/9/7,2,
ACT,E of Tharwa,24,149.0879194,-35.50103611,149.081714,-35.506096,149.094125,-35.495976,1543007.544,-3981706.789,1544007.544,-3980706.789,2013,2013/1/4,,
ACT,E of Tharwa,24,149.0879194,-35.50103611,149.081714,-35.506096,149.094125,-35.495976,1543007.544,-3981706.789,1544007.544,-3980706.789,2025,2025/8/10,,(some cloud and very dark)
ACT,E of Tharwa,24,149.0879194,-35.50103611,149.081714,-35.506096,149.094125,-35.495976,1543007.544,-3981706.789,1544007.544,-3980706.789,2024,2024/2/19,,(some cloud and shade?
ACT,E of Tharwa,24,149.0879194,-35.50103611,149.081714,-35.506096,149.094125,-35.495976,1543007.544,-3981706.789,1544007.544,-3980706.789,2022,2022/11/28,,(some cloud)
ACT,E of Tharwa,24,149.0879194,-35.50103611,149.081714,-35.506096,149.094125,-35.495976,1543007.544,-3981706.789,1544007.544,-3980706.789,2019,2019/3/10,,
ACT,E of Tharwa,24,149.0879194,-35.50103611,149.081714,-35.506096,149.094125,-35.495976,1543007.544,-3981706.789,1544007.544,-3980706.789,2017,2017/1/12,,
ACT,E of Tharwa,24,149.0879194,-35.50103611,149.081714,-35.506096,149.094125,-35.495976,1543007.544,-3981706.789,1544007.544,-3980706.789,2016,2016/5/16,,
ACT,E of Tharwa,24,149.0879194,-35.50103611,149.081714,-35.506096,149.094125,-35.495976,1543007.544,-3981706.789,1544007.544,-3980706.789,2015,2015/2/23,,
ACT,E of Tharwa,24,149.0879194,-35.50103611,149.081714,-35.506096,149.094125,-35.495976,1543007.544,-3981706.789,1544007.544,-3980706.789,2025,2025/8/4,,(cloud)
ACT,E of Tharwa,24,149.0879194,-35.50103611,149.081714,-35.506096,149.094125,-35.495976,1543007.544,-3981706.789,1544007.544,-3980706.789,2024,2024/2/18,,
ACT,E of Tharwa,24,149.0879194,-35.50103611,149.081714,-35.506096,149.094125,-35.495976,1543007.544,-3981706.789,1544007.544,-3980706.789,2022,2022/11/27,,(cloud)
ACT,E of Tharwa,24,149.0879194,-35.50103611,149.081714,-35.506096,149.094125,-35.495976,1543007.544,-3981706.789,1544007.544,-3980706.789,2019,2019/1/30,,
ACT,E of Tharwa,24,149.0879194,-35.50103611,149.081714,-35.506096,149.094125,-35.495976,1543007.544,-3981706.789,1544007.544,-3980706.789,2017,2017/1/11,,
ACT,E of Tharwa,24,149.0879194,-35.50103611,149.081714,-35.506096,149.094125,-35.495976,1543007.544,-3981706.789,1544007.544,-3980706.789,2016,2016/4/26,,
ACT,E of Tharwa,24,149.0879194,-35.50103611,149.081714,-35.506096,149.094125,-35.495976,1543007.544,-3981706.789,1544007.544,-3980706.789,2015,2015/2/22,,(cloud)
ACT,E of Tharwa,24,149.0879194,-35.50103611,149.081714,-35.506096,149.094125,-35.495976,1543007.544,-3981706.789,1544007.544,-3980706.789,2022,2022/11/15,,
ACT,E of Tharwa,24,149.0879194,-35.50103611,149.081714,-35.506096,149.094125,-35.495976,1543007.544,-3981706.789,1544007.544,-3980706.789,2017,2017/1/6,,(some cloud and shade?
ACT,E of Tharwa,24,149.0879194,-35.50103611,149.081714,-35.506096,149.094125,-35.495976,1543007.544,-3981706.789,1544007.544,-3980706.789,2016,2016/4/25,,
ACT,E of Tharwa,24,149.0879194,-35.50103611,149.081714,-35.506096,149.094125,-35.495976,1543007.544,-3981706.789,1544007.544,-3980706.789,2015,2015/2/10,,(cloud)
ACT,E of Tharwa,24,149.0879194,-35.50103611,149.081714,-35.506096,149.094125,-35.495976,1543007.544,-3981706.789,1544007.544,-3980706.789,2016,2016/4/13,,(cloud)
ACT,E of Tharwa,24,149.0879194,-35.50103611,149.081714,-35.506096,149.094125,-35.495976,1543007.544,-3981706.789,1544007.544,-3980706.789,2015,2015/2/9,,(cloud)
ACT,E of Tharwa,24,149.0879194,-35.50103611,149.081714,-35.506096,149.094125,-35.495976,1543007.544,-3981706.789,1544007.544,-3980706.789,2016,2016/3/19,,
ACT,E of Tharwa,24,149.0879194,-35.50103611,149.081714,-35.506096,149.094125,-35.495976,1543007.544,-3981706.789,1544007.544,-3980706.789,2015,2015/1/15,,
ACT,E of Tharwa,24,149.0879194,-35.50103611,149.081714,-35.506096,149.094125,-35.495976,1543007.544,-3981706.789,1544007.544,-3980706.789,2016,2016/2/23,,
ACT,E of Tharwa,24,149.0879194,-35.50103611,149.081714,-35.506096,149.094125,-35.495976,1543007.544,-3981706.789,1544007.544,-3980706.789,2015,2015/1/14,,(cloud)
ACT,E of Tharwa,24,149.0879194,-35.50103611,149.081714,-35.506096,149.094125,-35.495976,1543007.544,-3981706.789,1544007.544,-3980706.789,2016,2016/2/22,,
ACT,E of Tharwa,24,149.0879194,-35.50103611,149.081714,-35.506096,149.094125,-35.495976,1543007.544,-3981706.789,1544007.544,-3980706.789,2016,2016/2/21,,(cloud)
ACT,E of Tharwa,24,149.0879194,-35.50103611,149.081714,-35.506096,149.094125,-35.495976,1543007.544,-3981706.789,1544007.544,-3980706.789,2016,2016/2/20,,(cloud)
ACT,S of Banks,25,149.0867861,-35.48375278,149.080582,-35.488813,149.092991,-35.478693,1543161.888,-3979789.892,1544161.888,-3978789.892,2026,2026/4/14,,
ACT,S of Banks,25,149.0867861,-35.48375278,149.080582,-35.488813,149.092991,-35.478693,1543161.888,-3979789.892,1544161.888,-3978789.892,2025,2025/12/19,,
ACT,S of Banks,25,149.0867861,-35.48375278,149.080582,-35.488813,149.092991,-35.478693,1543161.888,-3979789.892,1544161.888,-3978789.892,2024,2024/9/1,,
ACT,S of Banks,25,149.0867861,-35.48375278,149.080582,-35.488813,149.092991,-35.478693,1543161.888,-3979789.892,1544161.888,-3978789.892,2023,2023/10/11,,
ACT,S of Banks,25,149.0867861,-35.48375278,149.080582,-35.488813,149.092991,-35.478693,1543161.888,-3979789.892,1544161.888,-3978789.892,2022,2022/12/11,,
ACT,S of Banks,25,149.0867861,-35.48375278,149.080582,-35.488813,149.092991,-35.478693,1543161.888,-3979789.892,1544161.888,-3978789.892,2021,2021/9/17,,
ACT,S of Banks,25,149.0867861,-35.48375278,149.080582,-35.488813,149.092991,-35.478693,1543161.888,-3979789.892,1544161.888,-3978789.892,2020,2020/10/15,,
ACT,S of Banks,25,149.0867861,-35.48375278,149.080582,-35.488813,149.092991,-35.478693,1543161.888,-3979789.892,1544161.888,-3978789.892,2019,2019/11/25,,
ACT,S of Banks,25,149.0867861,-35.48375278,149.080582,-35.488813,149.092991,-35.478693,1543161.888,-3979789.892,1544161.888,-3978789.892,2018,2018/9/14,,
ACT,S of Banks,25,149.0867861,-35.48375278,149.080582,-35.488813,149.092991,-35.478693,1543161.888,-3979789.892,1544161.888,-3978789.892,2017,2017/11/20,,
ACT,S of Banks,25,149.0867861,-35.48375278,149.080582,-35.488813,149.092991,-35.478693,1543161.888,-3979789.892,1544161.888,-3978789.892,2016,2016/12/12,,(cloud)
ACT,S of Banks,25,149.0867861,-35.48375278,149.080582,-35.488813,149.092991,-35.478693,1543161.888,-3979789.892,1544161.888,-3978789.892,2015,2015/11/18,,
ACT,S of Banks,25,149.0867861,-35.48375278,149.080582,-35.488813,149.092991,-35.478693,1543161.888,-3979789.892,1544161.888,-3978789.892,2014,2014/8/20,,
ACT,S of Banks,25,149.0867861,-35.48375278,149.080582,-35.488813,149.092991,-35.478693,1543161.888,-3979789.892,1544161.888,-3978789.892,2013,2013/9/7,2,
ACT,S of Banks,25,149.0867861,-35.48375278,149.080582,-35.488813,149.092991,-35.478693,1543161.888,-3979789.892,1544161.888,-3978789.892,2012,2012/11/13,,
ACT,S of Banks,25,149.0867861,-35.48375278,149.080582,-35.488813,149.092991,-35.478693,1543161.888,-3979789.892,1544161.888,-3978789.892,2026,2026/4/9,,
ACT,S of Banks,25,149.0867861,-35.48375278,149.080582,-35.488813,149.092991,-35.478693,1543161.888,-3979789.892,1544161.888,-3978789.892,2025,2025/12/7,,
ACT,S of Banks,25,149.0867861,-35.48375278,149.080582,-35.488813,149.092991,-35.478693,1543161.888,-3979789.892,1544161.888,-3978789.892,2024,2024/2/26,,(cloud)
ACT,S of Banks,25,149.0867861,-35.48375278,149.080582,-35.488813,149.092991,-35.478693,1543161.888,-3979789.892,1544161.888,-3978789.892,2023,2023/8/26,,
ACT,S of Banks,25,149.0867861,-35.48375278,149.080582,-35.488813,149.092991,-35.478693,1543161.888,-3979789.892,1544161.888,-3978789.892,2022,2022/10/10,,
ACT,S of Banks,25,149.0867861,-35.48375278,149.080582,-35.488813,149.092991,-35.478693,1543161.888,-3979789.892,1544161.888,-3978789.892,2021,2021/2/15,,
ACT,S of Banks,25,149.0867861,-35.48375278,149.080582,-35.488813,149.092991,-35.478693,1543161.888,-3979789.892,1544161.888,-3978789.892,2020,2020/10/8,,(cloud)
ACT,S of Banks,25,149.0867861,-35.48375278,149.080582,-35.488813,149.092991,-35.478693,1543161.888,-3979789.892,1544161.888,-3978789.892,2019,2019/11/24,,(cloud)
ACT,S of Banks,25,149.0867861,-35.48375278,149.080582,-35.488813,149.092991,-35.478693,1543161.888,-3979789.892,1544161.888,-3978789.892,2018,2018/9/3,,(cloud)
ACT,S of Banks,25,149.0867861,-35.48375278,149.080582,-35.488813,149.092991,-35.478693,1543161.888,-3979789.892,1544161.888,-3978789.892,2017,2017/5/16,,
ACT,S of Banks,25,149.0867861,-35.48375278,149.080582,-35.488813,149.092991,-35.478693,1543161.888,-3979789.892,1544161.888,-3978789.892,2016,2016/12/11,2,
ACT,S of Banks,25,149.0867861,-35.48375278,149.080582,-35.488813,149.092991,-35.478693,1543161.888,-3979789.892,1544161.888,-3978789.892,2015,2015/4/29,,
ACT,S of Banks,25,149.0867861,-35.48375278,149.080582,-35.488813,149.092991,-35.478693,1543161.888,-3979789.892,1544161.888,-3978789.892,2014,2014/2/12,,(dark)
ACT,S of Banks,25,149.0867861,-35.48375278,149.080582,-35.488813,149.092991,-35.478693,1543161.888,-3979789.892,1544161.888,-3978789.892,2013,2013/6/4,2,
ACT,S of Banks,25,149.0867861,-35.48375278,149.080582,-35.488813,149.092991,-35.478693,1543161.888,-3979789.892,1544161.888,-3978789.892,2025,2025/9/5,,
ACT,S of Banks,25,149.0867861,-35.48375278,149.080582,-35.488813,149.092991,-35.478693,1543161.888,-3979789.892,1544161.888,-3978789.892,2024,2024/2/25,,
ACT,S of Banks,25,149.0867861,-35.48375278,149.080582,-35.488813,149.092991,-35.478693,1543161.888,-3979789.892,1544161.888,-3978789.892,2023,2023/4/5,,
ACT,S of Banks,25,149.0867861,-35.48375278,149.080582,-35.488813,149.092991,-35.478693,1543161.888,-3979789.892,1544161.888,-3978789.892,2022,2022/12/9,,
ACT,S of Banks,25,149.0867861,-35.48375278,149.080582,-35.488813,149.092991,-35.478693,1543161.888,-3979789.892,1544161.888,-3978789.892,2020,2020/8/30,,
ACT,S of Banks,25,149.0867861,-35.48375278,149.080582,-35.488813,149.092991,-35.478693,1543161.888,-3979789.892,1544161.888,-3978789.892,2019,2019/11/17,,
ACT,S of Banks,25,149.0867861,-35.48375278,149.080582,-35.488813,149.092991,-35.478693,1543161.888,-3979789.892,1544161.888,-3978789.892,2018,2018/3/11,,
ACT,S of Banks,25,149.0867861,-35.48375278,149.080582,-35.488813,149.092991,-35.478693,1543161.888,-3979789.892,1544161.888,-3978789.892,2017,2017/2/13,,
ACT,S of Banks,25,149.0867861,-35.48375278,149.080582,-35.488813,149.092991,-35.478693,1543161.888,-3979789.892,1544161.888,-3978789.892,2016,2016/11/21,,
ACT,S of Banks,25,149.0867861,-35.48375278,149.080582,-35.488813,149.092991,-35.478693,1543161.888,-3979789.892,1544161.888,-3978789.892,2015,2015/4/28,,
ACT,S of Banks,25,149.0867861,-35.48375278,149.080582,-35.488813,149.092991,-35.478693,1543161.888,-3979789.892,1544161.888,-3978789.892,2014,2014/2/11,2,
ACT,S of Banks,25,149.0867861,-35.48375278,149.080582,-35.488813,149.092991,-35.478693,1543161.888,-3979789.892,1544161.888,-3978789.892,2013,2013/6/3,,
ACT,S of Banks,25,149.0867861,-35.48375278,149.080582,-35.488813,149.092991,-35.478693,1543161.888,-3979789.892,1544161.888,-3978789.892,2025,2025/8/11,,
ACT,S of Banks,25,149.0867861,-35.48375278,149.080582,-35.488813,149.092991,-35.478693,1543161.888,-3979789.892,1544161.888,-3978789.892,2024,2024/2/24,,
ACT,S of Banks,25,149.0867861,-35.48375278,149.080582,-35.488813,149.092991,-35.478693,1543161.888,-3979789.892,1544161.888,-3978789.892,2022,2022/12/3,,
ACT,S of Banks,25,149.0867861,-35.48375278,149.080582,-35.488813,149.092991,-35.478693,1543161.888,-3979789.892,1544161.888,-3978789.892,2020,2020/3/1,,(fog)
ACT,S of Banks,25,149.0867861,-35.48375278,149.080582,-35.488813,149.092991,-35.478693,1543161.888,-3979789.892,1544161.888,-3978789.892,2019,2019/4/17,,
ACT,S of Banks,25,149.0867861,-35.48375278,149.080582,-35.488813,149.092991,-35.478693,1543161.888,-3979789.892,1544161.888,-3978789.892,2018,2018/3/10,,
ACT,S of Banks,25,149.0867861,-35.48375278,149.080582,-35.488813,149.092991,-35.478693,1543161.888,-3979789.892,1544161.888,-3978789.892,2017,2017/1/12,2,
ACT,S of Banks,25,149.0867861,-35.48375278,149.080582,-35.488813,149.092991,-35.478693,1543161.888,-3979789.892,1544161.888,-3978789.892,2016,2016/9/5,,
ACT,S of Banks,25,149.0867861,-35.48375278,149.080582,-35.488813,149.092991,-35.478693,1543161.888,-3979789.892,1544161.888,-3978789.892,2015,2015/4/22,,
ACT,S of Banks,25,149.0867861,-35.48375278,149.080582,-35.488813,149.092991,-35.478693,1543161.888,-3979789.892,1544161.888,-3978789.892,2014,2014/2/10,2,
ACT,S of Banks,25,149.0867861,-35.48375278,149.080582,-35.488813,149.092991,-35.478693,1543161.888,-3979789.892,1544161.888,-3978789.892,2013,2013/5/26,,
ACT,S of Banks,25,149.0867861,-35.48375278,149.080582,-35.488813,149.092991,-35.478693,1543161.888,-3979789.892,1544161.888,-3978789.892,2025,2025/8/10,,(shade?)
ACT,S of Banks,25,149.0867861,-35.48375278,149.080582,-35.488813,149.092991,-35.478693,1543161.888,-3979789.892,1544161.888,-3978789.892,2024,2024/2/19,,(cloud)
ACT,S of Banks,25,149.0867861,-35.48375278,149.080582,-35.488813,149.092991,-35.478693,1543161.888,-3979789.892,1544161.888,-3978789.892,2022,2022/11/28,,
ACT,S of Banks,25,149.0867861,-35.48375278,149.080582,-35.488813,149.092991,-35.478693,1543161.888,-3979789.892,1544161.888,-3978789.892,2020,2020/2/24,,
ACT,S of Banks,25,149.0867861,-35.48375278,149.080582,-35.488813,149.092991,-35.478693,1543161.888,-3979789.892,1544161.888,-3978789.892,2019,2019/4/10,,
ACT,S of Banks,25,149.0867861,-35.48375278,149.080582,-35.488813,149.092991,-35.478693,1543161.888,-3979789.892,1544161.888,-3978789.892,2017,2017/1/11,,
ACT,S of Banks,25,149.0867861,-35.48375278,149.080582,-35.488813,149.092991,-35.478693,1543161.888,-3979789.892,1544161.888,-3978789.892,2016,2016/8/15,2,
ACT,S of Banks,25,149.0867861,-35.48375278,149.080582,-35.488813,149.092991,-35.478693,1543161.888,-3979789.892,1544161.888,-3978789.892,2015,2015/2/23,,
ACT,S of Banks,25,149.0867861,-35.48375278,149.080582,-35.488813,149.092991,-35.478693,1543161.888,-3979789.892,1544161.888,-3978789.892,2013,2013/1/4,,
ACT,S of Banks,25,149.0867861,-35.48375278,149.080582,-35.488813,149.092991,-35.478693,1543161.888,-3979789.892,1544161.888,-3978789.892,2025,2025/8/4,,(cloud)
ACT,S of Banks,25,149.0867861,-35.48375278,149.080582,-35.488813,149.092991,-35.478693,1543161.888,-3979789.892,1544161.888,-3978789.892,2024,2024/2/18,,
ACT,S of Banks,25,149.0867861,-35.48375278,149.080582,-35.488813,149.092991,-35.478693,1543161.888,-3979789.892,1544161.888,-3978789.892,2022,2022/11/27,,(cloud)
ACT,S of Banks,25,149.0867861,-35.48375278,149.080582,-35.488813,149.092991,-35.478693,1543161.888,-3979789.892,1544161.888,-3978789.892,2020,2020/2/23,,(fog)
ACT,S of Banks,25,149.0867861,-35.48375278,149.080582,-35.488813,149.092991,-35.478693,1543161.888,-3979789.892,1544161.888,-3978789.892,2019,2019/3/15,,(cloud)
ACT,S of Banks,25,149.0867861,-35.48375278,149.080582,-35.488813,149.092991,-35.478693,1543161.888,-3979789.892,1544161.888,-3978789.892,2017,2017/1/6,,
ACT,S of Banks,25,149.0867861,-35.48375278,149.080582,-35.488813,149.092991,-35.478693,1543161.888,-3979789.892,1544161.888,-3978789.892,2016,2016/7/14,,
ACT,S of Banks,25,149.0867861,-35.48375278,149.080582,-35.488813,149.092991,-35.478693,1543161.888,-3979789.892,1544161.888,-3978789.892,2015,2015/2/22,,(cloud)
ACT,S of Banks,25,149.0867861,-35.48375278,149.080582,-35.488813,149.092991,-35.478693,1543161.888,-3979789.892,1544161.888,-3978789.892,2022,2022/11/15,,(some cloud)
ACT,S of Banks,25,149.0867861,-35.48375278,149.080582,-35.488813,149.092991,-35.478693,1543161.888,-3979789.892,1544161.888,-3978789.892,2019,2019/3/10,,
ACT,S of Banks,25,149.0867861,-35.48375278,149.080582,-35.488813,149.092991,-35.478693,1543161.888,-3979789.892,1544161.888,-3978789.892,2016,2016/9/29,,
ACT,S of Banks,25,149.0867861,-35.48375278,149.080582,-35.488813,149.092991,-35.478693,1543161.888,-3979789.892,1544161.888,-3978789.892,2015,2015/2/10,,(cloud)
ACT,S of Banks,25,149.0867861,-35.48375278,149.080582,-35.488813,149.092991,-35.478693,1543161.888,-3979789.892,1544161.888,-3978789.892,2019,2019/1/30,,
ACT,S of Banks,25,149.0867861,-35.48375278,149.080582,-35.488813,149.092991,-35.478693,1543161.888,-3979789.892,1544161.888,-3978789.892,2016,2016/5/16,,
ACT,S of Banks,25,149.0867861,-35.48375278,149.080582,-35.488813,149.092991,-35.478693,1543161.888,-3979789.892,1544161.888,-3978789.892,2015,2015/2/9,,(cloud)
ACT,S of Banks,25,149.0867861,-35.48375278,149.080582,-35.488813,149.092991,-35.478693,1543161.888,-3979789.892,1544161.888,-3978789.892,2016,2016/4/26,,
ACT,S of Banks,25,149.0867861,-35.48375278,149.080582,-35.488813,149.092991,-35.478693,1543161.888,-3979789.892,1544161.888,-3978789.892,2015,2015/1/15,,
ACT,S of Banks,25,149.0867861,-35.48375278,149.080582,-35.488813,149.092991,-35.478693,1543161.888,-3979789.892,1544161.888,-3978789.892,2016,2016/4/25,,
ACT,S of Banks,25,149.0867861,-35.48375278,149.080582,-35.488813,149.092991,-35.478693,1543161.888,-3979789.892,1544161.888,-3978789.892,2015,2015/1/14,,(cloud)
ACT,S of Banks,25,149.0867861,-35.48375278,149.080582,-35.488813,149.092991,-35.478693,1543161.888,-3979789.892,1544161.888,-3978789.892,2016,2016/4/13,,(cloud)
ACT,S of Banks,25,149.0867861,-35.48375278,149.080582,-35.488813,149.092991,-35.478693,1543161.888,-3979789.892,1544161.888,-3978789.892,2016,2016/3/19,,
ACT,S of Banks,25,149.0867861,-35.48375278,149.080582,-35.488813,149.092991,-35.478693,1543161.888,-3979789.892,1544161.888,-3978789.892,2016,2016/2/23,,
ACT,S of Banks,25,149.0867861,-35.48375278,149.080582,-35.488813,149.092991,-35.478693,1543161.888,-3979789.892,1544161.888,-3978789.892,2016,2016/2/22,,
ACT,S of Banks,25,149.0867861,-35.48375278,149.080582,-35.488813,149.092991,-35.478693,1543161.888,-3979789.892,1544161.888,-3978789.892,2016,2016/2/21,,(cloud)
ACT,S of Banks,25,149.0867861,-35.48375278,149.080582,-35.488813,149.092991,-35.478693,1543161.888,-3979789.892,1544161.888,-3978789.892,2016,2016/2/20,,(cloud)
ACT,Callum Brae Nature Reserve,26,149.1415444,-35.35525556,149.135345,-35.360316,149.147743,-35.350196,1549989.497,-3966300.585,1550989.497,-3965300.585,2026,2026/4/14,,(some cloud)
ACT,Callum Brae Nature Reserve,26,149.1415444,-35.35525556,149.135345,-35.360316,149.147743,-35.350196,1549989.497,-3966300.585,1550989.497,-3965300.585,2025,2025/12/7,,
ACT,Callum Brae Nature Reserve,26,149.1415444,-35.35525556,149.135345,-35.360316,149.147743,-35.350196,1549989.497,-3966300.585,1550989.497,-3965300.585,2024,2024/9/1,2,
ACT,Callum Brae Nature Reserve,26,149.1415444,-35.35525556,149.135345,-35.360316,149.147743,-35.350196,1549989.497,-3966300.585,1550989.497,-3965300.585,2023,2023/10/29,,
ACT,Callum Brae Nature Reserve,26,149.1415444,-35.35525556,149.135345,-35.360316,149.147743,-35.350196,1549989.497,-3966300.585,1550989.497,-3965300.585,2022,2022/12/3,,
ACT,Callum Brae Nature Reserve,26,149.1415444,-35.35525556,149.135345,-35.360316,149.147743,-35.350196,1549989.497,-3966300.585,1550989.497,-3965300.585,2021,2021/9/23,,(cloud)
ACT,Callum Brae Nature Reserve,26,149.1415444,-35.35525556,149.135345,-35.360316,149.147743,-35.350196,1549989.497,-3966300.585,1550989.497,-3965300.585,2020,2020/12/6,,(cloud)
ACT,Callum Brae Nature Reserve,26,149.1415444,-35.35525556,149.135345,-35.360316,149.147743,-35.350196,1549989.497,-3966300.585,1550989.497,-3965300.585,2019,2019/11/25,2,
ACT,Callum Brae Nature Reserve,26,149.1415444,-35.35525556,149.135345,-35.360316,149.147743,-35.350196,1549989.497,-3966300.585,1550989.497,-3965300.585,2018,2018/12/28,2,
ACT,Callum Brae Nature Reserve,26,149.1415444,-35.35525556,149.135345,-35.360316,149.147743,-35.350196,1549989.497,-3966300.585,1550989.497,-3965300.585,2017,2017/11/7,,
ACT,Callum Brae Nature Reserve,26,149.1415444,-35.35525556,149.135345,-35.360316,149.147743,-35.350196,1549989.497,-3966300.585,1550989.497,-3965300.585,2016,2016/12/23,,
ACT,Callum Brae Nature Reserve,26,149.1415444,-35.35525556,149.135345,-35.360316,149.147743,-35.350196,1549989.497,-3966300.585,1550989.497,-3965300.585,2015,2015/12/6,,
ACT,Callum Brae Nature Reserve,26,149.1415444,-35.35525556,149.135345,-35.360316,149.147743,-35.350196,1549989.497,-3966300.585,1550989.497,-3965300.585,2014,2014/8/20,,
ACT,Callum Brae Nature Reserve,26,149.1415444,-35.35525556,149.135345,-35.360316,149.147743,-35.350196,1549989.497,-3966300.585,1550989.497,-3965300.585,2013,2013/9/7,,
ACT,Callum Brae Nature Reserve,26,149.1415444,-35.35525556,149.135345,-35.360316,149.147743,-35.350196,1549989.497,-3966300.585,1550989.497,-3965300.585,2012,2012/11/13,,
ACT,Callum Brae Nature Reserve,26,149.1415444,-35.35525556,149.135345,-35.360316,149.147743,-35.350196,1549989.497,-3966300.585,1550989.497,-3965300.585,2026,2026/4/9,2,
ACT,Callum Brae Nature Reserve,26,149.1415444,-35.35525556,149.135345,-35.360316,149.147743,-35.350196,1549989.497,-3966300.585,1550989.497,-3965300.585,2025,2025/9/5,2,". one with some cloud, one ok)"
ACT,Callum Brae Nature Reserve,26,149.1415444,-35.35525556,149.135345,-35.360316,149.147743,-35.350196,1549989.497,-3966300.585,1550989.497,-3965300.585,2024,2024/2/18,,
ACT,Callum Brae Nature Reserve,26,149.1415444,-35.35525556,149.135345,-35.360316,149.147743,-35.350196,1549989.497,-3966300.585,1550989.497,-3965300.585,2023,2023/10/27,,(cloud)
ACT,Callum Brae Nature Reserve,26,149.1415444,-35.35525556,149.135345,-35.360316,149.147743,-35.350196,1549989.497,-3966300.585,1550989.497,-3965300.585,2022,2022/11/28,,(cloud)
ACT,Callum Brae Nature Reserve,26,149.1415444,-35.35525556,149.135345,-35.360316,149.147743,-35.350196,1549989.497,-3966300.585,1550989.497,-3965300.585,2021,2021/9/23,,(some cloud?)
ACT,Callum Brae Nature Reserve,26,149.1415444,-35.35525556,149.135345,-35.360316,149.147743,-35.350196,1549989.497,-3966300.585,1550989.497,-3965300.585,2020,2020/12/6,,
ACT,Callum Brae Nature Reserve,26,149.1415444,-35.35525556,149.135345,-35.360316,149.147743,-35.350196,1549989.497,-3966300.585,1550989.497,-3965300.585,2019,2019/11/17,,(some cloud)
ACT,Callum Brae Nature Reserve,26,149.1415444,-35.35525556,149.135345,-35.360316,149.147743,-35.350196,1549989.497,-3966300.585,1550989.497,-3965300.585,2018,2018/9/14,2,
ACT,Callum Brae Nature Reserve,26,149.1415444,-35.35525556,149.135345,-35.360316,149.147743,-35.350196,1549989.497,-3966300.585,1550989.497,-3965300.585,2017,2017/8/28,,
ACT,Callum Brae Nature Reserve,26,149.1415444,-35.35525556,149.135345,-35.360316,149.147743,-35.350196,1549989.497,-3966300.585,1550989.497,-3965300.585,2016,2016/12/18,,(cloud and shade?
ACT,Callum Brae Nature Reserve,26,149.1415444,-35.35525556,149.135345,-35.360316,149.147743,-35.350196,1549989.497,-3966300.585,1550989.497,-3965300.585,2015,2015/11/18,,
ACT,Callum Brae Nature Reserve,26,149.1415444,-35.35525556,149.135345,-35.360316,149.147743,-35.350196,1549989.497,-3966300.585,1550989.497,-3965300.585,2014,2014/8/14,,
ACT,Callum Brae Nature Reserve,26,149.1415444,-35.35525556,149.135345,-35.360316,149.147743,-35.350196,1549989.497,-3966300.585,1550989.497,-3965300.585,2013,2013/6/4,,
ACT,Callum Brae Nature Reserve,26,149.1415444,-35.35525556,149.135345,-35.360316,149.147743,-35.350196,1549989.497,-3966300.585,1550989.497,-3965300.585,2026,2026/4/8,,(some cloud)
ACT,Callum Brae Nature Reserve,26,149.1415444,-35.35525556,149.135345,-35.360316,149.147743,-35.350196,1549989.497,-3966300.585,1550989.497,-3965300.585,2025,2025/8/11,,
ACT,Callum Brae Nature Reserve,26,149.1415444,-35.35525556,149.135345,-35.360316,149.147743,-35.350196,1549989.497,-3966300.585,1550989.497,-3965300.585,2023,2023/10/11,,
ACT,Callum Brae Nature Reserve,26,149.1415444,-35.35525556,149.135345,-35.360316,149.147743,-35.350196,1549989.497,-3966300.585,1550989.497,-3965300.585,2022,2022/11/27,,(cloud)
ACT,Callum Brae Nature Reserve,26,149.1415444,-35.35525556,149.135345,-35.360316,149.147743,-35.350196,1549989.497,-3966300.585,1550989.497,-3965300.585,2021,2021/2/28,,(shade?)
ACT,Callum Brae Nature Reserve,26,149.1415444,-35.35525556,149.135345,-35.360316,149.147743,-35.350196,1549989.497,-3966300.585,1550989.497,-3965300.585,2020,2020/10/1,,
ACT,Callum Brae Nature Reserve,26,149.1415444,-35.35525556,149.135345,-35.360316,149.147743,-35.350196,1549989.497,-3966300.585,1550989.497,-3965300.585,2019,2019/11/12,,(some cloud)
ACT,Callum Brae Nature Reserve,26,149.1415444,-35.35525556,149.135345,-35.360316,149.147743,-35.350196,1549989.497,-3966300.585,1550989.497,-3965300.585,2018,2018/9/3,,(cloud)
ACT,Callum Brae Nature Reserve,26,149.1415444,-35.35525556,149.135345,-35.360316,149.147743,-35.350196,1549989.497,-3966300.585,1550989.497,-3965300.585,2017,2017/3/6,,
ACT,Callum Brae Nature Reserve,26,149.1415444,-35.35525556,149.135345,-35.360316,149.147743,-35.350196,1549989.497,-3966300.585,1550989.497,-3965300.585,2016,2016/12/12,,(some cloud)
ACT,Callum Brae Nature Reserve,26,149.1415444,-35.35525556,149.135345,-35.360316,149.147743,-35.350196,1549989.497,-3966300.585,1550989.497,-3965300.585,2015,2015/4/29,2,
ACT,Callum Brae Nature Reserve,26,149.1415444,-35.35525556,149.135345,-35.360316,149.147743,-35.350196,1549989.497,-3966300.585,1550989.497,-3965300.585,2014,2014/2/10,2,
ACT,Callum Brae Nature Reserve,26,149.1415444,-35.35525556,149.135345,-35.360316,149.147743,-35.350196,1549989.497,-3966300.585,1550989.497,-3965300.585,2013,2013/6/3,,
ACT,Callum Brae Nature Reserve,26,149.1415444,-35.35525556,149.135345,-35.360316,149.147743,-35.350196,1549989.497,-3966300.585,1550989.497,-3965300.585,2025,2025/8/10,,(cloud)
ACT,Callum Brae Nature Reserve,26,149.1415444,-35.35525556,149.135345,-35.360316,149.147743,-35.350196,1549989.497,-3966300.585,1550989.497,-3965300.585,2023,2023/9/28,,
ACT,Callum Brae Nature Reserve,26,149.1415444,-35.35525556,149.135345,-35.360316,149.147743,-35.350196,1549989.497,-3966300.585,1550989.497,-3965300.585,2022,2022/11/27,,
ACT,Callum Brae Nature Reserve,26,149.1415444,-35.35525556,149.135345,-35.360316,149.147743,-35.350196,1549989.497,-3966300.585,1550989.497,-3965300.585,2021,2021/2/15,2,some cloud and shade?
ACT,Callum Brae Nature Reserve,26,149.1415444,-35.35525556,149.135345,-35.360316,149.147743,-35.350196,1549989.497,-3966300.585,1550989.497,-3965300.585,2020,2020/9/24,,(shade? very dark)
ACT,Callum Brae Nature Reserve,26,149.1415444,-35.35525556,149.135345,-35.360316,149.147743,-35.350196,1549989.497,-3966300.585,1550989.497,-3965300.585,2019,2019/4/10,2,
ACT,Callum Brae Nature Reserve,26,149.1415444,-35.35525556,149.135345,-35.360316,149.147743,-35.350196,1549989.497,-3966300.585,1550989.497,-3965300.585,2018,2018/3/30,,
ACT,Callum Brae Nature Reserve,26,149.1415444,-35.35525556,149.135345,-35.360316,149.147743,-35.350196,1549989.497,-3966300.585,1550989.497,-3965300.585,2017,2017/3/6,,
ACT,Callum Brae Nature Reserve,26,149.1415444,-35.35525556,149.135345,-35.360316,149.147743,-35.350196,1549989.497,-3966300.585,1550989.497,-3965300.585,2016,2016/12/11,,(some cloud and shade?
ACT,Callum Brae Nature Reserve,26,149.1415444,-35.35525556,149.135345,-35.360316,149.147743,-35.350196,1549989.497,-3966300.585,1550989.497,-3965300.585,2015,2015/4/28,,
ACT,Callum Brae Nature Reserve,26,149.1415444,-35.35525556,149.135345,-35.360316,149.147743,-35.350196,1549989.497,-3966300.585,1550989.497,-3965300.585,2014,2014/1/17,2,
ACT,Callum Brae Nature Reserve,26,149.1415444,-35.35525556,149.135345,-35.360316,149.147743,-35.350196,1549989.497,-3966300.585,1550989.497,-3965300.585,2013,2013/1/4,,
ACT,Callum Brae Nature Reserve,26,149.1415444,-35.35525556,149.135345,-35.360316,149.147743,-35.350196,1549989.497,-3966300.585,1550989.497,-3965300.585,2023,2023/9/5,,(some cloud?)
ACT,Callum Brae Nature Reserve,26,149.1415444,-35.35525556,149.135345,-35.360316,149.147743,-35.350196,1549989.497,-3966300.585,1550989.497,-3965300.585,2022,2022/11/21,,(cloud)
ACT,Callum Brae Nature Reserve,26,149.1415444,-35.35525556,149.135345,-35.360316,149.147743,-35.350196,1549989.497,-3966300.585,1550989.497,-3965300.585,2020,2020/8/30,,
ACT,Callum Brae Nature Reserve,26,149.1415444,-35.35525556,149.135345,-35.360316,149.147743,-35.350196,1549989.497,-3966300.585,1550989.497,-3965300.585,2019,2019/3/15,,(cloud)
ACT,Callum Brae Nature Reserve,26,149.1415444,-35.35525556,149.135345,-35.360316,149.147743,-35.350196,1549989.497,-3966300.585,1550989.497,-3965300.585,2018,2018/3/11,,
ACT,Callum Brae Nature Reserve,26,149.1415444,-35.35525556,149.135345,-35.360316,149.147743,-35.350196,1549989.497,-3966300.585,1550989.497,-3965300.585,2017,2017/2/13,2,
ACT,Callum Brae Nature Reserve,26,149.1415444,-35.35525556,149.135345,-35.360316,149.147743,-35.350196,1549989.497,-3966300.585,1550989.497,-3965300.585,2016,2016/11/21,,(fog?)
ACT,Callum Brae Nature Reserve,26,149.1415444,-35.35525556,149.135345,-35.360316,149.147743,-35.350196,1549989.497,-3966300.585,1550989.497,-3965300.585,2015,2015/4/23,,(dark)
ACT,Callum Brae Nature Reserve,26,149.1415444,-35.35525556,149.135345,-35.360316,149.147743,-35.350196,1549989.497,-3966300.585,1550989.497,-3965300.585,2023,2023/9/4,,
ACT,Callum Brae Nature Reserve,26,149.1415444,-35.35525556,149.135345,-35.360316,149.147743,-35.350196,1549989.497,-3966300.585,1550989.497,-3965300.585,2022,2022/11/14,,(some cloud?)
ACT,Callum Brae Nature Reserve,26,149.1415444,-35.35525556,149.135345,-35.360316,149.147743,-35.350196,1549989.497,-3966300.585,1550989.497,-3965300.585,2020,2020/8/24,,
ACT,Callum Brae Nature Reserve,26,149.1415444,-35.35525556,149.135345,-35.360316,149.147743,-35.350196,1549989.497,-3966300.585,1550989.497,-3965300.585,2019,2019/3/10,2,
ACT,Callum Brae Nature Reserve,26,149.1415444,-35.35525556,149.135345,-35.360316,149.147743,-35.350196,1549989.497,-3966300.585,1550989.497,-3965300.585,2018,2018/3/10,,
ACT,Callum Brae Nature Reserve,26,149.1415444,-35.35525556,149.135345,-35.360316,149.147743,-35.350196,1549989.497,-3966300.585,1550989.497,-3965300.585,2017,2017/1/12,3,
ACT,Callum Brae Nature Reserve,26,149.1415444,-35.35525556,149.135345,-35.360316,149.147743,-35.350196,1549989.497,-3966300.585,1550989.497,-3965300.585,2016,2016/9/5,,(cloud)
ACT,Callum Brae Nature Reserve,26,149.1415444,-35.35525556,149.135345,-35.360316,149.147743,-35.350196,1549989.497,-3966300.585,1550989.497,-3965300.585,2015,2015/4/22,2,some cloud)
ACT,Callum Brae Nature Reserve,26,149.1415444,-35.35525556,149.135345,-35.360316,149.147743,-35.350196,1549989.497,-3966300.585,1550989.497,-3965300.585,2023,2023/9/3,,
ACT,Callum Brae Nature Reserve,26,149.1415444,-35.35525556,149.135345,-35.360316,149.147743,-35.350196,1549989.497,-3966300.585,1550989.497,-3965300.585,2022,2022/11/14,,(cloud)
ACT,Callum Brae Nature Reserve,26,149.1415444,-35.35525556,149.135345,-35.360316,149.147743,-35.350196,1549989.497,-3966300.585,1550989.497,-3965300.585,2020,2020/7/9,,(cloud)
ACT,Callum Brae Nature Reserve,26,149.1415444,-35.35525556,149.135345,-35.360316,149.147743,-35.350196,1549989.497,-3966300.585,1550989.497,-3965300.585,2019,2019/3/9,,(cloud)
ACT,Callum Brae Nature Reserve,26,149.1415444,-35.35525556,149.135345,-35.360316,149.147743,-35.350196,1549989.497,-3966300.585,1550989.497,-3965300.585,2017,2017/1/11,,(some shade?
ACT,Callum Brae Nature Reserve,26,149.1415444,-35.35525556,149.135345,-35.360316,149.147743,-35.350196,1549989.497,-3966300.585,1550989.497,-3965300.585,2016,2016/8/15,3,
ACT,Callum Brae Nature Reserve,26,149.1415444,-35.35525556,149.135345,-35.360316,149.147743,-35.350196,1549989.497,-3966300.585,1550989.497,-3965300.585,2015,2015/3/2,,
ACT,Callum Brae Nature Reserve,26,149.1415444,-35.35525556,149.135345,-35.360316,149.147743,-35.350196,1549989.497,-3966300.585,1550989.497,-3965300.585,2023,2023/9/1,,(dark)
ACT,Callum Brae Nature Reserve,26,149.1415444,-35.35525556,149.135345,-35.360316,149.147743,-35.350196,1549989.497,-3966300.585,1550989.497,-3965300.585,2022,2022/10/25,,(cloud)
ACT,Callum Brae Nature Reserve,26,149.1415444,-35.35525556,149.135345,-35.360316,149.147743,-35.350196,1549989.497,-3966300.585,1550989.497,-3965300.585,2020,2020/7/9,2,
ACT,Callum Brae Nature Reserve,26,149.1415444,-35.35525556,149.135345,-35.360316,149.147743,-35.350196,1549989.497,-3966300.585,1550989.497,-3965300.585,2017,2017/1/6,,
ACT,Callum Brae Nature Reserve,26,149.1415444,-35.35525556,149.135345,-35.360316,149.147743,-35.350196,1549989.497,-3966300.585,1550989.497,-3965300.585,2016,2016/8/3,2,cloud)
ACT,Callum Brae Nature Reserve,26,149.1415444,-35.35525556,149.135345,-35.360316,149.147743,-35.350196,1549989.497,-3966300.585,1550989.497,-3965300.585,2015,2015/2/10,,(cloud)
ACT,Callum Brae Nature Reserve,26,149.1415444,-35.35525556,149.135345,-35.360316,149.147743,-35.350196,1549989.497,-3966300.585,1550989.497,-3965300.585,2023,2023/8/26,,
ACT,Callum Brae Nature Reserve,26,149.1415444,-35.35525556,149.135345,-35.360316,149.147743,-35.350196,1549989.497,-3966300.585,1550989.497,-3965300.585,2022,2022/5/2,,
ACT,Callum Brae Nature Reserve,26,149.1415444,-35.35525556,149.135345,-35.360316,149.147743,-35.350196,1549989.497,-3966300.585,1550989.497,-3965300.585,2020,2020/6/25,2,onw with shade?one ok)
ACT,Callum Brae Nature Reserve,26,149.1415444,-35.35525556,149.135345,-35.360316,149.147743,-35.350196,1549989.497,-3966300.585,1550989.497,-3965300.585,2016,2016/7/14,,
ACT,Callum Brae Nature Reserve,26,149.1415444,-35.35525556,149.135345,-35.360316,149.147743,-35.350196,1549989.497,-3966300.585,1550989.497,-3965300.585,2015,2015/2/9,,(cloud)
ACT,Callum Brae Nature Reserve,26,149.1415444,-35.35525556,149.135345,-35.360316,149.147743,-35.350196,1549989.497,-3966300.585,1550989.497,-3965300.585,2023,2023/8/26,,
ACT,Callum Brae Nature Reserve,26,149.1415444,-35.35525556,149.135345,-35.360316,149.147743,-35.350196,1549989.497,-3966300.585,1550989.497,-3965300.585,2022,2022/5/1,,
ACT,Callum Brae Nature Reserve,26,149.1415444,-35.35525556,149.135345,-35.360316,149.147743,-35.350196,1549989.497,-3966300.585,1550989.497,-3965300.585,2020,2020/6/19,2,one cloud one some cloud?)
ACT,Callum Brae Nature Reserve,26,149.1415444,-35.35525556,149.135345,-35.360316,149.147743,-35.350196,1549989.497,-3966300.585,1550989.497,-3965300.585,2016,2016/6/25,,
ACT,Callum Brae Nature Reserve,26,149.1415444,-35.35525556,149.135345,-35.360316,149.147743,-35.350196,1549989.497,-3966300.585,1550989.497,-3965300.585,2015,2015/1/15,,
ACT,Callum Brae Nature Reserve,26,149.1415444,-35.35525556,149.135345,-35.360316,149.147743,-35.350196,1549989.497,-3966300.585,1550989.497,-3965300.585,2023,2023/4/18,,(cloud)
ACT,Callum Brae Nature Reserve,26,149.1415444,-35.35525556,149.135345,-35.360316,149.147743,-35.350196,1549989.497,-3966300.585,1550989.497,-3965300.585,2022,2022/4/5,,
ACT,Callum Brae Nature Reserve,26,149.1415444,-35.35525556,149.135345,-35.360316,149.147743,-35.350196,1549989.497,-3966300.585,1550989.497,-3965300.585,2020,2020/3/1,,
ACT,Callum Brae Nature Reserve,26,149.1415444,-35.35525556,149.135345,-35.360316,149.147743,-35.350196,1549989.497,-3966300.585,1550989.497,-3965300.585,2016,2016/5/16,,
ACT,Callum Brae Nature Reserve,26,149.1415444,-35.35525556,149.135345,-35.360316,149.147743,-35.350196,1549989.497,-3966300.585,1550989.497,-3965300.585,2015,2015/1/14,,(shade? very dark)
ACT,Callum Brae Nature Reserve,26,149.1415444,-35.35525556,149.135345,-35.360316,149.147743,-35.350196,1549989.497,-3966300.585,1550989.497,-3965300.585,2023,2023/4/5,,(some cloud)
ACT,Callum Brae Nature Reserve,26,149.1415444,-35.35525556,149.135345,-35.360316,149.147743,-35.350196,1549989.497,-3966300.585,1550989.497,-3965300.585,2022,2022/4/1,,(cloud)
ACT,Callum Brae Nature Reserve,26,149.1415444,-35.35525556,149.135345,-35.360316,149.147743,-35.350196,1549989.497,-3966300.585,1550989.497,-3965300.585,2016,2016/4/14,,
ACT,Callum Brae Nature Reserve,26,149.1415444,-35.35525556,149.135345,-35.360316,149.147743,-35.350196,1549989.497,-3966300.585,1550989.497,-3965300.585,2023,2023/4/5,,
ACT,Callum Brae Nature Reserve,26,149.1415444,-35.35525556,149.135345,-35.360316,149.147743,-35.350196,1549989.497,-3966300.585,1550989.497,-3965300.585,2022,2022/2/13,,(cloud)
ACT,Callum Brae Nature Reserve,26,149.1415444,-35.35525556,149.135345,-35.360316,149.147743,-35.350196,1549989.497,-3966300.585,1550989.497,-3965300.585,2016,2016/4/13,,(cloud)
ACT,Callum Brae Nature Reserve,26,149.1415444,-35.35525556,149.135345,-35.360316,149.147743,-35.350196,1549989.497,-3966300.585,1550989.497,-3965300.585,2022,2022/2/12,,(shade?
ACT,Callum Brae Nature Reserve,26,149.1415444,-35.35525556,149.135345,-35.360316,149.147743,-35.350196,1549989.497,-3966300.585,1550989.497,-3965300.585,2016,2016/4/12,,(cloud)
ACT,Callum Brae Nature Reserve,26,149.1415444,-35.35525556,149.135345,-35.360316,149.147743,-35.350196,1549989.497,-3966300.585,1550989.497,-3965300.585,2022,2022/2/8,,(some cloud?)
ACT,Callum Brae Nature Reserve,26,149.1415444,-35.35525556,149.135345,-35.360316,149.147743,-35.350196,1549989.497,-3966300.585,1550989.497,-3965300.585,2016,2016/3/19,,
ACT,Callum Brae Nature Reserve,26,149.1415444,-35.35525556,149.135345,-35.360316,149.147743,-35.350196,1549989.497,-3966300.585,1550989.497,-3965300.585,2022,2022/1/20,,(cloud)
ACT,Callum Brae Nature Reserve,26,149.1415444,-35.35525556,149.135345,-35.360316,149.147743,-35.350196,1549989.497,-3966300.585,1550989.497,-3965300.585,2016,2016/2/23,,
ACT,Callum Brae Nature Reserve,26,149.1415444,-35.35525556,149.135345,-35.360316,149.147743,-35.350196,1549989.497,-3966300.585,1550989.497,-3965300.585,2016,2016/2/22,,"(cloud, fog?)"
ACT,Callum Brae Nature Reserve,26,149.1415444,-35.35525556,149.135345,-35.360316,149.147743,-35.350196,1549989.497,-3966300.585,1550989.497,-3965300.585,2016,2016/2/2,2,"one with cloud, one ok)"
ACT,SW of Hall,27,149.0491611,-35.17771111,149.042976,-35.182766,149.055346,-35.172656,1544309.429,-3945618.923,1545309.429,-3944618.923,2026,2026/4/14,,
ACT,SW of Hall,27,149.0491611,-35.17771111,149.042976,-35.182766,149.055346,-35.172656,1544309.429,-3945618.923,1545309.429,-3944618.923,2025,2025/12/7,,
ACT,SW of Hall,27,149.0491611,-35.17771111,149.042976,-35.182766,149.055346,-35.172656,1544309.429,-3945618.923,1545309.429,-3944618.923,2024,2024/9/6,2,
ACT,SW of Hall,27,149.0491611,-35.17771111,149.042976,-35.182766,149.055346,-35.172656,1544309.429,-3945618.923,1545309.429,-3944618.923,2023,2023/12/23,,
ACT,SW of Hall,27,149.0491611,-35.17771111,149.042976,-35.182766,149.055346,-35.172656,1544309.429,-3945618.923,1545309.429,-3944618.923,2022,2022/2/3,,
ACT,SW of Hall,27,149.0491611,-35.17771111,149.042976,-35.182766,149.055346,-35.172656,1544309.429,-3945618.923,1545309.429,-3944618.923,2021,2021/9/17,,
ACT,SW of Hall,27,149.0491611,-35.17771111,149.042976,-35.182766,149.055346,-35.172656,1544309.429,-3945618.923,1545309.429,-3944618.923,2020,2020/12/6,2,cloud)
ACT,SW of Hall,27,149.0491611,-35.17771111,149.042976,-35.182766,149.055346,-35.172656,1544309.429,-3945618.923,1545309.429,-3944618.923,2019,2019/11/25,,
ACT,SW of Hall,27,149.0491611,-35.17771111,149.042976,-35.182766,149.055346,-35.172656,1544309.429,-3945618.923,1545309.429,-3944618.923,2018,2018/9/14,,
ACT,SW of Hall,27,149.0491611,-35.17771111,149.042976,-35.182766,149.055346,-35.172656,1544309.429,-3945618.923,1545309.429,-3944618.923,2017,2017/12/10,,
ACT,SW of Hall,27,149.0491611,-35.17771111,149.042976,-35.182766,149.055346,-35.172656,1544309.429,-3945618.923,1545309.429,-3944618.923,2016,2016/12/12,,
ACT,SW of Hall,27,149.0491611,-35.17771111,149.042976,-35.182766,149.055346,-35.172656,1544309.429,-3945618.923,1545309.429,-3944618.923,2015,2015/10/20,,
ACT,SW of Hall,27,149.0491611,-35.17771111,149.042976,-35.182766,149.055346,-35.172656,1544309.429,-3945618.923,1545309.429,-3944618.923,2014,2014/8/20,,
ACT,SW of Hall,27,149.0491611,-35.17771111,149.042976,-35.182766,149.055346,-35.172656,1544309.429,-3945618.923,1545309.429,-3944618.923,2013,2013/9/7,2,
ACT,SW of Hall,27,149.0491611,-35.17771111,149.042976,-35.182766,149.055346,-35.172656,1544309.429,-3945618.923,1545309.429,-3944618.923,2012,2012/12/28,,
ACT,SW of Hall,27,149.0491611,-35.17771111,149.042976,-35.182766,149.055346,-35.172656,1544309.429,-3945618.923,1545309.429,-3944618.923,2026,2026/4/9,,(dark)
ACT,SW of Hall,27,149.0491611,-35.17771111,149.042976,-35.182766,149.055346,-35.172656,1544309.429,-3945618.923,1545309.429,-3944618.923,2025,2025/9/5,,
ACT,SW of Hall,27,149.0491611,-35.17771111,149.042976,-35.182766,149.055346,-35.172656,1544309.429,-3945618.923,1545309.429,-3944618.923,2024,2024/1/22,,
ACT,SW of Hall,27,149.0491611,-35.17771111,149.042976,-35.182766,149.055346,-35.172656,1544309.429,-3945618.923,1545309.429,-3944618.923,2023,2023/12/2,,(cloud and shade?
ACT,SW of Hall,27,149.0491611,-35.17771111,149.042976,-35.182766,149.055346,-35.172656,1544309.429,-3945618.923,1545309.429,-3944618.923,2022,2022/11/28,,(shade?)
ACT,SW of Hall,27,149.0491611,-35.17771111,149.042976,-35.182766,149.055346,-35.172656,1544309.429,-3945618.923,1545309.429,-3944618.923,2021,2021/2/15,,(shade?
ACT,SW of Hall,27,149.0491611,-35.17771111,149.042976,-35.182766,149.055346,-35.172656,1544309.429,-3945618.923,1545309.429,-3944618.923,2020,2020/10/1,,
ACT,SW of Hall,27,149.0491611,-35.17771111,149.042976,-35.182766,149.055346,-35.172656,1544309.429,-3945618.923,1545309.429,-3944618.923,2019,2019/11/17,,
ACT,SW of Hall,27,149.0491611,-35.17771111,149.042976,-35.182766,149.055346,-35.172656,1544309.429,-3945618.923,1545309.429,-3944618.923,2018,2018/9/3,,(cloud)
ACT,SW of Hall,27,149.0491611,-35.17771111,149.042976,-35.182766,149.055346,-35.172656,1544309.429,-3945618.923,1545309.429,-3944618.923,2017,2017/12/9,,
ACT,SW of Hall,27,149.0491611,-35.17771111,149.042976,-35.182766,149.055346,-35.172656,1544309.429,-3945618.923,1545309.429,-3944618.923,2016,2016/12/11,,
ACT,SW of Hall,27,149.0491611,-35.17771111,149.042976,-35.182766,149.055346,-35.172656,1544309.429,-3945618.923,1545309.429,-3944618.923,2015,2015/4/29,,
ACT,SW of Hall,27,149.0491611,-35.17771111,149.042976,-35.182766,149.055346,-35.172656,1544309.429,-3945618.923,1545309.429,-3944618.923,2014,2014/2/10,,
ACT,SW of Hall,27,149.0491611,-35.17771111,149.042976,-35.182766,149.055346,-35.172656,1544309.429,-3945618.923,1545309.429,-3944618.923,2013,2013/6/20,,
ACT,SW of Hall,27,149.0491611,-35.17771111,149.042976,-35.182766,149.055346,-35.172656,1544309.429,-3945618.923,1545309.429,-3944618.923,2026,2026/4/8,,
ACT,SW of Hall,27,149.0491611,-35.17771111,149.042976,-35.182766,149.055346,-35.172656,1544309.429,-3945618.923,1545309.429,-3944618.923,2025,2025/8/11,,
ACT,SW of Hall,27,149.0491611,-35.17771111,149.042976,-35.182766,149.055346,-35.172656,1544309.429,-3945618.923,1545309.429,-3944618.923,2024,2024/1/11,,(dark)
ACT,SW of Hall,27,149.0491611,-35.17771111,149.042976,-35.182766,149.055346,-35.172656,1544309.429,-3945618.923,1545309.429,-3944618.923,2023,2023/11/6,,(cloud)
ACT,SW of Hall,27,149.0491611,-35.17771111,149.042976,-35.182766,149.055346,-35.172656,1544309.429,-3945618.923,1545309.429,-3944618.923,2022,2022/11/27,,(cloud)
ACT,SW of Hall,27,149.0491611,-35.17771111,149.042976,-35.182766,149.055346,-35.172656,1544309.429,-3945618.923,1545309.429,-3944618.923,2020,2020/8/30,,
ACT,SW of Hall,27,149.0491611,-35.17771111,149.042976,-35.182766,149.055346,-35.172656,1544309.429,-3945618.923,1545309.429,-3944618.923,2019,2019/4/10,2,
ACT,SW of Hall,27,149.0491611,-35.17771111,149.042976,-35.182766,149.055346,-35.172656,1544309.429,-3945618.923,1545309.429,-3944618.923,2018,2018/3/11,,
ACT,SW of Hall,27,149.0491611,-35.17771111,149.042976,-35.182766,149.055346,-35.172656,1544309.429,-3945618.923,1545309.429,-3944618.923,2017,2017/2/13,,
ACT,SW of Hall,27,149.0491611,-35.17771111,149.042976,-35.182766,149.055346,-35.172656,1544309.429,-3945618.923,1545309.429,-3944618.923,2016,2016/11/21,2,one foggy? One ok)
ACT,SW of Hall,27,149.0491611,-35.17771111,149.042976,-35.182766,149.055346,-35.172656,1544309.429,-3945618.923,1545309.429,-3944618.923,2015,2015/4/28,,
ACT,SW of Hall,27,149.0491611,-35.17771111,149.042976,-35.182766,149.055346,-35.172656,1544309.429,-3945618.923,1545309.429,-3944618.923,2013,2013/6/4,,
ACT,SW of Hall,27,149.0491611,-35.17771111,149.042976,-35.182766,149.055346,-35.172656,1544309.429,-3945618.923,1545309.429,-3944618.923,2025,2025/8/10,,(some cloud)
ACT,SW of Hall,27,149.0491611,-35.17771111,149.042976,-35.182766,149.055346,-35.172656,1544309.429,-3945618.923,1545309.429,-3944618.923,2023,2023/11/1,,
ACT,SW of Hall,27,149.0491611,-35.17771111,149.042976,-35.182766,149.055346,-35.172656,1544309.429,-3945618.923,1545309.429,-3944618.923,2022,2022/10/25,,(some cloud)
ACT,SW of Hall,27,149.0491611,-35.17771111,149.042976,-35.182766,149.055346,-35.172656,1544309.429,-3945618.923,1545309.429,-3944618.923,2020,2020/7/21,2,
ACT,SW of Hall,27,149.0491611,-35.17771111,149.042976,-35.182766,149.055346,-35.172656,1544309.429,-3945618.923,1545309.429,-3944618.923,2019,2019/3/15,,(cloud)
ACT,SW of Hall,27,149.0491611,-35.17771111,149.042976,-35.182766,149.055346,-35.172656,1544309.429,-3945618.923,1545309.429,-3944618.923,2018,2018/3/10,,
ACT,SW of Hall,27,149.0491611,-35.17771111,149.042976,-35.182766,149.055346,-35.172656,1544309.429,-3945618.923,1545309.429,-3944618.923,2017,2017/1/12,2,
ACT,SW of Hall,27,149.0491611,-35.17771111,149.042976,-35.182766,149.055346,-35.172656,1544309.429,-3945618.923,1545309.429,-3944618.923,2016,2016/8/15,2,
ACT,SW of Hall,27,149.0491611,-35.17771111,149.042976,-35.182766,149.055346,-35.172656,1544309.429,-3945618.923,1545309.429,-3944618.923,2015,2015/4/22,,(shade? very dark)
ACT,SW of Hall,27,149.0491611,-35.17771111,149.042976,-35.182766,149.055346,-35.172656,1544309.429,-3945618.923,1545309.429,-3944618.923,2013,2013/6/3,,
ACT,SW of Hall,27,149.0491611,-35.17771111,149.042976,-35.182766,149.055346,-35.172656,1544309.429,-3945618.923,1545309.429,-3944618.923,2023,2023/9/21,,
ACT,SW of Hall,27,149.0491611,-35.17771111,149.042976,-35.182766,149.055346,-35.172656,1544309.429,-3945618.923,1545309.429,-3944618.923,2020,2020/6/19,2,
ACT,SW of Hall,27,149.0491611,-35.17771111,149.042976,-35.182766,149.055346,-35.172656,1544309.429,-3945618.923,1545309.429,-3944618.923,2019,2019/3/9,,
ACT,SW of Hall,27,149.0491611,-35.17771111,149.042976,-35.182766,149.055346,-35.172656,1544309.429,-3945618.923,1545309.429,-3944618.923,2017,2017/1/11,,(some cloud and dark)
ACT,SW of Hall,27,149.0491611,-35.17771111,149.042976,-35.182766,149.055346,-35.172656,1544309.429,-3945618.923,1545309.429,-3944618.923,2016,2016/8/3,,
ACT,SW of Hall,27,149.0491611,-35.17771111,149.042976,-35.182766,149.055346,-35.172656,1544309.429,-3945618.923,1545309.429,-3944618.923,2015,2015/3/2,,
ACT,SW of Hall,27,149.0491611,-35.17771111,149.042976,-35.182766,149.055346,-35.172656,1544309.429,-3945618.923,1545309.429,-3944618.923,2013,2013/5/26,,(cloud)
ACT,SW of Hall,27,149.0491611,-35.17771111,149.042976,-35.182766,149.055346,-35.172656,1544309.429,-3945618.923,1545309.429,-3944618.923,2023,2023/9/2,,
ACT,SW of Hall,27,149.0491611,-35.17771111,149.042976,-35.182766,149.055346,-35.172656,1544309.429,-3945618.923,1545309.429,-3944618.923,2020,2020/3/1,,
ACT,SW of Hall,27,149.0491611,-35.17771111,149.042976,-35.182766,149.055346,-35.172656,1544309.429,-3945618.923,1545309.429,-3944618.923,2017,2017/1/6,,
ACT,SW of Hall,27,149.0491611,-35.17771111,149.042976,-35.182766,149.055346,-35.172656,1544309.429,-3945618.923,1545309.429,-3944618.923,2016,2016/6/14,,
ACT,SW of Hall,27,149.0491611,-35.17771111,149.042976,-35.182766,149.055346,-35.172656,1544309.429,-3945618.923,1545309.429,-3944618.923,2015,2015/2/10,,(some cloud)
ACT,SW of Hall,27,149.0491611,-35.17771111,149.042976,-35.182766,149.055346,-35.172656,1544309.429,-3945618.923,1545309.429,-3944618.923,2013,2013/1/11,,
ACT,SW of Hall,27,149.0491611,-35.17771111,149.042976,-35.182766,149.055346,-35.172656,1544309.429,-3945618.923,1545309.429,-3944618.923,2023,2023/8/26,,
ACT,SW of Hall,27,149.0491611,-35.17771111,149.042976,-35.182766,149.055346,-35.172656,1544309.429,-3945618.923,1545309.429,-3944618.923,2016,2016/6/25,,
ACT,SW of Hall,27,149.0491611,-35.17771111,149.042976,-35.182766,149.055346,-35.172656,1544309.429,-3945618.923,1545309.429,-3944618.923,2015,2015/2/9,,(cloud)
ACT,SW of Hall,27,149.0491611,-35.17771111,149.042976,-35.182766,149.055346,-35.172656,1544309.429,-3945618.923,1545309.429,-3944618.923,2023,2023/4/5,,
ACT,SW of Hall,27,149.0491611,-35.17771111,149.042976,-35.182766,149.055346,-35.172656,1544309.429,-3945618.923,1545309.429,-3944618.923,2016,2016/5/16,,
ACT,SW of Hall,27,149.0491611,-35.17771111,149.042976,-35.182766,149.055346,-35.172656,1544309.429,-3945618.923,1545309.429,-3944618.923,2015,2015/1/7,,
ACT,SW of Hall,27,149.0491611,-35.17771111,149.042976,-35.182766,149.055346,-35.172656,1544309.429,-3945618.923,1545309.429,-3944618.923,2016,2016/4/14,,
ACT,SW of Hall,27,149.0491611,-35.17771111,149.042976,-35.182766,149.055346,-35.172656,1544309.429,-3945618.923,1545309.429,-3944618.923,2016,2016/4/13,,(cloud and very dark)
ACT,SW of Hall,27,149.0491611,-35.17771111,149.042976,-35.182766,149.055346,-35.172656,1544309.429,-3945618.923,1545309.429,-3944618.923,2016,2016/4/12,,(cloud)
ACT,SW of Hall,27,149.0491611,-35.17771111,149.042976,-35.182766,149.055346,-35.172656,1544309.429,-3945618.923,1545309.429,-3944618.923,2016,2016/3/19,,
ACT,SW of Hall,27,149.0491611,-35.17771111,149.042976,-35.182766,149.055346,-35.172656,1544309.429,-3945618.923,1545309.429,-3944618.923,2016,2016/2/23,,
ACT,SW of Hall,27,149.0491611,-35.17771111,149.042976,-35.182766,149.055346,-35.172656,1544309.429,-3945618.923,1545309.429,-3944618.923,2016,2016/2/22,,
ACT,S of Hawker,28,149.0339806,-35.26160556,149.027792,-35.266661,149.040171,-35.256551,1541702.061,-3954680.986,1542702.061,-3953680.986,2026,2026/4/14,,
ACT,S of Hawker,28,149.0339806,-35.26160556,149.027792,-35.266661,149.040171,-35.256551,1541702.061,-3954680.986,1542702.061,-3953680.986,2025,2025/4/8,,
ACT,S of Hawker,28,149.0339806,-35.26160556,149.027792,-35.266661,149.040171,-35.256551,1541702.061,-3954680.986,1542702.061,-3953680.986,2024,2024/9/6,2,
ACT,S of Hawker,28,149.0339806,-35.26160556,149.027792,-35.266661,149.040171,-35.256551,1541702.061,-3954680.986,1542702.061,-3953680.986,2023,2023/12/23,,(some cloud and shade?
ACT,S of Hawker,28,149.0339806,-35.26160556,149.027792,-35.266661,149.040171,-35.256551,1541702.061,-3954680.986,1542702.061,-3953680.986,2022,2022/12/9,,
ACT,S of Hawker,28,149.0339806,-35.26160556,149.027792,-35.266661,149.040171,-35.256551,1541702.061,-3954680.986,1542702.061,-3953680.986,2021,2021/10/8,,
ACT,S of Hawker,28,149.0339806,-35.26160556,149.027792,-35.266661,149.040171,-35.256551,1541702.061,-3954680.986,1542702.061,-3953680.986,2020,2020/12/6,2,"one some cloud, one ok)"
ACT,S of Hawker,28,149.0339806,-35.26160556,149.027792,-35.266661,149.040171,-35.256551,1541702.061,-3954680.986,1542702.061,-3953680.986,2019,2019/11/25,,
ACT,S of Hawker,28,149.0339806,-35.26160556,149.027792,-35.266661,149.040171,-35.256551,1541702.061,-3954680.986,1542702.061,-3953680.986,2018,2018/12/28,3,
ACT,S of Hawker,28,149.0339806,-35.26160556,149.027792,-35.266661,149.040171,-35.256551,1541702.061,-3954680.986,1542702.061,-3953680.986,2017,2017/12/10,,
ACT,S of Hawker,28,149.0339806,-35.26160556,149.027792,-35.266661,149.040171,-35.256551,1541702.061,-3954680.986,1542702.061,-3953680.986,2016,2016/12/12,,
ACT,S of Hawker,28,149.0339806,-35.26160556,149.027792,-35.266661,149.040171,-35.256551,1541702.061,-3954680.986,1542702.061,-3953680.986,2015,2015/4/29,,
ACT,S of Hawker,28,149.0339806,-35.26160556,149.027792,-35.266661,149.040171,-35.256551,1541702.061,-3954680.986,1542702.061,-3953680.986,2014,2014/8/20,,
ACT,S of Hawker,28,149.0339806,-35.26160556,149.027792,-35.266661,149.040171,-35.256551,1541702.061,-3954680.986,1542702.061,-3953680.986,2013,2013/9/7,2,
ACT,S of Hawker,28,149.0339806,-35.26160556,149.027792,-35.266661,149.040171,-35.256551,1541702.061,-3954680.986,1542702.061,-3953680.986,2012,2012/12/28,,
ACT,S of Hawker,28,149.0339806,-35.26160556,149.027792,-35.266661,149.040171,-35.256551,1541702.061,-3954680.986,1542702.061,-3953680.986,2026,2026/4/9,,(some cloud)
ACT,S of Hawker,28,149.0339806,-35.26160556,149.027792,-35.266661,149.040171,-35.256551,1541702.061,-3954680.986,1542702.061,-3953680.986,2025,2025/9/5,,
ACT,S of Hawker,28,149.0339806,-35.26160556,149.027792,-35.266661,149.040171,-35.256551,1541702.061,-3954680.986,1542702.061,-3953680.986,2024,2024/1/22,,
ACT,S of Hawker,28,149.0339806,-35.26160556,149.027792,-35.266661,149.040171,-35.256551,1541702.061,-3954680.986,1542702.061,-3953680.986,2023,2023/12/2,,(cloud)
ACT,S of Hawker,28,149.0339806,-35.26160556,149.027792,-35.266661,149.040171,-35.256551,1541702.061,-3954680.986,1542702.061,-3953680.986,2022,2022/12/3,,
ACT,S of Hawker,28,149.0339806,-35.26160556,149.027792,-35.266661,149.040171,-35.256551,1541702.061,-3954680.986,1542702.061,-3953680.986,2021,2021/9/17,,
ACT,S of Hawker,28,149.0339806,-35.26160556,149.027792,-35.266661,149.040171,-35.256551,1541702.061,-3954680.986,1542702.061,-3953680.986,2020,2020/10/1,,
ACT,S of Hawker,28,149.0339806,-35.26160556,149.027792,-35.266661,149.040171,-35.256551,1541702.061,-3954680.986,1542702.061,-3953680.986,2019,2019/11/17,,
ACT,S of Hawker,28,149.0339806,-35.26160556,149.027792,-35.266661,149.040171,-35.256551,1541702.061,-3954680.986,1542702.061,-3953680.986,2018,2018/9/14,,
ACT,S of Hawker,28,149.0339806,-35.26160556,149.027792,-35.266661,149.040171,-35.256551,1541702.061,-3954680.986,1542702.061,-3953680.986,2017,2017/12/9,,
ACT,S of Hawker,28,149.0339806,-35.26160556,149.027792,-35.266661,149.040171,-35.256551,1541702.061,-3954680.986,1542702.061,-3953680.986,2016,2016/12/11,,(some cloud)
ACT,S of Hawker,28,149.0339806,-35.26160556,149.027792,-35.266661,149.040171,-35.256551,1541702.061,-3954680.986,1542702.061,-3953680.986,2015,2015/4/28,,
ACT,S of Hawker,28,149.0339806,-35.26160556,149.027792,-35.266661,149.040171,-35.256551,1541702.061,-3954680.986,1542702.061,-3953680.986,2014,2014/2/10,,
ACT,S of Hawker,28,149.0339806,-35.26160556,149.027792,-35.266661,149.040171,-35.256551,1541702.061,-3954680.986,1542702.061,-3953680.986,2013,2013/6/4,,
ACT,S of Hawker,28,149.0339806,-35.26160556,149.027792,-35.266661,149.040171,-35.256551,1541702.061,-3954680.986,1542702.061,-3953680.986,2026,2026/4/8,,
ACT,S of Hawker,28,149.0339806,-35.26160556,149.027792,-35.266661,149.040171,-35.256551,1541702.061,-3954680.986,1542702.061,-3953680.986,2025,2025/8/11,,
ACT,S of Hawker,28,149.0339806,-35.26160556,149.027792,-35.266661,149.040171,-35.256551,1541702.061,-3954680.986,1542702.061,-3953680.986,2024,2024/1/11,,(cloud)
ACT,S of Hawker,28,149.0339806,-35.26160556,149.027792,-35.266661,149.040171,-35.256551,1541702.061,-3954680.986,1542702.061,-3953680.986,2023,2023/11/6,,(some cloud)
ACT,S of Hawker,28,149.0339806,-35.26160556,149.027792,-35.266661,149.040171,-35.256551,1541702.061,-3954680.986,1542702.061,-3953680.986,2022,2022/11/28,,
ACT,S of Hawker,28,149.0339806,-35.26160556,149.027792,-35.266661,149.040171,-35.256551,1541702.061,-3954680.986,1542702.061,-3953680.986,2021,2021/2/15,2,both some shade?
ACT,S of Hawker,28,149.0339806,-35.26160556,149.027792,-35.266661,149.040171,-35.256551,1541702.061,-3954680.986,1542702.061,-3953680.986,2020,2020/8/30,,
ACT,S of Hawker,28,149.0339806,-35.26160556,149.027792,-35.266661,149.040171,-35.256551,1541702.061,-3954680.986,1542702.061,-3953680.986,2019,2019/4/10,2,
ACT,S of Hawker,28,149.0339806,-35.26160556,149.027792,-35.266661,149.040171,-35.256551,1541702.061,-3954680.986,1542702.061,-3953680.986,2018,2018/9/3,,(cloud)
ACT,S of Hawker,28,149.0339806,-35.26160556,149.027792,-35.266661,149.040171,-35.256551,1541702.061,-3954680.986,1542702.061,-3953680.986,2017,2017/3/6,2,
ACT,S of Hawker,28,149.0339806,-35.26160556,149.027792,-35.266661,149.040171,-35.256551,1541702.061,-3954680.986,1542702.061,-3953680.986,2016,2016/11/21,2,one foggy?? One ok))
ACT,S of Hawker,28,149.0339806,-35.26160556,149.027792,-35.266661,149.040171,-35.256551,1541702.061,-3954680.986,1542702.061,-3953680.986,2015,2015/4/22,,
ACT,S of Hawker,28,149.0339806,-35.26160556,149.027792,-35.266661,149.040171,-35.256551,1541702.061,-3954680.986,1542702.061,-3953680.986,2013,2013/6/3,,
ACT,S of Hawker,28,149.0339806,-35.26160556,149.027792,-35.266661,149.040171,-35.256551,1541702.061,-3954680.986,1542702.061,-3953680.986,2025,2025/8/10,,(some cloud and shade? dark)
ACT,S of Hawker,28,149.0339806,-35.26160556,149.027792,-35.266661,149.040171,-35.256551,1541702.061,-3954680.986,1542702.061,-3953680.986,2023,2023/11/1,,(some cloud)
ACT,S of Hawker,28,149.0339806,-35.26160556,149.027792,-35.266661,149.040171,-35.256551,1541702.061,-3954680.986,1542702.061,-3953680.986,2022,2022/11/27,,(cloud)
ACT,S of Hawker,28,149.0339806,-35.26160556,149.027792,-35.266661,149.040171,-35.256551,1541702.061,-3954680.986,1542702.061,-3953680.986,2020,2020/7/21,2,
ACT,S of Hawker,28,149.0339806,-35.26160556,149.027792,-35.266661,149.040171,-35.256551,1541702.061,-3954680.986,1542702.061,-3953680.986,2019,2019/3/15,,
ACT,S of Hawker,28,149.0339806,-35.26160556,149.027792,-35.266661,149.040171,-35.256551,1541702.061,-3954680.986,1542702.061,-3953680.986,2018,2018/3/13,,
ACT,S of Hawker,28,149.0339806,-35.26160556,149.027792,-35.266661,149.040171,-35.256551,1541702.061,-3954680.986,1542702.061,-3953680.986,2017,2017/2/13,,
ACT,S of Hawker,28,149.0339806,-35.26160556,149.027792,-35.266661,149.040171,-35.256551,1541702.061,-3954680.986,1542702.061,-3953680.986,2016,2016/8/15,2,
ACT,S of Hawker,28,149.0339806,-35.26160556,149.027792,-35.266661,149.040171,-35.256551,1541702.061,-3954680.986,1542702.061,-3953680.986,2015,2015/3/15,,
ACT,S of Hawker,28,149.0339806,-35.26160556,149.027792,-35.266661,149.040171,-35.256551,1541702.061,-3954680.986,1542702.061,-3953680.986,2013,2013/5/26,,(cloud)
ACT,S of Hawker,28,149.0339806,-35.26160556,149.027792,-35.266661,149.040171,-35.256551,1541702.061,-3954680.986,1542702.061,-3953680.986,2023,2023/10/31,,
ACT,S of Hawker,28,149.0339806,-35.26160556,149.027792,-35.266661,149.040171,-35.256551,1541702.061,-3954680.986,1542702.061,-3953680.986,2022,2022/11/27,,(cloud)
ACT,S of Hawker,28,149.0339806,-35.26160556,149.027792,-35.266661,149.040171,-35.256551,1541702.061,-3954680.986,1542702.061,-3953680.986,2020,2020/6/19,2,
ACT,S of Hawker,28,149.0339806,-35.26160556,149.027792,-35.266661,149.040171,-35.256551,1541702.061,-3954680.986,1542702.061,-3953680.986,2019,2019/3/9,,(some cloud?)
ACT,S of Hawker,28,149.0339806,-35.26160556,149.027792,-35.266661,149.040171,-35.256551,1541702.061,-3954680.986,1542702.061,-3953680.986,2018,2018/3/10,,
ACT,S of Hawker,28,149.0339806,-35.26160556,149.027792,-35.266661,149.040171,-35.256551,1541702.061,-3954680.986,1542702.061,-3953680.986,2017,2017/1/12,2,
ACT,S of Hawker,28,149.0339806,-35.26160556,149.027792,-35.266661,149.040171,-35.256551,1541702.061,-3954680.986,1542702.061,-3953680.986,2016,2016/8/3,,(cloud)
ACT,S of Hawker,28,149.0339806,-35.26160556,149.027792,-35.266661,149.040171,-35.256551,1541702.061,-3954680.986,1542702.061,-3953680.986,2015,2015/3/14,,
ACT,S of Hawker,28,149.0339806,-35.26160556,149.027792,-35.266661,149.040171,-35.256551,1541702.061,-3954680.986,1542702.061,-3953680.986,2013,2013/1/11,,
ACT,S of Hawker,28,149.0339806,-35.26160556,149.027792,-35.266661,149.040171,-35.256551,1541702.061,-3954680.986,1542702.061,-3953680.986,2023,2023/10/29,,
ACT,S of Hawker,28,149.0339806,-35.26160556,149.027792,-35.266661,149.040171,-35.256551,1541702.061,-3954680.986,1542702.061,-3953680.986,2022,2022/10/25,,(cloud and shade?
ACT,S of Hawker,28,149.0339806,-35.26160556,149.027792,-35.266661,149.040171,-35.256551,1541702.061,-3954680.986,1542702.061,-3953680.986,2020,2020/3/1,,
ACT,S of Hawker,28,149.0339806,-35.26160556,149.027792,-35.266661,149.040171,-35.256551,1541702.061,-3954680.986,1542702.061,-3953680.986,2017,2017/1/11,,(cloud and shade?
ACT,S of Hawker,28,149.0339806,-35.26160556,149.027792,-35.266661,149.040171,-35.256551,1541702.061,-3954680.986,1542702.061,-3953680.986,2016,2016/7/14,,
ACT,S of Hawker,28,149.0339806,-35.26160556,149.027792,-35.266661,149.040171,-35.256551,1541702.061,-3954680.986,1542702.061,-3953680.986,2015,2015/3/2,,
ACT,S of Hawker,28,149.0339806,-35.26160556,149.027792,-35.266661,149.040171,-35.256551,1541702.061,-3954680.986,1542702.061,-3953680.986,2023,2023/10/27,,(cloud)
ACT,S of Hawker,28,149.0339806,-35.26160556,149.027792,-35.266661,149.040171,-35.256551,1541702.061,-3954680.986,1542702.061,-3953680.986,2022,2022/5/2,,
ACT,S of Hawker,28,149.0339806,-35.26160556,149.027792,-35.266661,149.040171,-35.256551,1541702.061,-3954680.986,1542702.061,-3953680.986,2017,2017/1/6,,(some cloud?)
ACT,S of Hawker,28,149.0339806,-35.26160556,149.027792,-35.266661,149.040171,-35.256551,1541702.061,-3954680.986,1542702.061,-3953680.986,2016,2016/6/25,,
ACT,S of Hawker,28,149.0339806,-35.26160556,149.027792,-35.266661,149.040171,-35.256551,1541702.061,-3954680.986,1542702.061,-3953680.986,2015,2015/2/10,,(cloud)
ACT,S of Hawker,28,149.0339806,-35.26160556,149.027792,-35.266661,149.040171,-35.256551,1541702.061,-3954680.986,1542702.061,-3953680.986,2023,2023/9/21,,
ACT,S of Hawker,28,149.0339806,-35.26160556,149.027792,-35.266661,149.040171,-35.256551,1541702.061,-3954680.986,1542702.061,-3953680.986,2022,2022/5/1,,
ACT,S of Hawker,28,149.0339806,-35.26160556,149.027792,-35.266661,149.040171,-35.256551,1541702.061,-3954680.986,1542702.061,-3953680.986,2016,2016/5/16,,
ACT,S of Hawker,28,149.0339806,-35.26160556,149.027792,-35.266661,149.040171,-35.256551,1541702.061,-3954680.986,1542702.061,-3953680.986,2015,2015/2/9,,(cloud)
ACT,S of Hawker,28,149.0339806,-35.26160556,149.027792,-35.266661,149.040171,-35.256551,1541702.061,-3954680.986,1542702.061,-3953680.986,2023,2023/9/5,,
ACT,S of Hawker,28,149.0339806,-35.26160556,149.027792,-35.266661,149.040171,-35.256551,1541702.061,-3954680.986,1542702.061,-3953680.986,2022,2022/4/5,,
ACT,S of Hawker,28,149.0339806,-35.26160556,149.027792,-35.266661,149.040171,-35.256551,1541702.061,-3954680.986,1542702.061,-3953680.986,2016,2016/4/14,,
ACT,S of Hawker,28,149.0339806,-35.26160556,149.027792,-35.266661,149.040171,-35.256551,1541702.061,-3954680.986,1542702.061,-3953680.986,2015,2015/2/9,,
ACT,S of Hawker,28,149.0339806,-35.26160556,149.027792,-35.266661,149.040171,-35.256551,1541702.061,-3954680.986,1542702.061,-3953680.986,2023,2023/9/4,,
ACT,S of Hawker,28,149.0339806,-35.26160556,149.027792,-35.266661,149.040171,-35.256551,1541702.061,-3954680.986,1542702.061,-3953680.986,2022,2022/4/1,,(cloud)
ACT,S of Hawker,28,149.0339806,-35.26160556,149.027792,-35.266661,149.040171,-35.256551,1541702.061,-3954680.986,1542702.061,-3953680.986,2016,2016/4/13,,(cloud)
ACT,S of Hawker,28,149.0339806,-35.26160556,149.027792,-35.266661,149.040171,-35.256551,1541702.061,-3954680.986,1542702.061,-3953680.986,2015,2015/1/14,,(cloud)
ACT,S of Hawker,28,149.0339806,-35.26160556,149.027792,-35.266661,149.040171,-35.256551,1541702.061,-3954680.986,1542702.061,-3953680.986,2023,2023/9/2,2,
ACT,S of Hawker,28,149.0339806,-35.26160556,149.027792,-35.266661,149.040171,-35.256551,1541702.061,-3954680.986,1542702.061,-3953680.986,2022,2022/3/11,,
ACT,S of Hawker,28,149.0339806,-35.26160556,149.027792,-35.266661,149.040171,-35.256551,1541702.061,-3954680.986,1542702.061,-3953680.986,2016,2016/4/12,,(cloud)
ACT,S of Hawker,28,149.0339806,-35.26160556,149.027792,-35.266661,149.040171,-35.256551,1541702.061,-3954680.986,1542702.061,-3953680.986,2023,2023/9/1,,
ACT,S of Hawker,28,149.0339806,-35.26160556,149.027792,-35.266661,149.040171,-35.256551,1541702.061,-3954680.986,1542702.061,-3953680.986,2022,2022/2/13,,(cloud and shade? very dark)
ACT,S of Hawker,28,149.0339806,-35.26160556,149.027792,-35.266661,149.040171,-35.256551,1541702.061,-3954680.986,1542702.061,-3953680.986,2016,2016/3/19,,
ACT,S of Hawker,28,149.0339806,-35.26160556,149.027792,-35.266661,149.040171,-35.256551,1541702.061,-3954680.986,1542702.061,-3953680.986,2023,2023/8/26,,
ACT,S of Hawker,28,149.0339806,-35.26160556,149.027792,-35.266661,149.040171,-35.256551,1541702.061,-3954680.986,1542702.061,-3953680.986,2022,2022/2/12,,
ACT,S of Hawker,28,149.0339806,-35.26160556,149.027792,-35.266661,149.040171,-35.256551,1541702.061,-3954680.986,1542702.061,-3953680.986,2016,2016/2/23,,
ACT,S of Hawker,28,149.0339806,-35.26160556,149.027792,-35.266661,149.040171,-35.256551,1541702.061,-3954680.986,1542702.061,-3953680.986,2023,2023/8/26,,
ACT,S of Hawker,28,149.0339806,-35.26160556,149.027792,-35.266661,149.040171,-35.256551,1541702.061,-3954680.986,1542702.061,-3953680.986,2022,2022/2/8,2,"one cloud, one some shade?"
ACT,S of Hawker,28,149.0339806,-35.26160556,149.027792,-35.266661,149.040171,-35.256551,1541702.061,-3954680.986,1542702.061,-3953680.986,2016,2016/2/22,,
ACT,S of Hawker,28,149.0339806,-35.26160556,149.027792,-35.266661,149.040171,-35.256551,1541702.061,-3954680.986,1542702.061,-3953680.986,2023,2023/4/5,,
ACT,S of Hawker,28,149.0339806,-35.26160556,149.027792,-35.266661,149.040171,-35.256551,1541702.061,-3954680.986,1542702.061,-3953680.986,2022,2022/2/7,,(cloud)
ACT,S of Hawker,28,149.0339806,-35.26160556,149.027792,-35.266661,149.040171,-35.256551,1541702.061,-3954680.986,1542702.061,-3953680.986,2022,2022/1/26,,(cloud)
ACT,S of Hawker,28,149.0339806,-35.26160556,149.027792,-35.266661,149.040171,-35.256551,1541702.061,-3954680.986,1542702.061,-3953680.986,2022,2022/1/20,,(cloud)
ACT,SE of Tracking Station,29,148.9593611,-35.40959444,148.953166,-35.414649,148.965557,-35.404539,1532808.72,-3970087.458,1533808.72,-3969087.458,2026,2026/4/14,,
ACT,SE of Tracking Station,29,148.9593611,-35.40959444,148.953166,-35.414649,148.965557,-35.404539,1532808.72,-3970087.458,1533808.72,-3969087.458,2025,2025/12/24,,
ACT,SE of Tracking Station,29,148.9593611,-35.40959444,148.953166,-35.414649,148.965557,-35.404539,1532808.72,-3970087.458,1533808.72,-3969087.458,2024,2024/9/6,,
ACT,SE of Tracking Station,29,148.9593611,-35.40959444,148.953166,-35.414649,148.965557,-35.404539,1532808.72,-3970087.458,1533808.72,-3969087.458,2023,2023/11/6,,
ACT,SE of Tracking Station,29,148.9593611,-35.40959444,148.953166,-35.414649,148.965557,-35.404539,1532808.72,-3970087.458,1533808.72,-3969087.458,2022,2022/12/3,,
ACT,SE of Tracking Station,29,148.9593611,-35.40959444,148.953166,-35.414649,148.965557,-35.404539,1532808.72,-3970087.458,1533808.72,-3969087.458,2021,2021/9/17,,
ACT,SE of Tracking Station,29,148.9593611,-35.40959444,148.953166,-35.414649,148.965557,-35.404539,1532808.72,-3970087.458,1533808.72,-3969087.458,2020,2020/10/1,,
ACT,SE of Tracking Station,29,148.9593611,-35.40959444,148.953166,-35.414649,148.965557,-35.404539,1532808.72,-3970087.458,1533808.72,-3969087.458,2019,2019/11/25,,
ACT,SE of Tracking Station,29,148.9593611,-35.40959444,148.953166,-35.414649,148.965557,-35.404539,1532808.72,-3970087.458,1533808.72,-3969087.458,2018,2018/11/7,,"(weird image, green yellow red)"
ACT,SE of Tracking Station,29,148.9593611,-35.40959444,148.953166,-35.414649,148.965557,-35.404539,1532808.72,-3970087.458,1533808.72,-3969087.458,2017,2017/11/25,,
ACT,SE of Tracking Station,29,148.9593611,-35.40959444,148.953166,-35.414649,148.965557,-35.404539,1532808.72,-3970087.458,1533808.72,-3969087.458,2016,2016/12/23,,
ACT,SE of Tracking Station,29,148.9593611,-35.40959444,148.953166,-35.414649,148.965557,-35.404539,1532808.72,-3970087.458,1533808.72,-3969087.458,2015,2015/4/29,,
ACT,SE of Tracking Station,29,148.9593611,-35.40959444,148.953166,-35.414649,148.965557,-35.404539,1532808.72,-3970087.458,1533808.72,-3969087.458,2014,2014/2/10,,
ACT,SE of Tracking Station,29,148.9593611,-35.40959444,148.953166,-35.414649,148.965557,-35.404539,1532808.72,-3970087.458,1533808.72,-3969087.458,2013,2013/9/7,,(cloud)
ACT,SE of Tracking Station,29,148.9593611,-35.40959444,148.953166,-35.414649,148.965557,-35.404539,1532808.72,-3970087.458,1533808.72,-3969087.458,2012,2012/12/28,,
ACT,SE of Tracking Station,29,148.9593611,-35.40959444,148.953166,-35.414649,148.965557,-35.404539,1532808.72,-3970087.458,1533808.72,-3969087.458,2026,2026/4/9,,
ACT,SE of Tracking Station,29,148.9593611,-35.40959444,148.953166,-35.414649,148.965557,-35.404539,1532808.72,-3970087.458,1533808.72,-3969087.458,2025,2025/12/7,,
ACT,SE of Tracking Station,29,148.9593611,-35.40959444,148.953166,-35.414649,148.965557,-35.404539,1532808.72,-3970087.458,1533808.72,-3969087.458,2024,2024/9/1,,
ACT,SE of Tracking Station,29,148.9593611,-35.40959444,148.953166,-35.414649,148.965557,-35.404539,1532808.72,-3970087.458,1533808.72,-3969087.458,2023,2023/10/24,,
ACT,SE of Tracking Station,29,148.9593611,-35.40959444,148.953166,-35.414649,148.965557,-35.404539,1532808.72,-3970087.458,1533808.72,-3969087.458,2022,2022/11/28,,(cloud and shade?
ACT,SE of Tracking Station,29,148.9593611,-35.40959444,148.953166,-35.414649,148.965557,-35.404539,1532808.72,-3970087.458,1533808.72,-3969087.458,2021,2021/4/1,,
ACT,SE of Tracking Station,29,148.9593611,-35.40959444,148.953166,-35.414649,148.965557,-35.404539,1532808.72,-3970087.458,1533808.72,-3969087.458,2020,2020/8/30,2,
ACT,SE of Tracking Station,29,148.9593611,-35.40959444,148.953166,-35.414649,148.965557,-35.404539,1532808.72,-3970087.458,1533808.72,-3969087.458,2019,2019/11/17,,
ACT,SE of Tracking Station,29,148.9593611,-35.40959444,148.953166,-35.414649,148.965557,-35.404539,1532808.72,-3970087.458,1533808.72,-3969087.458,2018,2018/11/6,,(cloud)
ACT,SE of Tracking Station,29,148.9593611,-35.40959444,148.953166,-35.414649,148.965557,-35.404539,1532808.72,-3970087.458,1533808.72,-3969087.458,2017,2017/10/31,,
ACT,SE of Tracking Station,29,148.9593611,-35.40959444,148.953166,-35.414649,148.965557,-35.404539,1532808.72,-3970087.458,1533808.72,-3969087.458,2016,2016/12/12,,
ACT,SE of Tracking Station,29,148.9593611,-35.40959444,148.953166,-35.414649,148.965557,-35.404539,1532808.72,-3970087.458,1533808.72,-3969087.458,2015,2015/4/28,,
ACT,SE of Tracking Station,29,148.9593611,-35.40959444,148.953166,-35.414649,148.965557,-35.404539,1532808.72,-3970087.458,1533808.72,-3969087.458,2014,2014/1/30,,
ACT,SE of Tracking Station,29,148.9593611,-35.40959444,148.953166,-35.414649,148.965557,-35.404539,1532808.72,-3970087.458,1533808.72,-3969087.458,2013,2013/6/4,,
ACT,SE of Tracking Station,29,148.9593611,-35.40959444,148.953166,-35.414649,148.965557,-35.404539,1532808.72,-3970087.458,1533808.72,-3969087.458,2026,2026/4/8,,
ACT,SE of Tracking Station,29,148.9593611,-35.40959444,148.953166,-35.414649,148.965557,-35.404539,1532808.72,-3970087.458,1533808.72,-3969087.458,2025,2025/11/16,,(cloud and shade?
ACT,SE of Tracking Station,29,148.9593611,-35.40959444,148.953166,-35.414649,148.965557,-35.404539,1532808.72,-3970087.458,1533808.72,-3969087.458,2024,2024/2/18,,(dark)
ACT,SE of Tracking Station,29,148.9593611,-35.40959444,148.953166,-35.414649,148.965557,-35.404539,1532808.72,-3970087.458,1533808.72,-3969087.458,2023,2023/10/11,,
ACT,SE of Tracking Station,29,148.9593611,-35.40959444,148.953166,-35.414649,148.965557,-35.404539,1532808.72,-3970087.458,1533808.72,-3969087.458,2022,2022/11/27,,(cloud)
ACT,SE of Tracking Station,29,148.9593611,-35.40959444,148.953166,-35.414649,148.965557,-35.404539,1532808.72,-3970087.458,1533808.72,-3969087.458,2021,2021/2/15,,
ACT,SE of Tracking Station,29,148.9593611,-35.40959444,148.953166,-35.414649,148.965557,-35.404539,1532808.72,-3970087.458,1533808.72,-3969087.458,2020,2020/7/9,2,
ACT,SE of Tracking Station,29,148.9593611,-35.40959444,148.953166,-35.414649,148.965557,-35.404539,1532808.72,-3970087.458,1533808.72,-3969087.458,2019,2019/4/10,,
ACT,SE of Tracking Station,29,148.9593611,-35.40959444,148.953166,-35.414649,148.965557,-35.404539,1532808.72,-3970087.458,1533808.72,-3969087.458,2018,2018/11/5,,(cloud)
ACT,SE of Tracking Station,29,148.9593611,-35.40959444,148.953166,-35.414649,148.965557,-35.404539,1532808.72,-3970087.458,1533808.72,-3969087.458,2017,2017/8/28,,
ACT,SE of Tracking Station,29,148.9593611,-35.40959444,148.953166,-35.414649,148.965557,-35.404539,1532808.72,-3970087.458,1533808.72,-3969087.458,2016,2016/12/10,,
ACT,SE of Tracking Station,29,148.9593611,-35.40959444,148.953166,-35.414649,148.965557,-35.404539,1532808.72,-3970087.458,1533808.72,-3969087.458,2015,2015/4/22,,
ACT,SE of Tracking Station,29,148.9593611,-35.40959444,148.953166,-35.414649,148.965557,-35.404539,1532808.72,-3970087.458,1533808.72,-3969087.458,2014,2014/1/29,,
ACT,SE of Tracking Station,29,148.9593611,-35.40959444,148.953166,-35.414649,148.965557,-35.404539,1532808.72,-3970087.458,1533808.72,-3969087.458,2013,2013/6/3,,(cloud)
ACT,SE of Tracking Station,29,148.9593611,-35.40959444,148.953166,-35.414649,148.965557,-35.404539,1532808.72,-3970087.458,1533808.72,-3969087.458,2025,2025/9/5,,
ACT,SE of Tracking Station,29,148.9593611,-35.40959444,148.953166,-35.414649,148.965557,-35.404539,1532808.72,-3970087.458,1533808.72,-3969087.458,2023,2023/8/26,,
ACT,SE of Tracking Station,29,148.9593611,-35.40959444,148.953166,-35.414649,148.965557,-35.404539,1532808.72,-3970087.458,1533808.72,-3969087.458,2022,2022/10/25,,(some cloud)
ACT,SE of Tracking Station,29,148.9593611,-35.40959444,148.953166,-35.414649,148.965557,-35.404539,1532808.72,-3970087.458,1533808.72,-3969087.458,2020,2020/6/19,2,"some ok, one some cloud??)"
ACT,SE of Tracking Station,29,148.9593611,-35.40959444,148.953166,-35.414649,148.965557,-35.404539,1532808.72,-3970087.458,1533808.72,-3969087.458,2019,2019/3/15,,(cloud)
ACT,SE of Tracking Station,29,148.9593611,-35.40959444,148.953166,-35.414649,148.965557,-35.404539,1532808.72,-3970087.458,1533808.72,-3969087.458,2018,2018/11/4,,(fog)
ACT,SE of Tracking Station,29,148.9593611,-35.40959444,148.953166,-35.414649,148.965557,-35.404539,1532808.72,-3970087.458,1533808.72,-3969087.458,2017,2017/2/13,,
ACT,SE of Tracking Station,29,148.9593611,-35.40959444,148.953166,-35.414649,148.965557,-35.404539,1532808.72,-3970087.458,1533808.72,-3969087.458,2016,2016/11/21,2,
ACT,SE of Tracking Station,29,148.9593611,-35.40959444,148.953166,-35.414649,148.965557,-35.404539,1532808.72,-3970087.458,1533808.72,-3969087.458,2015,2015/2/23,,
ACT,SE of Tracking Station,29,148.9593611,-35.40959444,148.953166,-35.414649,148.965557,-35.404539,1532808.72,-3970087.458,1533808.72,-3969087.458,2013,2013/5/26,,
ACT,SE of Tracking Station,29,148.9593611,-35.40959444,148.953166,-35.414649,148.965557,-35.404539,1532808.72,-3970087.458,1533808.72,-3969087.458,2025,2025/8/11,,
ACT,SE of Tracking Station,29,148.9593611,-35.40959444,148.953166,-35.414649,148.965557,-35.404539,1532808.72,-3970087.458,1533808.72,-3969087.458,2023,2023/4/5,,
ACT,SE of Tracking Station,29,148.9593611,-35.40959444,148.953166,-35.414649,148.965557,-35.404539,1532808.72,-3970087.458,1533808.72,-3969087.458,2022,2022/2/15,,
ACT,SE of Tracking Station,29,148.9593611,-35.40959444,148.953166,-35.414649,148.965557,-35.404539,1532808.72,-3970087.458,1533808.72,-3969087.458,2020,2020/3/1,,(fog?)
ACT,SE of Tracking Station,29,148.9593611,-35.40959444,148.953166,-35.414649,148.965557,-35.404539,1532808.72,-3970087.458,1533808.72,-3969087.458,2019,2019/3/10,,
ACT,SE of Tracking Station,29,148.9593611,-35.40959444,148.953166,-35.414649,148.965557,-35.404539,1532808.72,-3970087.458,1533808.72,-3969087.458,2018,2018/9/14,2,
ACT,SE of Tracking Station,29,148.9593611,-35.40959444,148.953166,-35.414649,148.965557,-35.404539,1532808.72,-3970087.458,1533808.72,-3969087.458,2016,2016/8/15,,
ACT,SE of Tracking Station,29,148.9593611,-35.40959444,148.953166,-35.414649,148.965557,-35.404539,1532808.72,-3970087.458,1533808.72,-3969087.458,2015,2015/2/22,,(cloud)
ACT,SE of Tracking Station,29,148.9593611,-35.40959444,148.953166,-35.414649,148.965557,-35.404539,1532808.72,-3970087.458,1533808.72,-3969087.458,2013,2013/1/11,,
ACT,SE of Tracking Station,29,148.9593611,-35.40959444,148.953166,-35.414649,148.965557,-35.404539,1532808.72,-3970087.458,1533808.72,-3969087.458,2025,2025/8/10,,(cloud)
ACT,SE of Tracking Station,29,148.9593611,-35.40959444,148.953166,-35.414649,148.965557,-35.404539,1532808.72,-3970087.458,1533808.72,-3969087.458,2022,2022/2/13,,(cloud and shade?
ACT,SE of Tracking Station,29,148.9593611,-35.40959444,148.953166,-35.414649,148.965557,-35.404539,1532808.72,-3970087.458,1533808.72,-3969087.458,2019,2019/3/9,,
ACT,SE of Tracking Station,29,148.9593611,-35.40959444,148.953166,-35.414649,148.965557,-35.404539,1532808.72,-3970087.458,1533808.72,-3969087.458,2018,2018/9/3,,(cloud)
ACT,SE of Tracking Station,29,148.9593611,-35.40959444,148.953166,-35.414649,148.965557,-35.404539,1532808.72,-3970087.458,1533808.72,-3969087.458,2017,2017/1/12,2,
ACT,SE of Tracking Station,29,148.9593611,-35.40959444,148.953166,-35.414649,148.965557,-35.404539,1532808.72,-3970087.458,1533808.72,-3969087.458,2016,2016/6/25,,
ACT,SE of Tracking Station,29,148.9593611,-35.40959444,148.953166,-35.414649,148.965557,-35.404539,1532808.72,-3970087.458,1533808.72,-3969087.458,2015,2015/2/10,,(cloud)
ACT,SE of Tracking Station,29,148.9593611,-35.40959444,148.953166,-35.414649,148.965557,-35.404539,1532808.72,-3970087.458,1533808.72,-3969087.458,2022,2022/2/2,,(cloud)
ACT,SE of Tracking Station,29,148.9593611,-35.40959444,148.953166,-35.414649,148.965557,-35.404539,1532808.72,-3970087.458,1533808.72,-3969087.458,2019,2019/1/15,,
ACT,SE of Tracking Station,29,148.9593611,-35.40959444,148.953166,-35.414649,148.965557,-35.404539,1532808.72,-3970087.458,1533808.72,-3969087.458,2018,2018/3/11,,
ACT,SE of Tracking Station,29,148.9593611,-35.40959444,148.953166,-35.414649,148.965557,-35.404539,1532808.72,-3970087.458,1533808.72,-3969087.458,2017,2017/1/11,,
ACT,SE of Tracking Station,29,148.9593611,-35.40959444,148.953166,-35.414649,148.965557,-35.404539,1532808.72,-3970087.458,1533808.72,-3969087.458,2016,2016/5/16,,
ACT,SE of Tracking Station,29,148.9593611,-35.40959444,148.953166,-35.414649,148.965557,-35.404539,1532808.72,-3970087.458,1533808.72,-3969087.458,2015,2015/2/9,,(cloud)
ACT,SE of Tracking Station,29,148.9593611,-35.40959444,148.953166,-35.414649,148.965557,-35.404539,1532808.72,-3970087.458,1533808.72,-3969087.458,2018,2018/3/10,,
ACT,SE of Tracking Station,29,148.9593611,-35.40959444,148.953166,-35.414649,148.965557,-35.404539,1532808.72,-3970087.458,1533808.72,-3969087.458,2017,2017/1/6,,(cloud)
ACT,SE of Tracking Station,29,148.9593611,-35.40959444,148.953166,-35.414649,148.965557,-35.404539,1532808.72,-3970087.458,1533808.72,-3969087.458,2016,2016/4/19,,
ACT,SE of Tracking Station,29,148.9593611,-35.40959444,148.953166,-35.414649,148.965557,-35.404539,1532808.72,-3970087.458,1533808.72,-3969087.458,2015,2015/1/14,,(cloud)
ACT,SE of Tracking Station,29,148.9593611,-35.40959444,148.953166,-35.414649,148.965557,-35.404539,1532808.72,-3970087.458,1533808.72,-3969087.458,2016,2016/4/13,,(cloud)
ACT,SE of Tracking Station,29,148.9593611,-35.40959444,148.953166,-35.414649,148.965557,-35.404539,1532808.72,-3970087.458,1533808.72,-3969087.458,2016,2016/4/12,2,cloud and shade?
ACT,SE of Tracking Station,29,148.9593611,-35.40959444,148.953166,-35.414649,148.965557,-35.404539,1532808.72,-3970087.458,1533808.72,-3969087.458,2016,2016/3/19,,
ACT,SE of Tracking Station,29,148.9593611,-35.40959444,148.953166,-35.414649,148.965557,-35.404539,1532808.72,-3970087.458,1533808.72,-3969087.458,2016,2016/2/23,,
ACT,SE of Tracking Station,29,148.9593611,-35.40959444,148.953166,-35.414649,148.965557,-35.404539,1532808.72,-3970087.458,1533808.72,-3969087.458,2016,2016/2/22,,
ACT,N of Old Naas Nature Reserve,30,149.0584917,-35.58676111,149.052283,-35.591821,149.064702,-35.581701,1539097.421,-3990790.624,1540097.421,-3989790.624,2026,2026/4/14,,
ACT,N of Old Naas Nature Reserve,30,149.0584917,-35.58676111,149.052283,-35.591821,149.064702,-35.581701,1539097.421,-3990790.624,1540097.421,-3989790.624,2025,2025/12/19,,
ACT,N of Old Naas Nature Reserve,30,149.0584917,-35.58676111,149.052283,-35.591821,149.064702,-35.581701,1539097.421,-3990790.624,1540097.421,-3989790.624,2024,2024/9/1,,
ACT,N of Old Naas Nature Reserve,30,149.0584917,-35.58676111,149.052283,-35.591821,149.064702,-35.581701,1539097.421,-3990790.624,1540097.421,-3989790.624,2023,2023/10/11,,
ACT,N of Old Naas Nature Reserve,30,149.0584917,-35.58676111,149.052283,-35.591821,149.064702,-35.581701,1539097.421,-3990790.624,1540097.421,-3989790.624,2022,2022/12/11,,
ACT,N of Old Naas Nature Reserve,30,149.0584917,-35.58676111,149.052283,-35.591821,149.064702,-35.581701,1539097.421,-3990790.624,1540097.421,-3989790.624,2021,2021/9/17,,
ACT,N of Old Naas Nature Reserve,30,149.0584917,-35.58676111,149.052283,-35.591821,149.064702,-35.581701,1539097.421,-3990790.624,1540097.421,-3989790.624,2020,2020/10/15,,
ACT,N of Old Naas Nature Reserve,30,149.0584917,-35.58676111,149.052283,-35.591821,149.064702,-35.581701,1539097.421,-3990790.624,1540097.421,-3989790.624,2019,2019/11/25,,
ACT,N of Old Naas Nature Reserve,30,149.0584917,-35.58676111,149.052283,-35.591821,149.064702,-35.581701,1539097.421,-3990790.624,1540097.421,-3989790.624,2018,2018/3/11,,
ACT,N of Old Naas Nature Reserve,30,149.0584917,-35.58676111,149.052283,-35.591821,149.064702,-35.581701,1539097.421,-3990790.624,1540097.421,-3989790.624,2017,2017/11/20,,
ACT,N of Old Naas Nature Reserve,30,149.0584917,-35.58676111,149.052283,-35.591821,149.064702,-35.581701,1539097.421,-3990790.624,1540097.421,-3989790.624,2016,2016/12/12,,
ACT,N of Old Naas Nature Reserve,30,149.0584917,-35.58676111,149.052283,-35.591821,149.064702,-35.581701,1539097.421,-3990790.624,1540097.421,-3989790.624,2015,2015/11/18,,
ACT,N of Old Naas Nature Reserve,30,149.0584917,-35.58676111,149.052283,-35.591821,149.064702,-35.581701,1539097.421,-3990790.624,1540097.421,-3989790.624,2014,2014/2/11,,
ACT,N of Old Naas Nature Reserve,30,149.0584917,-35.58676111,149.052283,-35.591821,149.064702,-35.581701,1539097.421,-3990790.624,1540097.421,-3989790.624,2013,2013/5/21,,
ACT,N of Old Naas Nature Reserve,30,149.0584917,-35.58676111,149.052283,-35.591821,149.064702,-35.581701,1539097.421,-3990790.624,1540097.421,-3989790.624,2012,2012/12/28,,
ACT,N of Old Naas Nature Reserve,30,149.0584917,-35.58676111,149.052283,-35.591821,149.064702,-35.581701,1539097.421,-3990790.624,1540097.421,-3989790.624,2026,2026/4/9,,(some cloud)
ACT,N of Old Naas Nature Reserve,30,149.0584917,-35.58676111,149.052283,-35.591821,149.064702,-35.581701,1539097.421,-3990790.624,1540097.421,-3989790.624,2025,2025/9/5,,
ACT,N of Old Naas Nature Reserve,30,149.0584917,-35.58676111,149.052283,-35.591821,149.064702,-35.581701,1539097.421,-3990790.624,1540097.421,-3989790.624,2024,2024/2/26,,(cloud)
ACT,N of Old Naas Nature Reserve,30,149.0584917,-35.58676111,149.052283,-35.591821,149.064702,-35.581701,1539097.421,-3990790.624,1540097.421,-3989790.624,2023,2023/8/26,,
ACT,N of Old Naas Nature Reserve,30,149.0584917,-35.58676111,149.052283,-35.591821,149.064702,-35.581701,1539097.421,-3990790.624,1540097.421,-3989790.624,2022,2022/12/10,,
ACT,N of Old Naas Nature Reserve,30,149.0584917,-35.58676111,149.052283,-35.591821,149.064702,-35.581701,1539097.421,-3990790.624,1540097.421,-3989790.624,2021,2021/2/15,,(shade?
ACT,N of Old Naas Nature Reserve,30,149.0584917,-35.58676111,149.052283,-35.591821,149.064702,-35.581701,1539097.421,-3990790.624,1540097.421,-3989790.624,2020,2020/10/8,,(cloud)
ACT,N of Old Naas Nature Reserve,30,149.0584917,-35.58676111,149.052283,-35.591821,149.064702,-35.581701,1539097.421,-3990790.624,1540097.421,-3989790.624,2019,2019/11/24,,(cloud)
ACT,N of Old Naas Nature Reserve,30,149.0584917,-35.58676111,149.052283,-35.591821,149.064702,-35.581701,1539097.421,-3990790.624,1540097.421,-3989790.624,2018,2018/3/10,,
ACT,N of Old Naas Nature Reserve,30,149.0584917,-35.58676111,149.052283,-35.591821,149.064702,-35.581701,1539097.421,-3990790.624,1540097.421,-3989790.624,2017,2017/5/16,,
ACT,N of Old Naas Nature Reserve,30,149.0584917,-35.58676111,149.052283,-35.591821,149.064702,-35.581701,1539097.421,-3990790.624,1540097.421,-3989790.624,2016,2016/12/11,,(some cloud)
ACT,N of Old Naas Nature Reserve,30,149.0584917,-35.58676111,149.052283,-35.591821,149.064702,-35.581701,1539097.421,-3990790.624,1540097.421,-3989790.624,2015,2015/2/23,,
ACT,N of Old Naas Nature Reserve,30,149.0584917,-35.58676111,149.052283,-35.591821,149.064702,-35.581701,1539097.421,-3990790.624,1540097.421,-3989790.624,2014,2014/2/10,,
ACT,N of Old Naas Nature Reserve,30,149.0584917,-35.58676111,149.052283,-35.591821,149.064702,-35.581701,1539097.421,-3990790.624,1540097.421,-3989790.624,2013,2013/1/11,,(cloud)
ACT,N of Old Naas Nature Reserve,30,149.0584917,-35.58676111,149.052283,-35.591821,149.064702,-35.581701,1539097.421,-3990790.624,1540097.421,-3989790.624,2012,2012/11/6,,
ACT,N of Old Naas Nature Reserve,30,149.0584917,-35.58676111,149.052283,-35.591821,149.064702,-35.581701,1539097.421,-3990790.624,1540097.421,-3989790.624,2026,2026/2/23,,
ACT,N of Old Naas Nature Reserve,30,149.0584917,-35.58676111,149.052283,-35.591821,149.064702,-35.581701,1539097.421,-3990790.624,1540097.421,-3989790.624,2025,2025/8/11,,
ACT,N of Old Naas Nature Reserve,30,149.0584917,-35.58676111,149.052283,-35.591821,149.064702,-35.581701,1539097.421,-3990790.624,1540097.421,-3989790.624,2024,2024/2/25,,
ACT,N of Old Naas Nature Reserve,30,149.0584917,-35.58676111,149.052283,-35.591821,149.064702,-35.581701,1539097.421,-3990790.624,1540097.421,-3989790.624,2023,2023/4/5,,
ACT,N of Old Naas Nature Reserve,30,149.0584917,-35.58676111,149.052283,-35.591821,149.064702,-35.581701,1539097.421,-3990790.624,1540097.421,-3989790.624,2022,2022/12/9,,
ACT,N of Old Naas Nature Reserve,30,149.0584917,-35.58676111,149.052283,-35.591821,149.064702,-35.581701,1539097.421,-3990790.624,1540097.421,-3989790.624,2021,2021/1/8,,(cloud)
ACT,N of Old Naas Nature Reserve,30,149.0584917,-35.58676111,149.052283,-35.591821,149.064702,-35.581701,1539097.421,-3990790.624,1540097.421,-3989790.624,2020,2020/2/24,,
ACT,N of Old Naas Nature Reserve,30,149.0584917,-35.58676111,149.052283,-35.591821,149.064702,-35.581701,1539097.421,-3990790.624,1540097.421,-3989790.624,2019,2019/11/17,,
ACT,N of Old Naas Nature Reserve,30,149.0584917,-35.58676111,149.052283,-35.591821,149.064702,-35.581701,1539097.421,-3990790.624,1540097.421,-3989790.624,2017,2017/1/12,,
ACT,N of Old Naas Nature Reserve,30,149.0584917,-35.58676111,149.052283,-35.591821,149.064702,-35.581701,1539097.421,-3990790.624,1540097.421,-3989790.624,2016,2016/8/15,,
ACT,N of Old Naas Nature Reserve,30,149.0584917,-35.58676111,149.052283,-35.591821,149.064702,-35.581701,1539097.421,-3990790.624,1540097.421,-3989790.624,2015,2015/2/22,,(cloud?)
ACT,N of Old Naas Nature Reserve,30,149.0584917,-35.58676111,149.052283,-35.591821,149.064702,-35.581701,1539097.421,-3990790.624,1540097.421,-3989790.624,2013,2013/1/4,,
ACT,N of Old Naas Nature Reserve,30,149.0584917,-35.58676111,149.052283,-35.591821,149.064702,-35.581701,1539097.421,-3990790.624,1540097.421,-3989790.624,2012,2012/11/6,,
ACT,N of Old Naas Nature Reserve,30,149.0584917,-35.58676111,149.052283,-35.591821,149.064702,-35.581701,1539097.421,-3990790.624,1540097.421,-3989790.624,2025,2025/8/10,,(cloud)
ACT,N of Old Naas Nature Reserve,30,149.0584917,-35.58676111,149.052283,-35.591821,149.064702,-35.581701,1539097.421,-3990790.624,1540097.421,-3989790.624,2024,2024/2/24,,
ACT,N of Old Naas Nature Reserve,30,149.0584917,-35.58676111,149.052283,-35.591821,149.064702,-35.581701,1539097.421,-3990790.624,1540097.421,-3989790.624,2022,2022/12/3,,
ACT,N of Old Naas Nature Reserve,30,149.0584917,-35.58676111,149.052283,-35.591821,149.064702,-35.581701,1539097.421,-3990790.624,1540097.421,-3989790.624,2020,2020/2/23,,(fog)
ACT,N of Old Naas Nature Reserve,30,149.0584917,-35.58676111,149.052283,-35.591821,149.064702,-35.581701,1539097.421,-3990790.624,1540097.421,-3989790.624,2019,2019/4/17,,
ACT,N of Old Naas Nature Reserve,30,149.0584917,-35.58676111,149.052283,-35.591821,149.064702,-35.581701,1539097.421,-3990790.624,1540097.421,-3989790.624,2016,2016/6/29,,
ACT,N of Old Naas Nature Reserve,30,149.0584917,-35.58676111,149.052283,-35.591821,149.064702,-35.581701,1539097.421,-3990790.624,1540097.421,-3989790.624,2015,2015/2/9,,(cloud)
ACT,N of Old Naas Nature Reserve,30,149.0584917,-35.58676111,149.052283,-35.591821,149.064702,-35.581701,1539097.421,-3990790.624,1540097.421,-3989790.624,2025,2025/8/4,,(cloud)
ACT,N of Old Naas Nature Reserve,30,149.0584917,-35.58676111,149.052283,-35.591821,149.064702,-35.581701,1539097.421,-3990790.624,1540097.421,-3989790.624,2024,2024/2/19,,(some shade?)
ACT,N of Old Naas Nature Reserve,30,149.0584917,-35.58676111,149.052283,-35.591821,149.064702,-35.581701,1539097.421,-3990790.624,1540097.421,-3989790.624,2022,2022/11/28,,
ACT,N of Old Naas Nature Reserve,30,149.0584917,-35.58676111,149.052283,-35.591821,149.064702,-35.581701,1539097.421,-3990790.624,1540097.421,-3989790.624,2019,2019/3/10,,(some cloud)
ACT,N of Old Naas Nature Reserve,30,149.0584917,-35.58676111,149.052283,-35.591821,149.064702,-35.581701,1539097.421,-3990790.624,1540097.421,-3989790.624,2016,2016/5/16,,
ACT,N of Old Naas Nature Reserve,30,149.0584917,-35.58676111,149.052283,-35.591821,149.064702,-35.581701,1539097.421,-3990790.624,1540097.421,-3989790.624,2015,2015/2/16,,
ACT,N of Old Naas Nature Reserve,30,149.0584917,-35.58676111,149.052283,-35.591821,149.064702,-35.581701,1539097.421,-3990790.624,1540097.421,-3989790.624,2024,2024/2/18,,(some cloud)
ACT,N of Old Naas Nature Reserve,30,149.0584917,-35.58676111,149.052283,-35.591821,149.064702,-35.581701,1539097.421,-3990790.624,1540097.421,-3989790.624,2022,2022/11/27,,(cloud and dark)
ACT,N of Old Naas Nature Reserve,30,149.0584917,-35.58676111,149.052283,-35.591821,149.064702,-35.581701,1539097.421,-3990790.624,1540097.421,-3989790.624,2019,2019/1/30,,
ACT,N of Old Naas Nature Reserve,30,149.0584917,-35.58676111,149.052283,-35.591821,149.064702,-35.581701,1539097.421,-3990790.624,1540097.421,-3989790.624,2016,2016/4/26,,
ACT,N of Old Naas Nature Reserve,30,149.0584917,-35.58676111,149.052283,-35.591821,149.064702,-35.581701,1539097.421,-3990790.624,1540097.421,-3989790.624,2022,2022/11/15,,(cloud)
ACT,N of Old Naas Nature Reserve,30,149.0584917,-35.58676111,149.052283,-35.591821,149.064702,-35.581701,1539097.421,-3990790.624,1540097.421,-3989790.624,2016,2016/4/25,,
ACT,N of Old Naas Nature Reserve,30,149.0584917,-35.58676111,149.052283,-35.591821,149.064702,-35.581701,1539097.421,-3990790.624,1540097.421,-3989790.624,2016,2016/3/19,,
ACT,N of Old Naas Nature Reserve,30,149.0584917,-35.58676111,149.052283,-35.591821,149.064702,-35.581701,1539097.421,-3990790.624,1540097.421,-3989790.624,2016,2016/2/22,,
ACT,N of Old Naas Nature Reserve,30,149.0584917,-35.58676111,149.052283,-35.591821,149.064702,-35.581701,1539097.421,-3990790.624,1540097.421,-3989790.624,2016,2016/2/21,,(cloud)
ACT,N of Old Naas Nature Reserve,30,149.0584917,-35.58676111,149.052283,-35.591821,149.064702,-35.581701,1539097.421,-3990790.624,1540097.421,-3989790.624,2016,2016/2/20,,(cloud)
